age,gender,height_cm,weight_kg,target_weight_kg,goal,activity_level,dietary_preference,sleep_hours,stress_score,workout_freq,bmr,tdee,target_calories,target_protein,target_carbs,target_fat
34,male,174.9,87.1,81.4,weight_loss,moderate,non_vegetarian,7.9,9,1,1798.8,2788.1,2392.6,193.4,255.1,66.5
27,female,161.4,83.0,77.4,weight_loss,sedentary,vegetarian,5.6,4,6,1542.0,1850.4,1381.5,178.6,80.4,38.4
25,female,166.8,58.4,67.1,muscle_gain,active,vegan,8.3,7,3,1340.9,2313.0,2625.8,116.9,375.5,72.9
32,female,149.6,43.3,47.0,muscle_gain,light,vegan,6.8,6,5,1047.1,1439.7,1759.5,91.5,238.4,48.9
19,female,165.2,53.1,38.4,weight_loss,active,vegetarian,7.4,10,3,1307.5,2255.5,1681.1,112.2,203.0,46.7
44,male,174.2,78.9,66.6,weight_loss,sedentary,non_vegetarian,8.5,2,4,1663.2,1995.8,1431.9,181.1,87.3,39.8
24,female,163.8,50.2,49.7,endurance,moderate,non_vegetarian,6.4,2,5,1244.5,1928.9,2152.9,83.5,304.0,67.0
23,male,173.7,69.6,75.3,muscle_gain,light,keto,9.0,9,2,1671.2,2297.9,2795.0,174.7,34.9,217.4
29,female,155.6,73.9,61.2,weight_loss,light,vegetarian,5.7,10,6,1405.2,1932.1,1379.7,156.7,102.1,38.3
32,female,149.3,48.1,57.3,muscle_gain,active,keto,7.7,3,3,1092.6,1884.8,2248.0,140.5,28.1,174.8
37,male,177.4,76.4,84.6,muscle_gain,very_active,vegan,7.5,6,2,1692.4,3215.5,3533.3,162.6,500.0,98.1
18,male,170.2,71.6,73.0,endurance,sedentary,vegetarian,6.1,7,5,1694.5,2033.4,2304.3,117.8,297.0,71.7
33,male,161.9,82.5,82.6,endurance,active,keto,8.9,1,6,1677.2,2893.2,3057.5,191.1,38.2,237.8
23,male,180.9,92.4,92.4,maintenance,moderate,vegetarian,6.1,1,6,1944.9,3014.6,3098.9,156.0,401.8,96.4
21,female,160.8,68.0,77.1,muscle_gain,very_active,vegetarian,7.7,10,2,1419.0,2696.0,3135.2,142.1,445.7,87.1
25,male,174.5,62.5,62.5,maintenance,light,vegetarian,7.2,2,3,1595.8,2194.3,2115.5,111.2,269.6,65.8
38,female,172.5,63.1,72.2,muscle_gain,sedentary,non_vegetarian,5.8,8,1,1358.4,1630.1,2039.7,144.1,238.3,56.7
33,male,170.8,83.1,88.0,muscle_gain,active,non_vegetarian,7.0,4,5,1738.3,2998.6,3503.1,187.9,469.0,97.3
29,male,188.5,41.3,41.3,maintenance,active,vegan,7.3,2,2,1451.5,2503.8,2565.5,71.5,390.3,79.8
30,male,173.6,79.3,69.2,weight_loss,moderate,vegetarian,6.3,2,6,1732.9,2686.0,2055.6,164.1,221.3,57.1
27,male,178.9,98.7,107.7,muscle_gain,sedentary,vegetarian,6.3,8,2,1974.8,2369.7,2677.4,199.5,302.5,74.4
21,male,172.0,90.8,92.0,endurance,light,keto,6.2,2,6,1883.1,2589.2,2816.7,176.0,35.2,219.1
24,female,166.6,65.2,65.2,maintenance,active,keto,7.1,1,6,1411.9,2435.4,2506.2,156.6,31.3,194.9
22,male,173.4,72.5,59.9,weight_loss,active,vegan,6.2,9,4,1703.7,2938.9,2331.8,147.4,289.8,64.8
32,male,178.1,78.1,78.0,endurance,light,vegan,5.8,9,1,1738.8,2390.8,2572.6,145.4,317.8,80.0
18,male,172.6,73.2,68.2,weight_loss,sedentary,non_vegetarian,6.2,7,1,1726.0,2071.2,1533.4,157.1,130.4,42.6
28,male,179.2,104.4,103.5,endurance,sedentary,keto,8.2,8,3,2029.3,2435.1,2648.9,165.6,33.1,206.0
32,female,162.5,41.0,40.2,endurance,light,non_vegetarian,7.5,9,1,1104.2,1518.3,1717.0,77.5,231.6,53.4
30,female,180.2,61.7,52.7,weight_loss,sedentary,keto,8.5,3,1,1432.4,1718.9,1229.9,76.9,15.4,95.7
29,male,166.7,94.0,101.7,muscle_gain,sedentary,vegetarian,5.9,10,2,1841.6,2209.9,2617.6,194.6,296.2,72.7
37,male,168.7,97.6,83.4,weight_loss,active,vegan,8.0,4,3,1850.9,3192.8,2579.6,201.2,282.4,71.7
35,female,178.3,52.1,57.3,muscle_gain,moderate,keto,8.1,2,1,1299.7,2014.6,2324.4,145.3,29.1,180.8
30,female,159.5,45.4,36.3,weight_loss,sedentary,non_vegetarian,6.7,2,2,1139.6,1367.6,1200.0,92.6,132.5,33.3
19,female,166.3,53.0,53.0,maintenance,light,keto,8.4,5,5,1313.1,1805.6,1889.5,118.1,23.6,147.0
22,male,173.4,89.4,89.4,maintenance,sedentary,non_vegetarian,8.6,9,2,1872.8,2247.3,2164.4,150.1,239.6,67.3
32,female,172.1,44.7,44.7,maintenance,very_active,non_vegetarian,6.2,5,5,1202.0,2283.9,2296.5,81.1,332.4,71.4
32,female,168.5,49.2,49.2,maintenance,sedentary,vegetarian,8.4,1,1,1223.5,1468.2,1410.1,88.1,165.6,43.9
35,female,165.1,67.0,75.2,muscle_gain,moderate,non_vegetarian,7.0,1,1,1365.8,2117.0,2492.6,145.1,322.3,69.2
23,male,177.9,82.1,90.9,muscle_gain,very_active,vegetarian,6.0,3,1,1822.6,3463.0,3731.3,178.5,521.2,103.6
48,female,166.3,49.7,49.7,maintenance,sedentary,vegan,6.4,2,3,1135.5,1362.6,1389.5,82.7,167.5,43.2
20,female,168.5,77.9,87.7,muscle_gain,light,non_vegetarian,8.6,1,2,1571.2,2160.4,2448.6,174.7,284.4,68.0
39,female,165.9,73.9,72.5,endurance,light,vegan,6.8,1,4,1419.5,1951.8,2274.2,133.8,275.4,70.8
27,male,170.0,65.5,70.6,muscle_gain,active,vegan,6.3,1,6,1587.8,2738.9,3013.3,146.6,418.4,83.7
29,male,178.7,81.9,83.4,endurance,moderate,vegan,6.5,9,4,1795.8,2783.5,3057.5,154.8,395.6,95.1
30,female,173.2,60.8,55.7,weight_loss,sedentary,vegan,6.4,2,5,1379.6,1655.5,1249.8,139.2,95.2,34.7
36,female,157.0,51.1,51.1,maintenance,moderate,keto,7.6,9,1,1151.7,1785.2,1811.0,113.2,22.6,140.9
27,female,168.0,69.7,77.7,muscle_gain,moderate,vegetarian,8.7,9,6,1450.8,2248.7,2593.0,139.4,346.9,72.0
21,male,163.9,71.7,71.7,maintenance,active,vegetarian,8.7,10,3,1641.7,2832.0,2904.8,135.1,387.7,90.4
32,male,166.0,80.4,80.4,maintenance,very_active,vegan,6.6,5,5,1687.0,3205.2,3242.3,144.7,438.9,100.9
21,male,177.2,78.8,86.5,muscle_gain,active,keto,8.7,10,5,1795.8,3097.8,3329.6,208.1,41.6,259.0
33,female,166.9,77.0,76.2,endurance,very_active,vegetarian,8.3,10,6,1487.3,2825.8,3121.4,128.1,433.8,97.1
18,female,156.4,70.2,70.9,endurance,active,keto,7.3,3,6,1428.5,2464.2,2705.3,169.1,33.8,210.4
35,male,206.8,86.0,86.0,maintenance,very_active,vegan,8.8,4,6,1982.6,3766.9,3895.2,140.0,561.1,121.2
39,female,167.6,60.2,63.4,muscle_gain,light,non_vegetarian,7.2,2,4,1293.4,1778.4,2176.9,124.8,283.3,60.5
22,female,161.3,58.2,64.0,muscle_gain,active,keto,6.0,1,1,1319.1,2275.5,2632.0,164.5,32.9,204.7
53,female,149.9,72.2,75.6,muscle_gain,light,keto,6.4,2,4,1233.4,1695.9,1947.0,121.7,24.3,151.4
25,male,184.7,78.9,80.7,endurance,very_active,vegan,7.6,9,4,1823.4,3464.5,3546.1,147.3,491.0,110.3
22,female,167.8,55.2,60.0,muscle_gain,active,keto,6.4,5,5,1329.8,2294.0,2661.1,166.3,33.3,207.0
30,female,158.4,89.7,93.2,muscle_gain,moderate,keto,6.5,5,3,1576.5,2443.6,2846.7,177.9,35.6,221.4
18,female,164.3,56.1,50.3,weight_loss,light,non_vegetarian,8.0,2,4,1336.5,1837.7,1371.9,123.9,133.4,38.1
22,female,162.2,70.1,70.1,maintenance,very_active,keto,7.0,4,4,1443.3,2742.3,2813.6,175.8,35.2,218.8
18,female,160.7,58.3,49.6,weight_loss,very_active,keto,8.8,5,4,1336.1,2538.6,1998.7,124.9,25.0,155.5
47,female,165.8,48.9,53.8,muscle_gain,active,non_vegetarian,6.9,7,6,1129.2,1947.8,2361.1,104.9,337.8,65.6
51,male,184.3,56.7,58.3,endurance,light,vegetarian,7.8,2,6,1468.9,2019.8,2187.5,100.8,292.9,68.1
42,female,158.0,69.3,72.7,muscle_gain,active,non_vegetarian,6.2,6,3,1310.0,2259.8,2670.5,146.5,354.2,74.2
20,female,162.6,40.0,40.0,maintenance,active,vegan,7.1,9,1,1006.2,1735.7,1682.3,74.0,228.9,52.3
27,female,154.3,83.6,91.9,muscle_gain,sedentary,vegetarian,6.2,1,5,1504.0,1804.9,2062.4,191.0,195.7,57.3
25,male,177.0,98.2,105.9,muscle_gain,light,keto,7.5,4,4,1968.3,2706.4,2924.8,182.8,36.6,227.5
41,female,163.1,52.2,52.2,maintenance,light,vegetarian,6.1,5,1,1175.4,1616.2,1638.6,95.7,199.2,51.0
31,male,171.2,79.0,79.0,maintenance,very_active,keto,6.9,4,1,1709.8,3248.5,3211.0,200.7,40.1,249.7
31,male,181.3,100.2,87.6,weight_loss,moderate,vegetarian,5.6,9,4,1985.1,3077.0,2481.3,217.4,247.9,68.9
51,female,149.3,62.2,59.0,weight_loss,very_active,vegan,7.2,7,3,1139.1,2164.4,1693.7,132.2,185.5,47.0
32,female,158.6,61.5,69.6,muscle_gain,active,non_vegetarian,6.4,9,4,1285.5,2217.5,2529.6,140.8,333.4,70.3
24,female,168.9,68.3,67.6,endurance,very_active,vegan,8.8,5,4,1457.8,2769.7,2908.0,114.3,409.1,90.5
38,male,178.5,89.4,88.7,endurance,very_active,keto,7.2,6,2,1824.2,3465.9,3735.2,233.4,46.7,290.5
21,female,159.1,73.0,78.4,muscle_gain,moderate,vegan,8.0,5,5,1457.9,2259.8,2657.6,165.3,333.0,73.8
29,male,176.9,95.9,103.9,muscle_gain,sedentary,non_vegetarian,8.2,8,6,1924.7,2309.7,2612.5,205.9,283.9,72.6
35,female,161.6,61.4,60.6,endurance,sedentary,vegetarian,6.4,10,3,1287.8,1545.3,1802.9,105.7,218.8,56.1
38,female,168.7,79.7,79.7,maintenance,active,vegan,7.1,5,3,1500.0,2587.5,2589.1,135.9,330.2,80.5
36,male,173.5,82.5,78.1,weight_loss,light,vegan,8.2,3,2,1734.9,2385.4,1878.1,178.3,173.8,52.2
30,male,180.8,66.5,68.4,endurance,moderate,vegan,6.5,6,2,1650.2,2557.8,2930.9,123.0,404.5,91.2
19,female,154.5,77.9,71.6,weight_loss,very_active,non_vegetarian,7.4,3,6,1488.6,2828.3,2383.6,178.6,268.3,66.2
36,female,167.4,63.9,55.3,weight_loss,sedentary,vegan,6.1,1,3,1343.8,1612.5,1200.0,136.2,88.9,33.3
30,female,158.3,75.7,66.8,weight_loss,sedentary,keto,7.5,1,2,1435.1,1722.2,1216.8,76.0,15.2,94.6
21,male,173.4,83.8,83.8,maintenance,sedentary,non_vegetarian,8.2,10,5,1821.7,2186.1,2149.1,137.1,249.6,66.9
21,male,177.9,81.4,80.6,endurance,active,keto,7.6,7,3,1826.5,3150.7,3299.7,206.2,41.2,256.6
25,male,177.9,57.7,51.5,weight_loss,light,non_vegetarian,6.3,9,1,1568.9,2157.2,1587.2,116.8,180.8,44.1
22,male,174.3,82.4,71.1,weight_loss,active,keto,7.1,1,2,1807.9,3118.5,2734.4,170.9,34.2,212.7
38,female,161.9,63.8,63.8,maintenance,active,vegetarian,8.7,10,6,1298.5,2239.9,2172.5,115.2,275.8,67.6
29,male,173.7,82.5,83.1,endurance,sedentary,non_vegetarian,8.4,2,1,1770.7,2124.9,2267.2,154.5,253.7,70.5
35,male,188.3,76.5,76.5,maintenance,very_active,vegan,7.1,5,6,1771.4,3365.7,3406.2,132.5,480.5,106.0
36,female,160.2,66.7,66.7,maintenance,very_active,keto,7.0,10,1,1327.1,2521.5,2522.4,157.7,31.5,196.2
30,female,157.6,64.3,64.3,maintenance,very_active,vegan,6.3,10,5,1316.9,2502.1,2539.4,103.4,353.7,79.0
44,male,183.7,108.1,108.1,maintenance,very_active,vegetarian,6.1,9,6,2014.4,3827.4,3739.3,197.7,475.4,116.3
38,female,164.3,90.3,90.3,maintenance,light,keto,7.7,8,1,1578.5,2170.5,2117.9,132.4,26.5,164.7
21,female,158.8,40.0,40.0,maintenance,active,vegan,5.9,3,3,1111.7,1917.6,1887.4,67.9,271.9,58.7
22,female,164.1,68.1,69.4,endurance,moderate,keto,7.4,8,1,1435.3,2224.8,2561.3,160.1,32.0,199.2
39,female,159.0,53.2,53.2,maintenance,moderate,vegetarian,6.9,9,1,1169.7,1813.0,1839.8,100.6,230.7,57.2
18,female,175.8,78.2,78.3,endurance,sedentary,non_vegetarian,7.2,8,1,1629.4,1955.3,2125.0,139.7,242.8,66.1
18,male,186.8,76.4,76.4,maintenance,very_active,non_vegetarian,7.0,8,1,1846.7,3508.7,3638.9,143.5,511.5,113.2
18,male,171.2,78.1,85.0,muscle_gain,light,vegan,5.8,2,4,1765.8,2427.9,2781.8,169.1,352.4,77.3
25,male,181.0,63.1,69.7,muscle_gain,active,vegan,8.4,8,2,1641.7,2831.9,3168.3,131.4,462.7,88.0
31,female,166.6,72.5,82.0,muscle_gain,active,non_vegetarian,8.6,2,3,1450.7,2502.4,2756.1,156.1,360.6,76.6
18,female,171.9,68.0,68.0,maintenance,very_active,vegan,6.5,5,5,1503.5,2856.7,2792.6,125.5,377.1,86.9
45,female,163.8,78.2,83.6,muscle_gain,active,keto,7.4,9,4,1419.3,2448.3,2804.0,175.2,35.1,218.1
50,female,175.3,61.0,61.0,maintenance,light,non_vegetarian,6.3,7,1,1294.7,1780.2,1832.1,108.1,221.7,57.0
36,female,172.6,52.4,54.4,endurance,active,keto,8.3,3,4,1261.8,2176.7,2425.6,151.6,30.3,188.7
40,male,161.9,61.4,70.5,muscle_gain,very_active,vegan,7.0,9,4,1431.4,2719.7,2881.9,138.9,401.4,80.1
27,male,181.7,99.0,102.5,muscle_gain,active,non_vegetarian,6.4,10,6,1996.2,3443.5,3801.9,221.2,491.7,105.6
46,female,153.3,43.6,29.2,weight_loss,moderate,keto,7.7,8,5,1003.0,1554.6,1200.0,75.0,15.0,93.3
33,male,175.7,49.1,34.1,weight_loss,light,vegan,7.0,2,6,1428.9,1964.8,1460.9,109.2,164.7,40.6
18,male,181.4,83.1,84.7,endurance,light,vegan,8.3,5,3,1879.8,2584.7,2706.2,134.1,353.0,84.2
24,female,155.6,63.2,63.3,endurance,light,non_vegetarian,8.3,3,2,1323.9,1820.3,2078.2,111.8,262.2,64.7
20,male,180.0,70.6,70.6,endurance,very_active,non_vegetarian,6.3,5,4,1736.0,3298.3,3415.1,125.3,489.5,106.2
28,female,155.8,57.4,46.3,weight_loss,active,vegan,7.0,6,5,1246.0,2149.4,1590.1,117.5,180.6,44.2
49,female,163.2,55.6,57.0,endurance,moderate,keto,6.2,7,4,1170.3,1814.0,2026.9,126.7,25.3,157.6
28,male,174.2,86.6,93.6,muscle_gain,active,vegan,6.5,7,3,1819.9,3139.4,3568.7,199.0,470.2,99.1
24,male,171.4,74.1,61.1,weight_loss,very_active,keto,8.7,4,5,1697.7,3225.6,2537.4,158.6,31.7,197.4
18,female,172.6,83.7,91.4,muscle_gain,light,vegan,7.8,3,6,1664.9,2289.3,2619.6,185.5,305.6,72.8
35,male,178.5,121.1,117.7,weight_loss,moderate,keto,6.8,3,1,2156.6,3342.7,2938.2,183.6,36.7,228.5
28,female,156.3,44.7,44.7,maintenance,active,non_vegetarian,8.3,6,5,1123.2,1937.5,1949.3,74.2,276.8,60.6
22,female,153.0,56.2,66.0,muscle_gain,moderate,keto,6.5,6,1,1247.9,1934.3,2210.2,138.1,27.6,171.9
46,female,169.2,63.9,50.6,weight_loss,light,non_vegetarian,8.9,9,3,1305.4,1794.9,1352.4,141.7,111.8,37.6
30,male,169.1,99.3,99.4,endurance,sedentary,vegan,7.9,5,5,1905.2,2286.2,2526.4,172.4,282.4,78.6
19,female,161.7,53.5,53.5,maintenance,sedentary,non_vegetarian,7.7,9,3,1289.3,1547.2,1483.0,93.2,173.8,46.1
39,male,191.3,58.4,47.6,weight_loss,active,vegan,5.7,1,3,1589.7,2742.2,2280.1,118.8,308.8,63.3
23,female,159.6,56.9,43.3,weight_loss,sedentary,non_vegetarian,7.1,9,4,1290.4,1548.4,1200.0,116.1,109.0,33.3
30,male,169.4,81.8,82.3,endurance,sedentary,keto,8.8,5,1,1731.3,2077.6,2274.1,142.1,28.4,176.9
27,female,156.6,57.1,66.8,muscle_gain,active,keto,8.5,2,6,1253.8,2162.9,2569.8,160.6,32.1,199.9
35,female,156.2,65.2,65.2,maintenance,sedentary,keto,6.5,2,4,1291.9,1550.3,1585.2,99.1,19.8,123.3
18,male,180.3,68.7,72.1,muscle_gain,very_active,vegetarian,9.0,10,2,1729.4,3285.9,3698.1,144.3,549.1,102.7
22,male,161.6,55.2,63.9,muscle_gain,very_active,non_vegetarian,8.2,10,1,1456.9,2768.1,3122.6,114.3,471.3,86.7
32,female,156.7,71.7,80.3,muscle_gain,light,vegan,8.5,3,1,1374.8,1890.4,2128.7,145.8,253.4,59.1
29,female,154.5,56.2,59.3,muscle_gain,very_active,vegan,5.9,7,5,1221.5,2320.9,2674.7,116.9,384.6,74.3
21,male,172.9,92.1,79.8,weight_loss,active,keto,7.3,2,4,1901.7,3280.4,2732.2,170.8,34.2,212.5
38,male,167.0,85.4,76.9,weight_loss,very_active,vegan,5.7,8,4,1712.7,3254.1,2873.2,195.5,343.2,79.8
18,female,157.4,70.9,67.0,weight_loss,active,keto,5.8,10,2,1442.1,2487.7,1975.6,123.5,24.7,153.7
33,male,171.2,79.2,84.9,muscle_gain,moderate,vegan,6.5,9,5,1701.9,2638.0,2974.0,172.6,385.0,82.6
41,female,164.8,68.1,59.9,weight_loss,sedentary,non_vegetarian,6.9,8,4,1344.4,1613.3,1200.0,154.3,70.8,33.3
25,female,160.0,68.7,61.9,weight_loss,moderate,keto,6.4,3,6,1401.2,2171.8,1650.7,103.2,20.6,128.4
32,female,177.5,74.5,70.4,weight_loss,sedentary,vegetarian,8.1,3,5,1533.1,1839.7,1326.6,151.2,97.6,36.8
42,male,172.7,49.5,49.5,maintenance,sedentary,keto,6.7,7,6,1369.3,1643.1,1593.4,99.6,19.9,123.9
18,male,173.2,78.3,78.3,maintenance,very_active,vegan,7.5,4,2,1780.0,3382.0,3552.1,133.5,505.9,110.5
33,female,161.5,74.0,82.9,muscle_gain,sedentary,vegan,8.2,10,2,1422.7,1707.2,1920.8,156.2,203.9,53.4
32,female,168.4,46.3,43.0,weight_loss,very_active,vegan,8.2,6,3,1194.0,2268.7,1829.4,96.4,246.7,50.8
33,male,172.7,86.9,90.4,muscle_gain,light,keto,8.1,1,1,1787.8,2458.3,2999.6,187.5,37.5,233.3
31,male,178.0,71.6,71.0,endurance,active,keto,6.8,6,5,1678.1,2894.7,3015.8,188.5,37.7,234.6
38,male,169.2,79.0,66.9,weight_loss,light,non_vegetarian,5.8,8,6,1662.2,2285.5,1760.0,159.2,170.8,48.9
34,female,165.3,76.5,76.2,endurance,very_active,keto,6.3,9,1,1466.9,2787.0,2941.3,183.8,36.8,228.8
27,female,156.1,58.7,59.4,endurance,sedentary,vegan,7.3,5,1,1266.6,1519.9,1739.4,104.4,208.7,54.1
37,male,168.6,90.2,88.2,endurance,very_active,vegetarian,6.2,3,3,1775.6,3373.7,3719.0,152.5,516.9,115.7
34,female,176.1,54.7,54.7,maintenance,sedentary,vegetarian,7.0,3,4,1317.0,1580.4,1521.4,95.7,178.2,47.3
18,male,188.0,87.2,87.2,maintenance,sedentary,keto,8.5,1,4,1961.4,2353.7,2349.8,146.9,29.4,182.8
32,male,167.0,112.2,112.5,endurance,sedentary,vegan,8.0,7,3,2011.1,2413.4,2623.5,198.8,273.5,81.6
31,male,181.8,84.7,83.4,endurance,sedentary,vegan,7.1,6,1,1833.6,2200.4,2416.5,159.6,275.3,75.2
22,female,166.3,86.6,76.5,weight_loss,light,keto,7.3,7,3,1634.2,2247.1,1817.6,113.6,22.7,141.4
45,female,159.4,52.1,55.6,muscle_gain,moderate,non_vegetarian,7.4,4,3,1131.6,1754.0,2096.1,114.1,279.0,58.2
30,female,170.7,43.7,47.7,muscle_gain,light,vegetarian,7.6,2,2,1192.5,1639.7,2081.0,90.0,300.2,57.8
28,female,160.0,51.9,52.6,endurance,very_active,keto,8.6,10,3,1217.6,2313.5,2388.7,149.3,29.9,185.8
38,female,163.5,48.5,54.8,muscle_gain,active,vegetarian,8.3,10,1,1156.2,1994.4,2253.3,106.2,316.3,62.6
26,female,174.7,60.9,52.5,weight_loss,moderate,keto,5.7,5,1,1409.6,2184.9,1608.9,100.6,20.1,125.1
27,male,173.8,40.2,40.0,endurance,active,vegetarian,7.8,6,5,1358.8,2343.9,2539.8,74.1,383.1,79.0
27,female,167.9,86.2,89.9,muscle_gain,sedentary,keto,8.6,6,6,1615.1,1938.1,2365.4,147.8,29.6,184.0
27,male,167.1,114.0,122.0,muscle_gain,sedentary,non_vegetarian,7.3,10,2,2054.9,2465.9,2820.9,261.9,266.9,78.4
30,female,162.8,66.4,66.4,maintenance,moderate,keto,6.9,6,6,1370.5,2124.2,2115.0,132.2,26.4,164.5
24,male,171.6,77.5,77.5,maintenance,sedentary,vegan,7.9,5,3,1733.1,2079.7,2045.8,126.2,242.2,63.6
22,male,176.9,74.4,74.4,maintenance,sedentary,non_vegetarian,6.6,7,2,1744.6,2093.5,2188.0,139.5,254.3,68.1
18,male,184.7,95.4,95.4,maintenance,very_active,keto,7.8,6,2,2024.0,3845.7,3606.4,225.4,45.1,280.5
26,male,173.0,58.3,56.4,endurance,very_active,vegan,8.8,6,4,1539.4,2924.8,3051.9,98.7,450.8,94.9
18,male,190.0,91.1,94.6,muscle_gain,light,non_vegetarian,5.9,9,6,2013.6,2768.7,3237.7,205.3,401.9,89.9
37,male,167.0,70.7,70.7,maintenance,very_active,non_vegetarian,6.0,3,6,1570.1,2983.2,3027.0,125.8,419.0,94.2
18,male,181.7,74.6,74.1,endurance,sedentary,keto,8.0,8,5,1797.0,2156.4,2329.9,145.6,29.1,181.2
37,female,166.1,59.7,58.9,endurance,light,non_vegetarian,7.1,4,3,1288.9,1772.2,2040.8,110.0,257.3,63.5
19,female,167.3,71.1,71.1,endurance,moderate,keto,7.0,3,2,1500.9,2326.3,2502.9,156.4,31.3,194.7
33,male,166.0,90.9,90.9,maintenance,sedentary,keto,8.6,9,1,1786.8,2144.2,2132.3,133.3,26.7,165.8
24,male,184.4,68.1,68.1,maintenance,sedentary,non_vegetarian,8.7,3,4,1718.8,2062.6,1975.5,114.5,241.0,61.5
18,male,180.8,60.1,69.6,muscle_gain,active,vegan,6.9,6,2,1646.0,2839.4,3357.3,127.7,501.7,93.3
18,female,174.9,66.5,63.2,weight_loss,moderate,non_vegetarian,8.4,6,2,1507.3,2336.3,1831.0,151.6,191.6,50.9
24,male,179.2,77.5,66.1,weight_loss,moderate,keto,6.0,8,4,1779.7,2758.5,2333.3,145.8,29.2,181.5
31,male,177.2,72.9,67.3,weight_loss,sedentary,vegan,8.8,10,5,1686.6,2023.9,1521.3,149.1,136.1,42.3
33,female,151.0,47.8,41.2,weight_loss,moderate,non_vegetarian,7.0,10,4,1096.1,1699.0,1225.8,96.3,133.6,34.0
31,male,174.5,78.3,67.7,weight_loss,active,vegetarian,8.0,5,4,1723.4,2972.8,2498.6,170.1,298.4,69.4
24,male,169.8,80.7,80.7,maintenance,light,keto,6.2,2,5,1753.5,2411.1,2340.3,146.3,29.3,182.0
34,female,151.1,76.3,68.6,weight_loss,very_active,vegetarian,7.7,6,3,1376.8,2615.8,2145.8,163.4,239.0,59.6
32,male,183.9,101.3,101.3,maintenance,sedentary,vegan,7.8,2,5,2007.3,2408.8,2482.1,169.4,277.4,77.2
18,female,154.0,56.5,63.3,muscle_gain,sedentary,vegan,6.1,8,6,1276.8,1532.1,1883.6,126.8,226.4,52.3
35,female,157.9,66.2,74.2,muscle_gain,light,vegetarian,5.6,4,1,1313.4,1805.9,2107.1,151.1,244.0,58.5
23,male,164.7,65.1,55.9,weight_loss,moderate,vegan,7.4,5,1,1570.4,2434.1,1855.7,149.5,198.6,51.5
20,male,184.4,64.7,64.7,maintenance,moderate,vegetarian,6.7,2,3,1704.8,2642.4,2851.1,120.3,392.9,88.7
34,female,164.3,53.7,53.1,endurance,active,keto,6.2,8,3,1232.8,2126.6,2375.5,148.5,29.7,184.8
24,female,163.9,94.7,86.5,weight_loss,active,vegetarian,6.1,5,3,1690.3,2915.8,2408.8,217.7,234.0,66.9
41,male,170.4,77.5,70.8,weight_loss,moderate,vegan,7.0,8,3,1639.9,2541.9,2150.4,169.0,234.3,59.7
23,female,175.7,72.5,66.2,weight_loss,moderate,keto,8.9,1,1,1547.0,2397.8,1865.8,116.6,23.3,145.1
36,female,169.8,71.5,71.5,maintenance,very_active,non_vegetarian,6.0,10,6,1434.9,2726.3,2597.9,134.8,332.9,80.8
22,female,161.3,63.1,57.3,weight_loss,light,vegetarian,6.8,10,1,1368.0,1881.0,1406.7,138.4,125.3,39.1
31,male,165.3,83.3,83.1,endurance,moderate,vegan,6.0,6,4,1716.5,2660.5,2912.9,135.2,389.2,90.6
35,female,170.6,74.0,74.0,maintenance,light,vegetarian,6.2,9,4,1470.1,2021.4,2049.2,119.0,249.7,63.8
29,male,162.7,84.0,84.0,maintenance,moderate,keto,6.3,10,3,1717.1,2661.5,2678.1,167.4,33.5,208.3
32,female,154.1,51.0,60.0,muscle_gain,sedentary,non_vegetarian,8.6,8,1,1152.2,1382.6,1787.3,108.9,226.3,49.6
29,female,167.8,64.3,64.3,maintenance,sedentary,vegan,8.5,3,3,1386.0,1663.2,1664.6,120.1,179.5,51.8
39,male,171.9,79.3,73.5,weight_loss,light,non_vegetarian,6.8,10,3,1677.7,2306.8,1781.7,170.4,163.6,49.5
25,female,160.8,66.7,70.2,muscle_gain,very_active,vegetarian,8.0,8,5,1385.9,2633.2,2940.3,141.4,409.9,81.7
42,female,156.7,61.8,60.3,endurance,very_active,vegetarian,5.8,8,6,1226.2,2329.8,2496.4,104.8,344.5,77.7
44,female,164.4,76.4,84.8,muscle_gain,very_active,non_vegetarian,7.3,1,1,1410.2,2679.3,2894.3,155.8,386.9,80.4
32,male,183.1,79.2,79.2,maintenance,light,non_vegetarian,8.0,6,5,1781.0,2448.9,2527.2,134.4,320.5,78.6
24,female,172.9,91.6,81.0,weight_loss,moderate,non_vegetarian,5.9,5,5,1715.3,2658.7,2135.2,198.3,202.1,59.3
25,male,187.6,100.1,104.3,muscle_gain,very_active,non_vegetarian,8.7,6,5,2053.8,3902.2,4185.5,219.0,565.7,116.3
25,male,173.7,59.2,44.8,weight_loss,sedentary,vegetarian,6.4,4,5,1557.7,1869.2,1331.5,132.1,117.5,37.0
19,female,157.6,63.6,52.9,weight_loss,active,vegan,6.4,7,3,1365.0,2354.6,1867.7,133.0,217.2,51.9
45,female,156.0,75.8,67.5,weight_loss,sedentary,non_vegetarian,6.2,10,2,1347.2,1616.6,1200.0,162.6,62.5,33.3
29,female,167.7,50.5,50.5,maintenance,moderate,keto,6.0,6,5,1247.5,1933.7,1955.9,122.2,24.4,152.1
31,male,179.9,82.0,82.0,maintenance,light,keto,5.9,8,2,1795.1,2468.3,2650.1,165.6,33.1,206.1
23,male,171.8,69.3,55.0,weight_loss,sedentary,vegan,7.0,3,3,1656.2,1987.5,1462.7,156.6,117.7,40.6
23,female,171.3,81.0,91.0,muscle_gain,light,keto,7.1,5,4,1605.2,2207.2,2513.4,157.1,31.4,195.5
21,male,179.8,70.3,55.7,weight_loss,active,keto,6.3,6,1,1726.3,2977.8,2524.8,157.8,31.6,196.4
32,male,163.9,99.7,99.7,maintenance,active,keto,6.5,1,1,1865.9,3218.6,3392.0,212.0,42.4,263.8
23,female,160.3,67.4,75.7,muscle_gain,moderate,vegan,6.9,10,5,1400.1,2170.1,2545.4,142.2,335.1,70.7
36,male,192.1,75.5,75.5,maintenance,very_active,vegan,7.3,9,3,1780.7,3383.4,3302.4,122.5,472.0,102.7
18,male,170.2,77.5,83.1,muscle_gain,sedentary,keto,9.0,9,3,1753.8,2104.6,2586.7,161.7,32.3,201.2
24,male,177.8,77.8,84.3,muscle_gain,very_active,keto,5.7,3,6,1773.9,3370.4,3853.0,240.8,48.2,299.7
55,female,159.3,58.1,56.7,endurance,very_active,keto,8.6,3,3,1140.8,2167.5,2441.7,152.6,30.5,189.9
36,female,175.9,71.0,78.2,muscle_gain,active,vegan,7.3,8,6,1468.6,2533.4,2852.3,152.8,382.1,79.2
35,female,170.8,73.8,73.1,endurance,sedentary,vegan,7.0,5,6,1469.7,1763.7,1993.5,120.5,238.4,62.0
40,male,185.4,97.4,98.3,endurance,moderate,non_vegetarian,6.1,10,4,1937.0,3002.3,3264.6,172.9,414.6,101.6
28,male,177.2,94.9,99.2,muscle_gain,sedentary,vegetarian,7.0,7,6,1921.2,2305.5,2590.4,202.4,283.2,72.0
33,male,172.9,78.4,79.9,endurance,very_active,keto,8.1,1,6,1704.4,3238.3,3570.1,223.1,44.6,277.7
31,male,176.4,59.0,69.0,muscle_gain,very_active,vegan,6.8,3,4,1541.9,2929.7,3353.1,126.5,502.3,93.1
36,female,178.1,60.3,60.3,maintenance,moderate,keto,6.2,4,3,1375.5,2132.0,2146.0,134.1,26.8,166.9
32,female,174.0,62.9,70.8,muscle_gain,moderate,vegan,7.2,8,3,1395.3,2162.8,2533.8,138.8,336.2,70.4
36,female,164.3,58.6,58.6,maintenance,sedentary,keto,8.6,7,3,1272.3,1526.8,1535.7,96.0,19.2,119.4
40,male,167.8,79.9,79.9,maintenance,sedentary,vegan,5.8,8,6,1652.3,1982.7,1941.1,150.7,198.7,60.4
41,female,152.3,57.3,58.6,endurance,light,non_vegetarian,7.5,5,2,1159.0,1593.7,1814.0,96.3,230.3,56.4
45,male,175.5,70.2,77.9,muscle_gain,light,vegetarian,7.7,1,1,1579.0,2171.1,2663.4,151.6,347.8,74.0
18,female,147.6,69.3,69.3,maintenance,active,vegetarian,6.0,9,2,1364.4,2353.5,2318.1,125.0,292.3,72.1
19,female,168.0,66.9,67.9,endurance,active,non_vegetarian,6.5,1,1,1463.0,2523.7,2677.6,112.8,369.2,83.3
18,male,183.0,87.1,73.5,weight_loss,light,keto,6.1,1,4,1929.7,2653.3,2146.9,134.2,26.8,167.0
48,female,155.5,45.7,48.8,muscle_gain,moderate,vegetarian,5.9,6,3,1027.9,1593.2,1902.9,99.2,257.5,52.9
29,female,164.7,61.1,60.2,endurance,light,keto,8.3,6,2,1334.4,1834.9,2056.4,128.5,25.7,159.9
18,female,173.1,63.0,63.0,maintenance,light,vegetarian,8.3,10,6,1461.1,2009.0,2076.3,114.7,259.0,64.6
33,male,179.7,86.0,94.8,muscle_gain,very_active,keto,7.3,2,4,1822.6,3462.9,3864.2,241.5,48.3,300.5
36,male,186.6,80.8,86.1,muscle_gain,light,keto,6.4,5,4,1799.0,2473.6,2883.6,180.2,36.0,224.3
29,male,187.5,68.5,67.7,endurance,moderate,vegan,5.5,6,6,1717.3,2661.8,3016.5,124.5,418.6,93.8
29,male,164.6,79.8,73.1,weight_loss,sedentary,keto,6.9,9,6,1686.4,2023.7,1492.5,93.3,18.7,116.1
38,female,158.4,58.6,48.2,weight_loss,moderate,vegan,6.0,3,4,1225.7,1899.8,1320.4,121.1,126.4,36.7
25,female,146.0,45.0,46.0,endurance,very_active,keto,8.3,4,2,1076.6,2045.6,2296.8,143.6,28.7,178.6
37,male,179.4,64.5,62.8,endurance,very_active,vegan,5.7,9,5,1585.9,3013.2,3208.6,114.1,463.5,99.8
29,male,166.7,99.0,108.0,muscle_gain,light,vegan,7.9,10,4,1892.6,2602.3,3030.0,211.1,356.9,84.2
27,male,176.2,80.9,79.4,endurance,sedentary,keto,7.0,10,1,1780.5,2136.6,2193.5,137.1,27.4,170.6
27,female,158.2,52.0,52.0,maintenance,sedentary,keto,6.4,1,6,1212.7,1455.3,1443.0,90.2,18.0,112.2
47,male,181.1,70.0,62.9,weight_loss,sedentary,keto,5.7,1,1,1602.1,1922.5,1446.9,90.4,18.1,112.5
43,female,169.5,64.7,59.5,weight_loss,moderate,keto,6.0,7,3,1330.4,2062.1,1531.7,95.7,19.1,119.1
36,female,165.8,74.7,73.0,endurance,active,keto,8.9,9,2,1442.4,2488.1,2739.3,171.2,34.2,213.1
40,female,159.3,79.8,70.5,weight_loss,light,keto,8.0,4,1,1432.4,1969.6,1478.3,92.4,18.5,115.0
50,male,170.5,102.3,102.3,maintenance,active,keto,7.4,4,2,1843.6,3180.2,3199.0,199.9,40.0,248.8
23,female,159.6,60.2,60.2,maintenance,light,vegan,8.6,2,1,1323.1,1819.3,1842.5,99.7,232.0,57.3
35,female,159.0,63.7,59.9,weight_loss,light,non_vegetarian,7.1,1,2,1294.7,1780.3,1362.5,138.8,116.8,37.8
47,male,179.5,78.5,78.7,endurance,active,non_vegetarian,8.2,3,5,1677.1,2893.1,3104.2,143.4,415.3,96.6
36,female,155.8,60.9,67.9,muscle_gain,very_active,vegan,8.4,4,3,1242.1,2360.0,2574.4,135.9,346.8,71.5
33,male,181.2,71.2,76.1,muscle_gain,active,vegan,7.6,3,6,1684.7,2906.1,3409.9,154.3,485.1,94.7
18,female,152.7,66.7,68.5,endurance,sedentary,vegan,8.3,6,6,1370.6,1644.7,1902.7,120.2,222.3,59.2
46,female,159.8,76.9,76.4,endurance,light,vegan,7.2,4,3,1377.1,1893.5,2091.1,140.4,235.9,65.1
28,male,183.1,87.1,89.0,endurance,sedentary,keto,7.5,3,4,1880.5,2256.6,2340.4,146.3,29.3,182.0
44,male,187.0,69.2,69.2,maintenance,light,vegan,8.7,6,1,1646.4,2263.8,2290.7,124.1,288.1,71.3
34,male,178.1,70.3,59.2,weight_loss,moderate,keto,7.6,2,2,1651.0,2559.0,2017.5,126.1,25.2,156.9
29,male,185.4,85.6,84.8,endurance,light,vegan,6.2,4,6,1874.7,2577.8,2746.9,160.3,334.0,85.5
37,male,153.2,94.1,93.7,endurance,light,non_vegetarian,6.6,5,4,1718.4,2362.8,2429.0,157.3,279.9,75.6
26,female,155.2,48.5,48.5,maintenance,moderate,vegan,8.6,8,1,1163.4,1803.3,1866.1,82.8,253.0,58.1
25,female,165.4,63.4,63.4,maintenance,light,vegan,5.7,4,6,1382.3,1900.6,1927.8,107.4,239.5,60.0
30,male,165.7,91.9,85.4,weight_loss,moderate,keto,6.2,4,4,1810.3,2806.0,2271.8,142.0,28.4,176.7
18,male,172.6,99.0,98.0,endurance,very_active,vegan,8.9,8,4,1983.7,3769.0,4070.3,182.8,549.9,126.6
26,male,173.2,73.5,73.5,maintenance,light,non_vegetarian,7.2,9,6,1692.5,2327.2,2472.2,133.5,311.5,76.9
33,male,179.4,92.4,80.2,weight_loss,sedentary,vegetarian,8.4,4,1,1885.7,2262.9,1775.5,196.2,136.8,49.3
27,male,174.4,77.0,69.5,weight_loss,light,keto,7.7,10,4,1730.2,2379.0,1876.9,117.3,23.5,146.0
37,female,163.4,72.8,69.7,weight_loss,sedentary,keto,7.4,5,5,1402.9,1683.5,1200.0,75.0,15.0,93.3
30,female,149.0,75.0,62.3,weight_loss,very_active,keto,8.7,2,1,1370.3,2603.5,2125.4,132.8,26.6,165.3
39,male,152.8,107.2,115.9,muscle_gain,light,vegan,6.9,6,4,1837.6,2526.6,2864.6,223.0,314.0,79.6
41,female,155.7,71.4,79.2,muscle_gain,light,vegan,7.8,1,1,1320.8,1816.1,2097.6,161.0,232.2,58.3
23,female,176.4,61.7,59.9,endurance,active,keto,5.5,3,1,1443.6,2490.2,2707.8,169.2,33.8,210.6
38,female,166.5,65.8,67.4,endurance,moderate,vegetarian,6.3,10,4,1347.5,2088.6,2313.7,123.4,293.0,72.0
54,female,162.6,66.4,52.6,weight_loss,sedentary,vegan,5.6,6,1,1249.4,1499.2,1200.0,144.0,81.1,33.3
41,male,185.5,86.9,92.0,muscle_gain,active,vegetarian,7.5,7,6,1828.8,3154.6,3384.5,188.5,446.1,94.0
46,female,155.0,67.6,67.6,endurance,light,vegetarian,5.7,7,2,1253.9,1724.1,1880.6,127.9,210.6,58.5
29,male,178.6,82.5,82.5,maintenance,very_active,keto,8.9,6,1,1801.4,3422.7,3466.0,216.6,43.3,269.6
46,female,166.2,61.1,60.5,endurance,active,non_vegetarian,7.0,10,6,1258.3,2170.6,2439.1,115.0,324.0,75.9
41,female,154.4,71.2,58.6,weight_loss,very_active,vegan,5.8,3,4,1310.7,2490.4,2032.3,157.6,223.4,56.5
27,male,187.0,75.9,74.3,endurance,moderate,vegan,6.6,6,3,1797.8,2786.6,2997.8,121.6,417.9,93.3
28,male,176.1,62.7,68.7,muscle_gain,sedentary,non_vegetarian,7.3,2,1,1592.3,1910.8,2163.1,135.9,269.6,60.1
45,male,169.2,64.1,64.1,maintenance,very_active,vegetarian,8.2,7,1,1478.9,2809.8,2628.3,114.0,359.0,81.8
23,female,153.7,83.7,84.6,endurance,active,vegetarian,9.0,4,5,1521.9,2625.3,2910.9,148.0,375.9,90.6
23,male,194.0,91.7,90.8,endurance,light,non_vegetarian,6.0,3,4,2020.1,2777.6,2948.6,154.1,376.7,91.7
18,female,179.0,47.3,48.4,endurance,moderate,keto,6.8,4,6,1341.2,2078.9,2166.4,135.4,27.1,168.5
40,female,180.1,80.6,84.5,muscle_gain,active,vegetarian,6.9,10,4,1570.6,2709.3,3111.0,161.4,422.0,86.4
35,female,169.0,73.1,74.4,endurance,moderate,keto,8.5,10,2,1451.2,2249.3,2470.0,154.4,30.9,192.1
31,female,162.6,55.0,55.0,maintenance,very_active,non_vegetarian,6.1,7,3,1249.5,2374.1,2354.1,95.9,327.9,73.2
18,female,162.3,52.1,51.4,endurance,very_active,non_vegetarian,8.3,6,1,1284.8,2441.2,2553.7,87.7,372.1,79.4
31,male,187.1,90.9,100.6,muscle_gain,very_active,vegetarian,8.0,8,3,1928.2,3663.5,3824.4,194.4,522.8,106.2
20,male,183.5,64.2,64.7,endurance,active,non_vegetarian,7.8,7,4,1694.5,2923.0,3101.9,107.4,451.0,96.5
35,male,168.3,79.5,79.8,endurance,very_active,keto,7.4,7,5,1676.3,3185.0,3249.6,203.1,40.6,252.7
23,male,178.6,55.7,55.7,maintenance,very_active,vegetarian,6.4,6,2,1563.0,2969.6,3008.9,90.9,450.7,93.6
29,male,180.4,81.1,79.5,endurance,moderate,keto,5.8,4,5,1799.0,2788.4,3110.7,194.4,38.9,241.9
31,male,172.6,79.7,79.6,endurance,moderate,keto,7.9,9,2,1725.7,2674.8,2921.6,182.6,36.5,227.2
30,female,163.3,55.6,49.1,weight_loss,active,vegetarian,5.8,3,3,1265.3,2182.6,1649.2,126.6,182.7,45.8
18,female,175.2,49.1,49.1,maintenance,active,non_vegetarian,6.7,2,4,1335.0,2302.9,2255.1,86.2,319.6,70.2
22,female,169.3,60.5,60.5,maintenance,sedentary,vegan,8.0,1,3,1391.5,1669.8,1732.3,97.6,214.2,53.9
23,male,178.2,66.3,73.2,muscle_gain,light,non_vegetarian,7.0,8,2,1667.0,2292.1,2812.2,139.2,388.1,78.1
18,female,165.2,71.6,77.4,muscle_gain,light,keto,8.1,4,4,1497.4,2058.9,2438.8,152.4,30.5,189.7
28,female,162.1,64.5,63.3,endurance,sedentary,non_vegetarian,8.3,2,5,1357.3,1628.8,1820.7,117.8,210.0,56.6
39,male,193.7,70.2,74.6,muscle_gain,moderate,vegan,7.8,8,5,1722.5,2669.8,2895.7,142.8,400.2,80.4
29,female,181.1,54.4,54.7,endurance,very_active,keto,6.7,8,5,1369.2,2601.4,2939.2,183.7,36.7,228.6
46,male,171.6,86.0,86.0,maintenance,very_active,vegetarian,6.6,4,3,1707.0,3243.3,3401.7,154.9,457.5,105.8
26,male,174.4,69.9,76.5,muscle_gain,moderate,non_vegetarian,6.0,7,4,1663.4,2578.2,2839.1,148.6,383.6,78.9
23,male,166.2,78.5,78.7,endurance,very_active,non_vegetarian,6.0,6,4,1713.6,3255.8,3376.0,137.1,470.6,105.0
32,male,163.6,82.6,82.6,maintenance,sedentary,keto,6.0,7,5,1693.5,2032.2,2083.1,130.2,26.0,162.0
18,female,165.6,78.7,79.5,endurance,active,keto,7.1,3,1,1571.4,2710.7,2805.1,175.3,35.1,218.2
46,male,179.4,68.1,73.0,muscle_gain,moderate,vegetarian,6.1,8,5,1577.2,2444.7,2790.1,147.2,376.0,77.5
35,female,163.5,70.5,64.3,weight_loss,very_active,vegetarian,9.0,9,1,1390.7,2642.4,2083.2,152.5,238.0,57.9
31,female,153.1,62.7,70.9,muscle_gain,active,vegetarian,6.4,1,4,1267.6,2186.5,2467.7,137.7,325.1,68.5
22,female,171.7,77.1,77.1,maintenance,sedentary,keto,8.5,2,2,1572.8,1887.3,1921.8,120.1,24.0,149.5
19,male,173.5,95.0,95.0,maintenance,very_active,keto,6.1,3,2,1944.0,3693.6,3709.3,231.8,46.4,288.5
53,male,179.1,80.7,71.3,weight_loss,very_active,vegan,6.1,5,3,1666.6,3166.5,2641.7,175.8,319.5,73.4
31,female,161.9,72.5,58.5,weight_loss,light,keto,9.0,3,6,1421.1,1953.9,1495.7,93.5,18.7,116.3
22,male,165.4,52.3,61.1,muscle_gain,light,vegan,7.9,8,2,1451.4,1995.6,2381.4,116.5,329.9,66.2
18,female,147.9,68.7,67.0,endurance,active,keto,8.3,2,4,1360.2,2346.3,2736.8,171.1,34.2,212.9
29,female,168.9,65.0,65.0,maintenance,active,keto,6.6,1,6,1399.3,2413.7,2406.6,150.4,30.1,187.2
39,male,173.7,81.7,82.9,endurance,moderate,vegetarian,8.9,4,4,1712.9,2655.0,2882.6,140.5,378.3,89.7
23,female,169.9,61.9,61.9,maintenance,moderate,vegan,6.0,8,3,1405.2,2178.0,2128.6,109.2,274.0,66.2
35,male,168.8,78.4,75.2,weight_loss,sedentary,keto,8.8,3,4,1669.0,2002.8,1502.4,93.9,18.8,116.9
40,female,166.3,63.7,48.8,weight_loss,active,non_vegetarian,8.6,5,2,1315.5,2269.3,1812.7,144.8,195.0,50.4
43,female,166.9,64.1,60.1,weight_loss,moderate,vegan,7.8,1,4,1308.4,2028.0,1467.9,141.0,134.2,40.8
19,female,160.9,56.7,64.6,muscle_gain,active,vegetarian,7.2,3,5,1316.3,2270.5,2605.8,113.4,375.2,72.4
30,male,180.2,77.0,77.8,endurance,sedentary,vegetarian,9.0,7,6,1751.6,2101.9,2335.5,142.1,278.2,72.7
30,male,160.2,64.8,64.3,endurance,sedentary,non_vegetarian,5.9,6,3,1504.7,1805.7,1997.0,117.9,241.6,62.1
18,female,167.2,82.4,89.9,muscle_gain,active,non_vegetarian,5.7,10,1,1617.7,2790.5,3255.3,181.5,428.9,90.4
27,male,187.9,80.1,80.6,endurance,moderate,non_vegetarian,6.9,8,2,1845.3,2860.3,3029.3,131.8,413.6,94.2
23,male,173.6,72.6,62.5,weight_loss,light,vegetarian,8.9,6,2,1700.5,2338.2,1847.6,153.6,192.9,51.3
31,male,176.0,84.1,84.1,maintenance,sedentary,non_vegetarian,7.6,10,3,1791.3,2149.6,2226.4,148.5,252.2,69.3
39,male,164.1,42.2,42.2,maintenance,light,non_vegetarian,6.5,1,2,1258.2,1730.0,1778.5,77.0,243.2,55.3
18,female,161.4,50.0,50.0,endurance,sedentary,non_vegetarian,7.3,1,3,1257.5,1509.0,1616.6,88.9,202.1,50.3
35,female,168.3,57.1,62.7,muscle_gain,active,keto,7.9,8,1,1286.8,2219.7,2370.0,148.1,29.6,184.3
24,male,179.1,57.3,51.7,weight_loss,sedentary,vegan,8.8,7,5,1577.5,1893.1,1400.7,130.5,132.2,38.9
29,female,167.1,65.4,63.7,endurance,active,keto,7.4,10,2,1392.4,2402.0,2526.0,157.9,31.6,196.5
41,female,161.9,63.7,54.6,weight_loss,moderate,vegetarian,8.3,9,3,1282.5,1987.9,1446.3,131.3,139.8,40.2
25,female,156.8,61.9,50.1,weight_loss,moderate,keto,8.5,1,2,1313.3,2035.6,1614.4,100.9,20.2,125.6
18,male,163.1,98.6,99.0,endurance,sedentary,keto,5.7,3,1,1920.3,2304.3,2488.6,155.5,31.1,193.6
23,male,184.3,69.5,76.0,muscle_gain,sedentary,non_vegetarian,7.3,5,2,1737.2,2084.7,2568.0,146.2,335.4,71.3
36,female,159.6,89.9,98.3,muscle_gain,moderate,vegetarian,8.3,5,5,1555.3,2410.7,2710.5,180.6,327.6,75.3
37,male,178.4,96.2,96.2,maintenance,very_active,vegetarian,7.3,1,4,1897.2,3604.7,3773.6,168.2,511.1,117.4
30,male,170.0,84.4,84.4,maintenance,light,vegan,8.6,2,2,1761.7,2422.4,2373.1,154.6,272.6,73.8
50,male,177.1,72.9,69.3,weight_loss,sedentary,non_vegetarian,8.7,3,1,1590.7,1908.8,1416.6,153.8,111.9,39.3
18,female,156.2,78.4,84.3,muscle_gain,moderate,non_vegetarian,6.4,2,5,1509.3,2339.4,2636.4,173.7,320.7,73.2
19,female,166.8,78.2,73.0,weight_loss,very_active,vegetarian,8.9,7,1,1568.5,2980.2,2533.7,175.3,299.7,70.4
39,female,157.7,46.9,46.9,maintenance,moderate,vegan,7.1,6,2,1099.0,1703.5,1780.2,76.3,244.1,55.4
26,female,161.2,79.9,79.9,maintenance,very_active,non_vegetarian,7.6,8,2,1516.2,2880.7,2928.8,139.0,388.2,91.1
34,male,193.3,69.0,72.2,muscle_gain,sedentary,keto,7.4,1,3,1733.2,2079.8,2497.4,156.1,31.2,194.2
30,male,178.1,99.4,98.2,endurance,moderate,vegetarian,7.0,1,2,1962.4,3041.7,3291.1,188.4,404.0,102.4
35,female,170.5,59.6,45.8,weight_loss,sedentary,non_vegetarian,8.0,6,4,1325.9,1591.1,1200.0,128.5,96.6,33.3
19,male,160.3,106.8,96.2,weight_loss,very_active,non_vegetarian,7.6,1,4,1979.6,3761.1,3153.2,226.2,365.0,87.6
27,male,173.8,82.3,91.3,muscle_gain,moderate,vegan,6.9,6,3,1779.2,2757.8,3183.8,187.5,409.6,88.4
38,female,158.9,62.0,62.0,maintenance,light,vegetarian,6.0,10,1,1262.2,1735.5,1750.2,116.8,198.1,54.5
27,male,188.9,84.9,76.3,weight_loss,light,keto,6.9,9,3,1899.1,2611.3,2157.8,134.9,27.0,167.8
36,male,185.4,80.5,79.6,endurance,moderate,keto,5.9,3,6,1789.0,2773.0,2857.3,178.6,35.7,222.2
33,female,158.4,57.7,52.9,weight_loss,light,vegan,8.9,7,5,1240.8,1706.1,1227.3,127.7,102.4,34.1
42,male,176.2,82.3,82.3,maintenance,moderate,non_vegetarian,6.9,8,5,1719.3,2664.9,2801.0,132.4,371.9,87.1
32,male,196.8,85.9,73.3,weight_loss,active,vegetarian,5.5,4,2,1934.3,3336.6,2686.8,175.4,328.5,74.6
37,male,179.0,96.1,96.4,endurance,moderate,vegetarian,8.3,1,1,1899.6,2944.4,3207.9,161.2,416.2,99.8
28,male,166.2,75.1,76.7,endurance,light,vegetarian,6.7,1,4,1654.5,2275.0,2411.8,138.8,295.4,75.0
24,male,180.7,101.4,110.2,muscle_gain,very_active,keto,6.9,1,4,2028.2,3853.6,4253.4,265.8,53.2,330.8
18,female,166.1,78.4,87.8,muscle_gain,moderate,non_vegetarian,7.1,3,1,1570.8,2434.7,2733.8,163.3,349.4,75.9
28,male,176.1,67.0,67.0,maintenance,active,keto,8.6,8,1,1635.8,2821.8,2876.7,179.8,36.0,223.7
28,male,179.4,65.6,65.6,maintenance,active,non_vegetarian,7.7,9,2,1641.7,2832.0,2794.8,113.2,390.0,86.9
37,male,173.0,102.2,102.4,endurance,moderate,keto,7.2,10,5,1923.1,2980.9,3142.7,196.4,39.3,244.4
32,female,169.5,47.0,45.1,endurance,moderate,non_vegetarian,5.6,5,1,1208.3,1872.9,1963.4,83.6,269.8,61.1
18,female,171.8,57.4,57.4,maintenance,very_active,non_vegetarian,5.9,4,3,1396.8,2653.9,2857.5,108.6,405.8,88.9
24,male,177.5,99.6,105.1,muscle_gain,very_active,keto,8.4,3,2,1990.1,3781.2,4379.9,273.7,54.7,340.7
50,male,185.7,92.3,92.3,maintenance,moderate,vegetarian,6.7,10,5,1838.8,2850.1,2900.8,167.2,355.0,90.2
37,male,171.6,66.5,70.7,muscle_gain,active,vegan,5.7,10,2,1557.9,2687.4,3037.1,133.8,435.6,84.4
28,male,172.4,87.7,89.4,endurance,sedentary,vegan,6.0,3,3,1819.8,2183.8,2452.1,145.6,295.8,76.3
30,male,187.8,62.0,49.7,weight_loss,light,non_vegetarian,8.5,2,3,1649.0,2267.4,1757.2,139.7,189.8,48.8
22,female,149.9,63.0,56.1,weight_loss,moderate,vegan,8.1,7,6,1296.2,2009.1,1503.5,144.4,137.4,41.8
45,female,167.4,51.7,51.7,maintenance,light,vegan,7.6,3,4,1177.4,1619.0,1709.0,86.2,221.4,53.2
42,female,167.1,61.3,61.3,maintenance,light,non_vegetarian,8.8,10,4,1286.0,1768.3,1717.4,111.5,197.7,53.4
26,male,184.7,104.4,113.8,muscle_gain,very_active,vegan,6.3,10,1,2073.3,3939.2,4487.8,239.1,602.3,124.7
25,female,155.2,65.7,70.4,muscle_gain,moderate,vegetarian,6.1,2,6,1340.7,2078.0,2299.2,150.8,280.2,63.9
33,female,162.0,58.4,57.2,endurance,sedentary,vegan,6.7,2,6,1270.4,1524.4,1641.9,105.6,189.9,51.1
35,male,171.7,61.6,49.8,weight_loss,active,keto,8.9,7,4,1519.6,2621.3,1938.5,121.2,24.2,150.8
29,female,175.4,83.9,83.9,maintenance,very_active,keto,5.9,8,5,1629.6,3096.3,3053.9,190.9,38.2,237.5
23,male,179.8,64.0,72.6,muscle_gain,active,vegetarian,5.6,5,1,1653.7,2852.6,3231.6,128.6,477.2,89.8
37,male,185.8,76.6,76.6,maintenance,light,keto,6.1,2,5,1747.3,2402.6,2387.9,149.2,29.8,185.7
21,male,169.4,74.8,74.8,maintenance,very_active,keto,8.0,7,6,1706.9,3243.2,3278.9,204.9,41.0,255.0
39,male,169.6,98.9,97.3,endurance,light,vegetarian,6.2,9,6,1858.8,2555.9,2733.5,164.3,327.8,85.0
29,female,157.8,40.0,40.0,maintenance,moderate,non_vegetarian,6.9,9,4,1029.2,1595.2,1637.5,65.2,229.7,50.9
37,male,173.7,78.9,70.8,weight_loss,moderate,vegetarian,7.8,10,4,1695.3,2627.7,2160.7,164.8,240.4,60.0
18,male,171.8,89.1,84.1,weight_loss,sedentary,non_vegetarian,5.8,2,3,1879.7,2255.7,1689.6,186.0,130.9,46.9
32,female,153.5,69.6,68.0,endurance,active,vegan,6.1,7,3,1334.4,2301.8,2499.1,122.7,327.2,77.7
18,male,185.3,67.7,67.5,endurance,sedentary,vegan,8.4,10,1,1750.4,2100.5,2244.6,113.7,290.4,69.8
32,male,185.2,63.8,51.1,weight_loss,sedentary,vegan,8.1,4,5,1640.2,1968.3,1471.0,135.5,140.2,40.9
34,male,181.5,80.5,82.4,endurance,very_active,keto,7.9,8,5,1774.4,3371.3,3532.0,220.8,44.2,274.7
21,male,176.7,63.0,62.6,endurance,moderate,vegetarian,5.6,10,5,1634.2,2533.0,2493.5,116.9,331.9,77.6
34,male,183.2,44.9,30.5,weight_loss,active,non_vegetarian,6.2,4,2,1429.4,2465.7,1906.1,92.1,265.4,52.9
36,male,192.5,78.3,77.1,endurance,sedentary,keto,8.4,3,5,1810.8,2172.9,2321.1,145.1,29.0,180.5
28,female,172.6,56.2,56.2,maintenance,sedentary,vegetarian,6.9,6,3,1340.4,1608.5,1569.9,96.5,186.2,48.8
25,female,156.3,65.5,61.1,weight_loss,very_active,keto,6.0,10,5,1345.8,2556.9,2157.2,134.8,27.0,167.8
33,male,174.0,73.9,61.5,weight_loss,very_active,vegetarian,8.6,7,3,1666.5,3166.4,2541.4,167.0,309.5,70.6
38,female,162.5,61.8,59.9,endurance,very_active,keto,6.5,3,5,1282.7,2437.1,2889.7,180.6,36.1,224.8
32,female,157.7,58.9,47.6,weight_loss,active,vegan,7.2,5,3,1253.7,2162.6,1719.9,118.7,203.7,47.8
31,male,164.5,90.9,90.9,maintenance,moderate,vegan,7.2,2,2,1786.8,2769.5,2714.0,153.1,335.5,84.4
48,male,184.6,71.7,71.7,maintenance,active,vegan,7.0,2,2,1636.4,2822.8,2931.2,120.5,407.1,91.2
30,female,169.0,69.8,78.1,muscle_gain,active,keto,8.5,1,5,1443.2,2489.6,2767.5,173.0,34.6,215.2
23,male,184.2,73.3,68.7,weight_loss,moderate,keto,8.5,10,1,1774.6,2750.7,2223.4,139.0,27.8,172.9
20,male,179.4,106.9,111.6,muscle_gain,light,vegetarian,8.7,4,3,2094.9,2880.5,3127.1,228.4,357.9,86.9
30,female,172.9,63.0,63.5,endurance,very_active,keto,5.9,1,2,1400.0,2660.0,2898.8,181.2,36.2,225.5
19,female,166.0,61.8,60.5,endurance,very_active,keto,8.5,10,5,1399.0,2658.2,2942.7,183.9,36.8,228.9
41,female,181.1,71.0,71.0,maintenance,light,vegan,7.9,5,1,1475.6,2028.9,2048.8,129.6,239.3,63.7
31,female,160.5,68.1,54.8,weight_loss,light,non_vegetarian,7.9,5,6,1367.9,1880.9,1368.6,149.4,107.2,38.0
31,female,172.2,51.9,38.0,weight_loss,sedentary,keto,7.8,10,1,1279.6,1535.5,1200.0,75.0,15.0,93.3
43,male,175.1,48.3,48.3,maintenance,very_active,vegan,8.0,5,4,1367.0,2597.4,2550.0,87.6,371.5,79.3
42,female,162.8,52.0,52.0,maintenance,active,vegan,6.6,9,5,1166.8,2012.8,1982.3,86.6,270.1,61.7
38,female,166.8,61.1,51.4,weight_loss,sedentary,vegan,6.5,2,4,1303.0,1563.6,1200.0,133.1,92.0,33.3
26,male,168.6,100.6,100.6,maintenance,moderate,vegan,6.4,5,2,1935.0,2999.3,2970.3,187.0,347.7,92.4
42,male,188.2,92.0,99.6,muscle_gain,sedentary,keto,7.9,1,6,1890.8,2269.0,2585.1,161.6,32.3,201.1
34,female,162.8,53.2,53.2,maintenance,moderate,keto,6.9,1,5,1218.2,1888.3,1906.7,119.2,23.8,148.3
18,male,185.5,71.5,71.5,maintenance,light,keto,8.7,6,5,1789.3,2460.3,2475.2,154.7,30.9,192.5
32,female,161.2,71.0,76.1,muscle_gain,very_active,non_vegetarian,8.1,9,2,1396.8,2654.0,2961.2,152.0,403.1,82.3
38,female,153.6,65.5,59.8,weight_loss,light,vegan,7.0,6,3,1264.0,1738.0,1310.1,148.1,97.5,36.4
19,female,158.3,70.2,70.2,maintenance,active,vegetarian,8.5,10,5,1434.8,2475.0,2488.3,122.2,325.7,77.4
33,male,179.9,86.9,88.4,endurance,light,vegetarian,6.5,1,2,1833.3,2520.8,2811.4,149.0,357.0,87.5
34,male,174.1,87.4,97.3,muscle_gain,moderate,keto,8.6,8,2,1797.1,2785.5,3314.2,207.1,41.4,257.8
28,female,156.2,77.3,82.6,muscle_gain,sedentary,keto,9.0,6,6,1448.0,1737.6,2080.0,130.0,26.0,161.8
18,male,182.8,70.5,65.0,weight_loss,active,vegan,7.5,3,4,1762.4,3040.2,2533.3,157.4,317.5,70.4
33,male,177.5,87.9,95.3,muscle_gain,very_active,keto,6.9,8,4,1828.8,3474.8,3774.8,235.9,47.2,293.6
35,male,173.9,88.3,76.5,weight_loss,very_active,non_vegetarian,8.6,9,2,1800.5,3420.9,2974.8,201.8,356.1,82.6
20,male,184.7,70.5,59.2,weight_loss,light,non_vegetarian,6.0,7,5,1764.3,2425.9,1972.5,148.3,221.5,54.8
33,female,175.9,61.3,66.4,muscle_gain,sedentary,vegetarian,8.0,10,5,1386.4,1663.6,1992.5,127.9,245.8,55.3
29,female,160.9,73.6,75.6,endurance,light,vegan,8.1,3,4,1435.5,1973.8,2068.4,128.6,243.6,64.4
19,male,167.5,91.3,95.8,muscle_gain,light,non_vegetarian,7.3,2,3,1869.7,2570.8,3070.7,183.2,392.5,85.3
28,male,174.6,79.0,79.4,endurance,moderate,vegetarian,5.9,1,1,1746.4,2706.9,3008.2,127.5,413.9,93.6
20,male,177.9,91.7,90.2,endurance,active,keto,6.4,3,2,1933.4,3335.2,3588.3,224.3,44.9,279.1
31,male,184.0,40.2,40.2,maintenance,active,vegetarian,6.4,10,6,1401.6,2417.8,2466.9,72.3,371.9,76.7
23,male,161.4,85.2,84.3,endurance,sedentary,vegetarian,7.2,10,2,1750.0,2100.0,2394.8,156.4,274.7,74.5
28,female,169.7,83.3,88.4,muscle_gain,moderate,keto,5.6,8,2,1592.9,2469.0,2930.2,183.1,36.6,227.9
46,female,168.2,64.9,64.9,maintenance,light,vegetarian,5.8,2,5,1309.3,1800.2,1713.7,104.1,204.4,53.3
27,female,157.1,90.1,98.2,muscle_gain,sedentary,vegetarian,6.4,4,4,1586.4,1903.6,2241.8,182.9,237.4,62.3
31,female,166.9,64.5,64.5,maintenance,active,vegetarian,6.1,1,3,1372.1,2366.9,2487.2,105.1,342.5,77.4
23,female,164.4,55.1,55.1,maintenance,active,vegetarian,8.2,1,1,1302.2,2246.2,2157.3,89.7,298.7,67.1
23,male,175.7,72.0,81.3,muscle_gain,moderate,vegan,6.4,2,3,1708.0,2647.5,2935.2,164.6,385.8,81.5
18,female,162.4,45.9,51.7,muscle_gain,sedentary,keto,7.1,7,6,1223.5,1468.3,1859.7,116.2,23.2,144.6
30,female,152.8,60.3,58.8,endurance,light,vegetarian,8.9,3,1,1246.9,1714.5,1871.3,109.6,227.3,58.2
33,female,172.4,41.5,40.2,endurance,very_active,keto,6.8,6,5,1166.4,2216.1,2424.4,151.5,30.3,188.6
28,male,181.4,81.0,84.8,muscle_gain,active,keto,6.9,1,1,1808.4,3119.5,3391.2,211.9,42.4,263.8
26,female,157.4,76.9,76.9,maintenance,sedentary,non_vegetarian,7.8,6,5,1462.0,1754.5,1755.6,145.6,170.4,54.6
49,male,175.5,68.1,67.5,endurance,light,keto,7.9,7,2,1537.8,2114.5,2209.4,138.1,27.6,171.8
18,male,163.3,81.7,68.5,weight_loss,light,keto,8.5,2,4,1753.2,2410.6,1939.8,121.2,24.2,150.9
18,female,169.3,58.2,61.6,muscle_gain,moderate,vegan,7.8,7,2,1388.9,2152.9,2513.9,120.3,351.1,69.8
46,male,183.2,74.2,72.6,endurance,active,keto,7.2,6,1,1662.2,2867.4,2985.4,186.6,37.3,232.2
18,female,158.0,61.5,53.6,weight_loss,sedentary,keto,7.4,1,1,1351.0,1621.1,1200.0,75.0,15.0,93.3
28,female,163.5,61.3,66.8,muscle_gain,active,vegan,6.3,8,3,1334.1,2301.4,2599.7,123.6,363.9,72.2
31,female,166.1,50.9,50.9,maintenance,active,vegetarian,7.8,1,3,1231.2,2123.9,2213.8,82.9,315.5,68.9
29,female,163.1,72.5,72.5,maintenance,very_active,vegan,5.7,3,4,1438.6,2733.3,2752.4,131.3,364.2,85.6
39,male,178.3,69.4,69.8,endurance,sedentary,vegan,8.8,7,2,1618.6,1942.3,2165.6,114.9,274.9,67.4
18,female,163.8,63.6,71.9,muscle_gain,moderate,vegetarian,7.7,10,1,1408.5,2183.2,2517.4,128.1,344.0,69.9
28,female,149.8,57.4,59.3,endurance,very_active,non_vegetarian,8.1,9,4,1209.6,2298.2,2505.1,91.9,359.1,77.9
31,female,155.8,79.2,87.3,muscle_gain,very_active,non_vegetarian,6.9,10,5,1449.7,2754.4,3023.7,161.5,405.4,84.0
39,female,166.0,56.2,55.3,endurance,active,non_vegetarian,8.9,8,2,1243.9,2145.7,2470.6,106.2,338.4,76.9
18,male,183.4,92.0,93.4,endurance,very_active,vegan,6.6,9,6,1981.0,3764.0,3884.2,162.3,537.0,120.8
43,male,174.0,82.0,89.8,muscle_gain,light,vegan,6.0,3,5,1697.9,2334.6,2705.6,186.7,320.5,75.2
28,female,168.7,73.5,63.5,weight_loss,moderate,keto,8.8,7,6,1488.4,2307.1,1712.3,107.0,21.4,133.2
43,female,151.4,76.4,74.5,endurance,sedentary,vegetarian,7.8,4,3,1333.9,1600.7,1861.6,125.6,209.5,57.9
19,male,172.7,62.5,62.5,maintenance,moderate,non_vegetarian,7.9,5,2,1614.7,2502.7,2486.6,115.7,331.8,77.4
26,male,182.2,96.3,96.3,maintenance,active,vegetarian,7.9,9,2,1977.4,3411.1,3553.9,171.9,467.7,110.6
24,female,161.5,43.8,51.7,muscle_gain,very_active,vegan,6.8,7,6,1166.6,2216.5,2504.5,88.2,381.3,69.6
39,female,174.3,49.2,43.8,weight_loss,sedentary,vegan,8.5,8,2,1225.3,1470.4,1200.0,111.2,113.9,33.3
29,female,165.0,54.3,60.4,muscle_gain,light,vegan,5.8,3,6,1267.9,1743.3,2119.9,124.6,272.9,58.9
25,male,175.9,85.6,84.7,endurance,sedentary,keto,6.4,3,5,1835.8,2202.9,2403.4,150.2,30.0,186.9
25,female,162.2,62.9,51.4,weight_loss,moderate,keto,6.0,3,3,1357.4,2103.9,1586.1,99.1,19.8,123.4
27,male,188.8,85.9,85.9,maintenance,active,vegan,8.0,9,2,1908.5,3292.1,3262.9,139.3,448.0,101.5
36,male,173.3,94.4,86.4,weight_loss,very_active,non_vegetarian,5.8,4,2,1852.5,3519.8,3053.3,204.0,368.5,84.8
28,female,166.1,45.1,45.1,maintenance,moderate,vegan,8.1,9,4,1188.8,1842.7,1780.4,75.1,245.4,55.4
18,male,177.1,102.3,96.4,weight_loss,moderate,keto,7.7,10,2,2044.7,3169.3,2848.0,178.0,35.6,221.5
36,male,180.0,52.8,52.8,maintenance,active,vegetarian,7.4,5,1,1477.9,2549.4,2507.9,90.6,360.9,78.0
22,female,158.7,62.0,61.2,endurance,active,vegetarian,6.6,2,1,1340.4,2312.2,2476.6,111.3,334.6,77.0
18,male,182.0,63.0,52.0,weight_loss,sedentary,non_vegetarian,8.5,7,1,1682.2,2018.7,1529.6,140.6,146.2,42.5
50,male,168.6,42.6,40.7,endurance,sedentary,non_vegetarian,5.6,2,1,1234.8,1481.7,1667.3,77.3,222.8,51.9
41,male,191.7,60.8,60.8,maintenance,very_active,vegetarian,6.3,5,4,1605.8,3051.0,3096.4,107.8,449.6,96.3
25,female,162.3,95.7,95.0,endurance,active,keto,6.9,2,5,1685.4,2907.4,2967.3,185.5,37.1,230.8
32,male,179.7,93.2,81.8,weight_loss,very_active,vegetarian,8.7,2,3,1900.4,3610.8,3119.9,188.4,396.5,86.7
33,female,160.3,67.2,59.6,weight_loss,moderate,keto,8.4,1,4,1347.9,2089.3,1572.9,98.3,19.7,122.3
36,male,173.0,83.3,91.9,muscle_gain,light,keto,8.5,5,6,1739.3,2391.6,2739.1,171.2,34.2,213.0
41,male,175.6,53.2,53.2,maintenance,moderate,vegetarian,7.4,2,1,1429.2,2215.3,2299.1,94.0,319.9,71.5
20,male,170.8,69.7,68.9,endurance,very_active,vegetarian,8.7,6,2,1668.9,3170.9,3509.9,127.2,504.6,109.2
18,female,185.0,76.7,81.2,muscle_gain,light,non_vegetarian,6.2,3,6,1671.8,2298.7,2666.4,172.6,327.3,74.1
29,male,178.3,85.3,84.5,endurance,very_active,vegetarian,5.8,10,4,1827.2,3471.7,3742.8,138.2,535.6,116.4
35,female,163.6,61.6,61.6,maintenance,light,non_vegetarian,7.7,4,3,1303.0,1791.6,1783.5,100.4,220.6,55.5
28,female,170.9,71.1,71.9,endurance,moderate,vegan,7.5,6,4,1478.6,2291.8,2272.0,117.0,291.9,70.7
36,male,177.6,77.7,65.3,weight_loss,moderate,non_vegetarian,7.7,5,3,1712.1,2653.8,2128.7,172.0,227.2,59.1
41,male,183.6,67.2,67.2,maintenance,active,keto,7.1,5,4,1619.2,2793.1,2827.2,176.7,35.3,219.9
20,male,165.0,69.2,78.1,muscle_gain,very_active,vegetarian,6.0,9,2,1628.3,3093.7,3532.8,156.2,506.3,98.1
39,female,166.6,72.7,59.5,weight_loss,sedentary,vegetarian,8.3,10,4,1412.2,1694.7,1213.2,159.2,68.3,33.7
23,male,179.5,89.2,79.7,weight_loss,very_active,vegan,7.2,3,3,1903.7,3616.9,3187.5,205.1,392.6,88.5
41,female,168.0,68.2,72.1,muscle_gain,very_active,vegan,5.8,6,5,1365.9,2595.2,3039.8,146.7,423.4,84.4
29,male,168.9,75.7,84.0,muscle_gain,very_active,non_vegetarian,6.1,10,5,1673.1,3178.8,3450.0,154.6,492.4,95.8
23,male,174.8,66.9,65.8,endurance,moderate,vegetarian,5.7,6,2,1651.8,2560.3,2734.8,116.8,375.4,85.1
18,male,177.7,78.0,83.7,muscle_gain,very_active,vegan,8.6,1,6,1805.8,3431.1,3688.4,177.5,514.0,102.5
36,female,169.6,44.7,31.7,weight_loss,very_active,vegan,7.4,3,4,1165.9,2215.1,1675.9,92.9,221.2,46.6
22,female,156.4,74.0,74.0,maintenance,very_active,vegetarian,6.8,4,5,1446.2,2747.7,2731.7,129.9,361.8,85.0
27,female,149.0,71.6,71.6,maintenance,moderate,keto,8.3,10,1,1351.3,2094.6,2016.7,126.0,25.2,156.9
30,male,178.2,97.0,95.3,endurance,light,non_vegetarian,6.2,3,2,1939.4,2666.6,2754.1,173.9,321.8,85.7
18,female,164.3,85.6,72.9,weight_loss,light,keto,8.0,8,6,1631.9,2243.8,1808.6,113.0,22.6,140.7
32,female,159.6,73.7,74.3,endurance,light,non_vegetarian,6.4,3,5,1413.1,1943.0,2080.4,127.0,247.5,64.7
34,male,180.0,92.8,102.0,muscle_gain,very_active,vegetarian,6.1,3,5,1888.7,3588.5,4264.6,189.7,609.8,118.5
33,female,159.4,63.7,58.1,weight_loss,moderate,vegetarian,7.1,8,2,1307.4,2026.5,1445.5,139.0,131.9,40.2
23,male,172.7,70.7,71.9,endurance,very_active,non_vegetarian,6.1,9,3,1676.2,3184.7,3400.2,130.5,481.5,105.8
21,male,185.0,78.0,78.0,maintenance,active,vegetarian,6.8,2,1,1836.1,3167.2,3166.4,130.2,439.8,98.5
26,male,177.2,89.6,88.3,endurance,light,vegetarian,7.6,9,5,1878.3,2582.6,2710.2,167.6,320.3,84.3
23,male,173.6,59.2,45.4,weight_loss,active,non_vegetarian,5.5,7,5,1566.4,2702.0,2147.9,128.0,274.6,59.7
25,female,169.1,67.2,67.2,maintenance,sedentary,keto,6.3,8,4,1442.5,1731.0,1741.1,108.8,21.8,135.4
38,female,162.0,68.7,62.6,weight_loss,active,non_vegetarian,8.7,2,3,1348.6,2326.3,1820.7,153.2,188.1,50.6
32,female,158.9,40.0,40.0,maintenance,light,vegetarian,8.3,10,5,1019.6,1401.9,1396.3,72.5,178.9,43.4
44,male,183.4,91.5,80.2,weight_loss,active,non_vegetarian,6.8,3,4,1846.5,3185.2,2784.7,191.7,330.3,77.4
30,female,164.4,56.6,56.6,maintenance,very_active,keto,7.5,10,3,1282.3,2436.3,2413.2,150.8,30.2,187.7
36,female,171.4,62.3,66.6,muscle_gain,active,keto,7.5,8,3,1353.7,2335.1,2648.8,165.6,33.1,206.0
30,female,167.2,46.7,46.7,maintenance,active,non_vegetarian,7.8,4,4,1200.8,2071.4,1928.7,86.7,260.5,60.0
24,male,166.2,70.9,58.5,weight_loss,light,keto,8.3,10,6,1632.8,2245.1,1737.4,108.6,21.7,135.1
25,male,187.6,82.6,91.2,muscle_gain,active,vegetarian,7.2,10,4,1878.4,3240.2,3622.5,185.6,493.7,100.6
36,male,166.9,92.5,85.0,weight_loss,moderate,non_vegetarian,8.0,7,5,1793.5,2780.0,2274.8,201.9,224.6,63.2
36,female,155.5,45.4,37.1,weight_loss,light,keto,6.2,9,3,1084.4,1491.1,1200.0,75.0,15.0,93.3
33,male,168.8,65.8,55.4,weight_loss,very_active,non_vegetarian,6.8,1,2,1553.1,2951.0,2533.7,144.9,330.1,70.4
18,male,189.1,65.4,65.4,maintenance,active,vegan,6.9,4,5,1751.0,3020.6,3078.4,117.8,436.3,95.8
26,male,180.8,70.4,58.7,weight_loss,sedentary,vegan,7.5,6,3,1709.0,2050.8,1543.2,152.6,136.7,42.9
30,male,168.0,88.4,95.4,muscle_gain,active,keto,6.4,7,5,1788.6,3085.3,3382.5,211.4,42.3,263.1
27,male,168.0,42.1,35.0,weight_loss,very_active,vegan,7.3,5,5,1341.6,2549.0,2037.2,85.7,296.2,56.6
54,female,168.5,63.8,64.9,endurance,active,keto,8.2,8,6,1259.8,2173.1,2354.4,147.2,29.4,183.1
30,female,166.8,49.8,43.7,weight_loss,active,vegetarian,8.3,4,6,1230.0,2121.7,1675.9,105.3,208.8,46.6
37,male,181.7,84.1,84.1,maintenance,active,vegan,5.5,5,2,1797.3,3100.3,3102.2,147.6,410.8,96.5
36,female,167.1,59.8,55.9,weight_loss,active,vegan,7.2,6,2,1301.2,2244.5,1714.5,136.3,185.2,47.6
31,female,173.8,49.1,57.3,muscle_gain,light,keto,6.3,4,3,1261.8,1735.0,1993.2,124.6,24.9,155.0
31,male,176.4,80.4,89.3,muscle_gain,light,non_vegetarian,8.2,2,1,1756.8,2415.6,2785.9,169.4,352.9,77.4
27,female,173.4,44.8,31.6,weight_loss,very_active,vegetarian,6.6,10,3,1235.8,2348.1,1802.1,94.6,243.2,50.1
28,female,151.5,61.9,67.7,muscle_gain,very_active,vegan,5.9,9,4,1264.8,2403.0,2890.3,137.7,404.2,80.3
30,female,164.6,48.9,41.2,weight_loss,very_active,vegan,6.1,2,6,1206.6,2292.6,1759.4,107.9,221.9,48.9
26,female,160.8,79.4,79.4,maintenance,sedentary,vegetarian,6.8,2,3,1507.6,1809.2,1839.4,143.1,188.0,57.2
18,female,164.7,70.0,70.0,maintenance,light,vegan,7.1,10,3,1478.3,2032.7,2102.2,117.0,261.4,65.4
45,female,155.9,54.3,58.8,muscle_gain,active,keto,8.0,6,3,1131.0,1951.0,2214.2,138.4,27.7,172.2
27,female,166.3,75.8,75.8,maintenance,active,non_vegetarian,8.9,4,1,1501.6,2590.3,2584.4,134.3,330.9,80.4
26,female,164.1,54.0,63.0,muscle_gain,very_active,keto,6.2,3,4,1274.2,2420.9,2944.6,184.0,36.8,229.0
18,male,177.5,106.3,110.2,muscle_gain,active,keto,8.6,9,5,2087.5,3601.0,3951.8,247.0,49.4,307.4
28,female,160.5,61.8,62.0,endurance,moderate,vegan,6.9,3,1,1320.5,2046.7,2339.3,109.4,311.6,72.8
18,male,188.3,58.1,58.1,maintenance,active,vegetarian,6.7,6,3,1672.3,2884.7,2861.7,100.8,414.4,89.0
25,female,167.1,44.8,44.8,maintenance,sedentary,keto,5.9,10,2,1206.7,1448.1,1468.1,91.8,18.4,114.2
50,male,165.1,80.7,80.7,maintenance,moderate,vegan,7.2,8,1,1593.4,2469.8,2420.7,145.4,290.4,75.3
34,female,163.1,56.3,56.3,maintenance,active,non_vegetarian,7.7,6,4,1251.6,2159.0,2190.6,104.7,289.5,68.2
48,female,161.7,72.6,65.5,weight_loss,sedentary,non_vegetarian,7.8,5,5,1335.8,1602.9,1200.0,152.0,73.1,33.3
20,female,166.3,81.8,81.8,maintenance,active,vegan,7.3,8,4,1596.5,2754.0,2783.4,149.2,351.8,86.6
26,male,176.0,60.5,68.6,muscle_gain,sedentary,non_vegetarian,8.8,2,2,1579.9,1895.9,2286.6,133.0,295.8,63.5
38,male,172.4,71.4,69.7,endurance,sedentary,vegetarian,7.4,1,4,1606.6,1927.9,2144.9,133.1,253.0,66.7
25,male,175.5,107.4,103.4,weight_loss,moderate,non_vegetarian,6.9,4,2,2050.7,3178.5,2658.7,244.8,253.6,73.9
26,female,158.5,72.9,73.0,endurance,light,non_vegetarian,5.6,6,3,1428.7,1964.5,2152.7,120.4,267.0,67.0
23,female,172.2,81.0,81.2,endurance,very_active,vegan,8.8,9,2,1610.9,3060.7,3202.0,132.9,443.5,99.6
18,female,170.1,55.8,57.4,endurance,very_active,vegan,6.3,2,4,1369.7,2602.4,2868.8,97.3,419.0,89.3
18,female,169.2,49.5,49.5,maintenance,active,vegan,5.5,9,2,1301.5,2245.0,2294.2,81.5,331.4,71.4
30,female,156.3,59.1,59.1,maintenance,active,vegetarian,7.2,8,3,1257.2,2168.6,2213.3,106.8,291.5,68.9
31,male,180.7,105.7,106.9,endurance,moderate,non_vegetarian,6.2,9,4,2035.9,3155.7,3198.2,186.5,389.2,99.5
46,female,163.7,53.2,62.0,muscle_gain,light,keto,6.3,2,4,1164.5,1601.1,1873.3,117.1,23.4,145.7
28,male,183.4,76.2,76.2,maintenance,moderate,vegan,8.5,3,2,1773.2,2748.5,2873.1,131.4,385.7,89.4
18,female,162.9,49.0,42.7,weight_loss,active,keto,7.7,4,3,1256.9,2168.2,1686.4,105.4,21.1,131.2
38,male,172.6,41.5,45.8,muscle_gain,sedentary,vegetarian,6.4,8,6,1309.4,1571.2,1932.7,84.3,278.1,53.7
34,male,179.2,95.3,98.4,muscle_gain,sedentary,non_vegetarian,7.0,8,3,1908.2,2289.9,2555.0,196.8,282.2,71.0
36,female,171.3,42.7,29.6,weight_loss,moderate,vegetarian,5.7,7,1,1156.5,1792.6,1305.0,97.6,147.2,36.2
24,female,162.4,68.2,76.9,muscle_gain,light,vegan,5.9,4,4,1415.9,1946.9,2263.3,153.3,271.0,62.9
23,female,163.2,51.0,57.2,muscle_gain,sedentary,non_vegetarian,7.3,4,4,1253.8,1504.5,1794.1,113.8,222.7,49.8
36,female,155.0,72.0,72.0,maintenance,moderate,non_vegetarian,5.6,9,5,1347.4,2088.5,2117.5,128.8,252.3,65.9
18,male,170.6,94.7,94.7,maintenance,active,vegan,8.6,4,1,1928.3,3326.3,3228.4,157.2,424.0,100.4
25,male,179.7,89.0,87.7,endurance,moderate,vegetarian,5.9,4,1,1892.8,2933.8,3110.2,149.8,410.0,96.8
24,male,187.4,102.3,101.8,endurance,very_active,non_vegetarian,6.1,2,6,2079.6,3951.2,4273.1,166.4,602.9,132.9
30,female,157.3,54.0,43.3,weight_loss,sedentary,vegan,8.3,3,4,1212.7,1455.3,1200.0,119.4,105.7,33.3
34,male,187.2,87.1,87.1,maintenance,very_active,vegan,7.0,4,1,1876.1,3564.7,3403.9,160.4,452.3,105.9
40,female,156.0,59.4,59.4,maintenance,light,vegan,7.2,8,5,1208.0,1661.0,1673.5,111.1,190.0,52.1
49,female,184.8,71.3,71.5,endurance,light,non_vegetarian,7.1,10,5,1461.6,2009.7,2197.6,121.0,274.5,68.4
35,male,183.1,73.5,65.1,weight_loss,very_active,non_vegetarian,7.4,8,1,1709.5,3248.0,2896.0,165.1,378.0,80.4
32,female,166.5,72.0,80.4,muscle_gain,sedentary,vegan,8.0,9,4,1439.4,1727.3,2103.6,149.2,245.3,58.4
38,male,171.1,70.2,70.7,endurance,very_active,non_vegetarian,7.7,2,1,1586.0,3013.4,3107.3,119.1,440.1,96.7
34,male,182.2,84.4,70.9,weight_loss,light,non_vegetarian,7.2,2,1,1818.0,2499.8,2100.3,173.9,220.0,58.3
29,female,167.7,50.9,49.1,endurance,very_active,vegan,8.0,1,2,1251.0,2376.9,2547.0,84.8,373.8,79.2
36,female,168.9,60.5,53.2,weight_loss,active,vegetarian,8.6,6,6,1319.6,2276.3,1772.5,134.5,197.9,49.2
18,male,173.1,90.5,90.5,maintenance,very_active,vegetarian,8.4,2,2,1901.8,3613.4,3675.8,164.7,496.8,114.4
35,male,176.4,78.1,72.8,weight_loss,light,keto,7.3,4,5,1713.5,2356.0,1819.3,113.7,22.7,141.5
36,male,179.4,84.9,85.6,endurance,sedentary,vegan,7.0,2,2,1794.9,2153.9,2316.8,153.7,263.3,72.1
18,male,184.8,71.3,71.9,endurance,very_active,vegan,7.6,6,3,1782.8,3387.4,3494.5,125.5,503.5,108.7
36,female,160.3,76.7,76.7,maintenance,active,keto,8.4,6,5,1427.8,2462.9,2508.5,156.8,31.4,195.1
36,male,165.1,95.0,100.5,muscle_gain,active,vegan,8.9,1,6,1806.4,3116.0,3493.2,202.9,452.1,97.0
26,male,177.1,53.1,53.1,maintenance,very_active,vegetarian,9.0,5,1,1513.5,2875.6,2910.9,93.2,430.7,90.6
19,female,153.5,45.7,48.9,muscle_gain,light,vegan,7.9,5,5,1160.9,1596.2,2011.2,102.7,274.3,55.9
23,male,188.3,70.5,63.2,weight_loss,sedentary,keto,6.0,6,5,1771.7,2126.0,1542.7,96.4,19.3,120.0
18,male,185.9,75.8,79.4,muscle_gain,moderate,vegan,8.7,2,6,1835.0,2844.2,3141.7,160.7,428.3,87.3
31,female,166.5,77.4,78.7,endurance,light,keto,7.9,10,1,1498.8,2060.8,2359.1,147.4,29.5,183.5
26,female,153.7,59.0,55.1,weight_loss,very_active,keto,5.7,6,3,1260.1,2394.2,1909.0,119.3,23.9,148.5
20,female,156.3,68.1,69.1,endurance,sedentary,non_vegetarian,8.8,7,1,1397.1,1676.6,1873.8,126.3,211.0,58.3
30,female,157.7,61.2,54.3,weight_loss,moderate,non_vegetarian,6.0,7,4,1286.9,1994.7,1453.3,135.2,137.2,40.4
38,male,184.3,52.2,60.7,muscle_gain,active,vegan,6.7,8,5,1488.3,2567.3,2836.0,106.7,425.0,78.8
18,male,170.8,76.8,76.4,endurance,moderate,vegetarian,7.9,3,4,1750.8,2713.8,2787.0,132.9,368.8,86.7
20,male,168.0,80.9,81.1,endurance,active,non_vegetarian,7.3,4,1,1763.8,3042.6,3249.3,153.6,431.2,101.1
22,female,164.2,57.4,55.9,endurance,moderate,vegetarian,6.8,4,3,1329.9,2061.3,2242.9,99.0,304.7,69.8
46,female,172.4,48.4,33.5,weight_loss,moderate,non_vegetarian,9.0,8,5,1170.4,1814.2,1346.9,105.7,146.9,37.4
38,male,166.8,89.5,88.3,endurance,sedentary,non_vegetarian,8.2,2,1,1752.2,2102.7,2408.9,153.2,280.5,74.9
18,male,168.7,92.2,101.3,muscle_gain,very_active,non_vegetarian,5.5,2,3,1891.6,3594.0,3976.2,207.1,538.5,110.4
35,female,165.4,68.7,67.5,endurance,sedentary,vegan,6.2,9,3,1384.5,1661.4,1787.4,121.0,200.8,55.6
40,female,171.2,61.2,68.3,muscle_gain,sedentary,keto,7.8,1,3,1321.4,1585.7,1933.1,120.8,24.2,150.4
18,male,180.1,86.0,73.5,weight_loss,moderate,non_vegetarian,5.7,1,1,1900.8,2946.2,2441.7,187.9,270.0,67.8
41,female,160.7,70.8,70.8,maintenance,moderate,vegetarian,8.5,7,2,1345.9,2086.1,2022.3,113.7,250.3,62.9
29,female,161.8,66.7,53.3,weight_loss,moderate,keto,7.4,3,2,1372.2,2126.8,1608.8,100.5,20.1,125.1
28,female,168.8,58.8,44.7,weight_loss,sedentary,non_vegetarian,7.2,3,1,1341.5,1609.8,1200.0,123.0,102.1,33.3
47,female,172.7,48.5,48.5,maintenance,moderate,vegan,8.9,9,3,1168.1,1810.6,1848.0,81.0,251.6,57.5
24,male,178.1,82.1,82.1,maintenance,active,vegetarian,8.8,4,2,1819.4,3138.4,3116.3,154.6,406.2,97.0
22,female,158.2,53.0,53.9,endurance,light,vegetarian,7.9,4,4,1247.6,1715.4,1867.6,93.1,243.1,58.1
29,male,170.3,87.5,96.9,muscle_gain,active,vegan,7.4,4,6,1799.7,3104.5,3608.6,183.6,493.1,100.2
24,male,177.9,85.0,92.8,muscle_gain,light,vegan,8.7,7,2,1846.9,2539.5,2930.4,192.9,356.6,81.4
30,male,181.9,84.8,84.8,maintenance,sedentary,vegetarian,8.4,3,6,1839.6,2207.6,2125.6,140.4,242.3,66.1
38,male,183.1,67.3,67.3,maintenance,active,keto,6.6,5,2,1632.5,2816.1,2819.3,176.2,35.2,219.3
36,male,174.3,93.0,89.7,weight_loss,light,non_vegetarian,7.7,10,5,1844.8,2536.5,2181.0,213.5,195.4,60.6
22,male,165.0,82.3,87.8,muscle_gain,light,vegetarian,7.2,9,5,1748.5,2404.2,2813.8,181.6,345.9,78.2
27,female,173.2,47.9,47.9,maintenance,light,keto,7.2,3,2,1265.7,1740.3,1776.5,111.0,22.2,138.2
23,male,189.8,105.9,114.3,muscle_gain,sedentary,keto,5.6,5,4,2134.9,2561.9,2844.9,177.8,35.6,221.3
24,male,182.9,72.6,76.8,muscle_gain,light,vegetarian,7.0,10,4,1753.8,2411.4,2757.7,166.0,351.1,76.6
30,female,149.6,63.8,63.4,endurance,light,keto,5.6,7,6,1262.1,1735.4,1895.3,118.5,23.7,147.4
25,female,173.1,48.9,49.0,endurance,very_active,vegetarian,8.4,1,2,1285.1,2441.7,2706.2,84.9,402.2,84.2
27,female,161.0,73.5,64.3,weight_loss,very_active,keto,7.7,1,2,1445.4,2746.2,2269.1,141.8,28.4,176.5
35,female,169.8,60.0,61.1,endurance,active,vegan,6.1,5,5,1325.4,2286.2,2440.6,101.1,338.3,75.9
19,male,169.4,119.3,122.9,muscle_gain,active,keto,7.3,3,5,2161.6,3728.8,4231.1,264.4,52.9,329.1
18,male,165.4,84.7,84.5,endurance,active,vegan,7.6,4,4,1796.3,3098.7,3352.8,140.1,463.4,104.3
35,male,174.0,76.2,76.2,maintenance,moderate,non_vegetarian,5.9,2,6,1679.7,2603.5,2629.1,138.3,334.9,81.8
30,female,147.5,61.2,61.2,maintenance,sedentary,keto,8.0,9,5,1223.1,1467.7,1430.2,89.4,17.9,111.2
31,male,199.9,83.1,81.3,endurance,very_active,keto,6.1,6,5,1930.7,3668.3,3832.0,239.5,47.9,298.0
39,male,179.9,83.9,92.3,muscle_gain,light,non_vegetarian,6.6,8,3,1772.9,2437.8,2838.6,169.1,363.2,78.8
50,male,167.0,84.6,81.6,weight_loss,light,non_vegetarian,5.5,8,4,1644.8,2261.6,1712.6,188.6,132.4,47.6
35,male,168.7,72.2,72.6,endurance,light,non_vegetarian,6.9,2,5,1605.6,2207.7,2386.4,125.8,303.9,74.2
39,male,183.3,60.6,67.9,muscle_gain,very_active,vegan,8.4,1,2,1561.5,2966.9,3322.4,131.3,491.6,92.3
22,male,165.9,75.0,70.3,weight_loss,moderate,vegetarian,7.5,10,3,1681.7,2606.6,2087.1,150.7,240.6,58.0
54,female,166.0,47.5,39.5,weight_loss,sedentary,vegetarian,7.9,10,6,1081.4,1297.7,1200.0,97.5,127.6,33.3
40,male,192.7,55.8,57.5,endurance,very_active,vegan,6.5,6,4,1567.4,2978.0,2998.8,90.8,449.0,93.3
48,male,179.1,65.8,65.0,endurance,very_active,vegetarian,7.9,5,3,1542.9,2931.5,3181.8,107.9,464.8,99.0
18,female,163.0,67.9,71.7,muscle_gain,light,vegetarian,7.7,2,4,1447.2,1989.9,2404.8,150.7,300.2,66.8
19,female,163.6,52.9,51.9,endurance,very_active,vegan,7.7,3,5,1295.4,2461.4,2681.7,93.8,389.0,83.4
21,female,160.1,52.1,53.6,endurance,active,non_vegetarian,6.5,4,1,1255.4,2165.6,2411.8,87.0,347.2,75.0
38,male,174.1,78.5,66.7,weight_loss,active,vegetarian,7.7,7,4,1688.6,2912.9,2308.0,161.9,270.9,64.1
27,male,175.6,114.7,114.7,maintenance,moderate,non_vegetarian,6.2,5,3,2114.4,3277.3,3168.0,183.9,386.2,98.6
44,male,184.0,81.9,81.9,maintenance,moderate,vegan,5.9,6,3,1754.1,2718.9,2862.4,149.9,365.2,89.1
33,female,165.7,63.4,56.4,weight_loss,light,non_vegetarian,7.9,8,1,1343.4,1847.2,1396.6,133.2,128.6,38.8
40,male,171.0,59.5,61.1,endurance,light,keto,7.4,6,4,1469.0,2019.9,2206.4,137.9,27.6,171.6
21,female,162.6,78.8,69.0,weight_loss,very_active,vegan,7.4,1,2,1538.5,2923.1,2389.8,173.6,274.5,66.4
29,female,163.4,74.2,74.2,maintenance,sedentary,non_vegetarian,5.6,7,6,1457.1,1748.5,1630.7,125.0,168.6,50.7
23,male,177.7,94.8,96.3,endurance,light,vegetarian,8.0,6,6,1948.6,2679.3,2836.8,173.1,337.4,88.3
18,male,181.0,69.1,69.1,maintenance,active,vegetarian,6.3,8,3,1737.0,2996.4,2889.4,120.9,399.2,89.9
23,male,174.5,69.5,69.5,maintenance,light,vegetarian,5.6,4,1,1676.1,2304.7,2152.2,119.0,268.3,67.0
38,female,171.9,71.8,66.5,weight_loss,active,non_vegetarian,8.1,9,3,1441.7,2486.9,1919.1,163.5,196.3,53.3
27,female,163.0,71.2,75.6,muscle_gain,sedentary,non_vegetarian,6.9,9,1,1434.3,1721.2,2112.7,143.2,252.9,58.7
22,male,176.7,84.4,84.4,maintenance,sedentary,vegetarian,8.6,2,5,1843.1,2211.7,2308.3,143.5,272.0,71.8
37,female,168.5,65.0,54.3,weight_loss,very_active,vegan,6.2,5,3,1357.3,2578.9,2166.9,134.1,272.2,60.2
34,female,157.0,80.8,79.4,endurance,sedentary,vegan,5.6,10,5,1458.5,1750.2,1991.0,135.9,222.6,61.9
25,male,172.2,82.2,89.0,muscle_gain,very_active,vegan,8.8,5,5,1777.5,3377.3,3779.1,171.1,537.4,105.0
31,male,178.5,101.8,109.1,muscle_gain,sedentary,vegan,7.1,3,1,1983.6,2380.3,2818.0,213.9,314.4,78.3
31,female,169.6,51.6,48.0,weight_loss,sedentary,keto,7.0,3,6,1260.0,1512.0,1200.0,75.0,15.0,93.3
48,female,161.5,53.8,53.8,maintenance,moderate,vegan,8.0,9,1,1146.5,1777.1,1742.3,99.3,214.3,54.2
19,female,157.5,59.6,63.3,muscle_gain,sedentary,keto,6.6,8,4,1324.0,1588.7,1857.0,116.1,23.2,144.4
30,male,183.2,65.3,74.7,muscle_gain,light,vegan,7.9,6,3,1653.0,2272.9,2742.5,138.3,375.9,76.2
35,female,170.2,56.1,56.0,endurance,sedentary,vegetarian,7.1,3,3,1288.9,1546.7,1791.5,95.7,226.9,55.7
19,female,169.2,66.1,71.9,muscle_gain,very_active,vegetarian,5.9,9,6,1462.3,2778.4,3180.3,146.4,450.0,88.3
18,male,168.8,86.4,86.4,maintenance,very_active,keto,6.9,7,2,1833.9,3484.3,3385.2,211.6,42.3,263.3
34,male,165.1,89.9,93.4,muscle_gain,active,keto,6.2,10,4,1765.4,3045.3,3269.8,204.4,40.9,254.3
35,female,167.4,55.6,55.6,maintenance,very_active,non_vegetarian,7.8,10,4,1266.5,2406.4,2448.4,91.8,348.9,76.2
32,male,171.7,63.9,65.2,endurance,moderate,vegetarian,8.8,2,5,1556.9,2413.1,2459.3,105.6,337.1,76.5
33,male,163.5,79.3,79.9,endurance,moderate,keto,5.7,4,2,1655.1,2565.4,2743.6,171.5,34.3,213.4
36,male,173.6,73.4,80.1,muscle_gain,light,keto,6.9,10,4,1643.8,2260.2,2667.5,166.7,33.3,207.5
33,male,178.5,84.6,91.6,muscle_gain,moderate,vegan,6.6,7,6,1801.5,2792.3,2997.6,192.4,369.6,83.3
37,female,167.3,51.8,41.5,weight_loss,very_active,vegetarian,8.5,5,1,1217.5,2313.3,1800.1,111.5,226.0,50.0
29,female,162.1,68.0,63.7,weight_loss,sedentary,vegan,5.6,7,6,1386.9,1664.3,1214.3,141.8,85.9,33.7
40,female,153.8,71.5,71.5,maintenance,active,keto,6.8,9,2,1315.0,2268.4,2358.8,147.4,29.5,183.5
33,male,184.7,106.2,106.4,endurance,light,non_vegetarian,6.8,7,2,2056.3,2827.4,3120.3,196.8,364.8,97.1
32,female,170.3,65.7,69.2,muscle_gain,light,vegetarian,8.0,8,6,1400.9,1926.2,2277.8,131.7,295.3,63.3
26,female,173.9,54.2,61.7,muscle_gain,sedentary,non_vegetarian,7.1,10,4,1337.9,1605.5,2045.4,115.2,268.4,56.8
34,male,164.8,83.1,83.3,endurance,very_active,keto,7.1,6,2,1696.5,3223.4,3207.7,200.5,40.1,249.5
36,male,183.1,69.7,70.0,endurance,very_active,vegetarian,6.3,9,3,1666.3,3166.0,3378.5,129.2,478.9,105.1
49,female,159.5,51.3,51.3,maintenance,sedentary,vegetarian,8.0,2,5,1103.6,1324.3,1383.1,90.8,158.2,43.0
49,female,163.0,76.1,67.5,weight_loss,light,vegan,8.6,2,2,1374.3,1889.6,1445.6,154.0,116.9,40.2
22,female,159.6,78.8,68.4,weight_loss,very_active,vegan,7.4,1,4,1514.2,2877.0,2497.2,179.0,289.1,69.4
35,female,156.8,87.8,87.5,endurance,very_active,vegan,8.3,5,2,1522.7,2893.1,3043.9,165.8,382.1,94.7
26,male,178.7,99.8,99.8,maintenance,very_active,vegan,7.2,3,5,1989.7,3780.4,3877.3,161.5,536.5,120.6
34,male,179.7,78.6,78.6,maintenance,very_active,vegetarian,5.8,9,1,1744.3,3314.1,3369.6,132.5,474.1,104.8
18,female,160.9,66.9,66.9,maintenance,light,vegan,6.4,2,5,1423.7,1957.6,1890.0,112.6,227.6,58.8
33,male,174.4,102.6,111.3,muscle_gain,active,vegan,8.0,8,2,1955.5,3373.3,3899.0,213.2,517.9,108.3
25,male,174.8,77.0,77.0,maintenance,sedentary,non_vegetarian,8.4,8,4,1742.1,2090.5,2062.2,137.0,234.1,64.2
31,female,157.7,50.4,54.9,muscle_gain,active,non_vegetarian,6.7,5,1,1173.9,2025.0,2419.3,111.9,341.7,67.2
36,male,169.6,90.5,96.8,muscle_gain,active,keto,7.2,9,2,1790.1,3088.0,3372.8,210.8,42.2,262.3
32,female,168.7,63.6,62.2,endurance,active,vegan,5.5,8,4,1369.6,2362.6,2597.5,118.4,349.2,80.8
24,female,161.6,61.5,47.0,weight_loss,sedentary,vegan,8.7,5,3,1344.5,1613.3,1200.0,131.0,94.1,33.3
28,female,152.2,58.1,58.1,maintenance,sedentary,vegan,6.9,4,6,1231.1,1477.3,1464.6,104.4,159.1,45.6
27,male,174.1,77.1,77.1,maintenance,light,vegan,7.9,2,1,1729.3,2377.8,2412.0,136.0,298.2,75.0
38,female,158.5,49.6,38.4,weight_loss,very_active,vegetarian,8.0,5,2,1134.9,2156.4,1604.6,104.4,196.4,44.6
25,male,173.2,67.2,63.5,weight_loss,very_active,vegetarian,8.6,4,5,1634.6,3105.7,2504.4,146.4,323.1,69.6
25,male,177.5,86.3,78.8,weight_loss,sedentary,non_vegetarian,7.8,3,1,1852.4,2222.9,1694.0,192.4,125.1,47.1
25,male,168.6,77.6,77.6,maintenance,moderate,keto,7.8,2,6,1709.3,2649.4,2581.9,161.4,32.3,200.8
35,female,150.5,59.7,59.7,maintenance,active,vegan,8.2,5,1,1201.5,2072.5,2091.2,100.1,276.2,65.1
31,female,181.9,68.2,67.2,endurance,moderate,vegetarian,6.1,2,4,1502.5,2328.9,2452.8,125.7,315.8,76.3
29,male,161.8,76.9,75.3,endurance,light,keto,7.4,7,2,1639.9,2254.9,2393.5,149.6,29.9,186.2
39,male,171.6,76.4,74.5,endurance,moderate,vegetarian,8.0,8,1,1646.2,2551.6,2699.1,123.9,361.9,84.0
47,female,160.8,86.0,93.7,muscle_gain,sedentary,vegetarian,8.0,7,5,1468.6,1762.3,2163.9,178.9,226.9,60.1
34,male,178.9,83.5,83.1,endurance,active,keto,8.0,2,5,1788.6,3085.3,3095.3,193.5,38.7,240.7
27,male,182.8,77.3,72.8,weight_loss,active,keto,7.4,6,3,1785.4,3079.8,2471.1,154.4,30.9,192.2
29,female,174.9,79.0,78.5,endurance,sedentary,vegetarian,6.7,8,3,1576.9,1892.3,2088.4,146.6,229.2,65.0
39,male,173.1,54.1,63.9,muscle_gain,very_active,vegetarian,6.5,7,1,1433.1,2723.0,2987.7,118.9,441.3,83.0
45,female,161.1,61.1,62.0,endurance,sedentary,keto,6.0,4,1,1231.6,1477.9,1662.8,103.9,20.8,129.3
49,male,189.0,109.1,110.3,endurance,active,vegetarian,7.2,8,1,2031.9,3505.1,3687.4,195.6,468.2,114.7
32,male,163.9,98.7,98.7,maintenance,sedentary,vegan,5.6,2,2,1855.9,2227.1,2149.1,181.2,205.5,66.9
32,female,155.3,56.9,66.4,muscle_gain,very_active,non_vegetarian,6.0,1,4,1219.1,2316.3,2599.3,114.4,373.0,72.2
23,male,171.7,70.3,74.5,muscle_gain,light,vegetarian,6.6,2,4,1666.3,2291.1,2707.2,141.7,365.9,75.2
18,male,177.8,95.1,86.1,weight_loss,sedentary,vegetarian,6.3,4,4,1976.5,2371.8,1843.0,213.0,132.6,51.2
22,female,161.4,78.2,80.1,endurance,moderate,vegetarian,6.0,4,1,1519.2,2354.8,2569.7,138.6,324.0,79.9
24,male,179.9,62.6,62.6,maintenance,sedentary,vegetarian,8.2,3,6,1634.9,1961.8,2001.9,105.3,255.0,62.3
34,female,160.8,53.9,63.4,muscle_gain,active,non_vegetarian,5.8,10,4,1213.7,2093.6,2378.6,108.5,337.4,66.1
35,male,185.8,69.1,66.0,weight_loss,active,vegetarian,5.8,10,3,1682.2,2901.8,2434.9,141.9,314.7,67.6
18,female,158.9,63.6,62.2,endurance,light,non_vegetarian,7.1,4,2,1378.4,1895.4,2038.2,106.9,260.0,63.4
20,male,170.7,82.1,89.5,muscle_gain,active,vegetarian,6.7,1,5,1792.5,3092.1,3422.7,183.5,458.2,95.1
18,male,159.0,69.5,76.8,muscle_gain,sedentary,vegetarian,9.0,9,2,1604.0,1924.8,2306.0,157.0,275.3,64.1
18,female,159.5,57.7,62.1,muscle_gain,moderate,vegetarian,7.9,8,4,1322.7,2050.2,2500.2,129.2,339.7,69.4
26,male,179.1,80.0,87.5,muscle_gain,sedentary,vegetarian,7.0,6,5,1793.9,2152.7,2342.7,166.8,272.4,65.1
37,female,164.5,70.1,56.0,weight_loss,sedentary,vegetarian,8.2,8,5,1383.2,1659.8,1296.4,143.9,99.2,36.0
18,male,189.8,74.0,63.9,weight_loss,light,keto,6.6,4,6,1841.0,2531.4,2048.9,128.1,25.6,159.4
29,female,160.0,57.2,61.8,muscle_gain,sedentary,vegan,6.9,4,4,1265.8,1519.0,1887.4,118.5,235.5,52.4
18,male,182.0,72.2,68.5,weight_loss,active,keto,7.0,4,5,1774.3,3060.6,2473.8,154.6,30.9,192.4
25,female,171.8,57.6,61.6,muscle_gain,active,vegan,7.7,5,2,1363.5,2352.1,2731.1,127.6,384.4,75.9
22,female,168.3,72.2,77.2,muscle_gain,sedentary,vegetarian,7.1,7,2,1503.2,1803.8,2273.3,146.8,279.6,63.1
28,female,167.7,65.2,73.7,muscle_gain,moderate,non_vegetarian,7.6,3,5,1398.8,2168.1,2616.0,142.9,347.5,72.7
22,male,182.0,75.3,62.0,weight_loss,active,keto,6.3,8,4,1785.0,3079.1,2574.1,160.9,32.2,200.2
30,female,164.8,62.6,56.6,weight_loss,active,non_vegetarian,6.3,10,2,1344.8,2319.8,1831.6,133.4,210.0,50.9
45,male,183.9,90.2,92.2,endurance,sedentary,vegetarian,7.3,7,5,1831.0,2197.1,2364.4,164.2,261.3,73.6
21,female,169.7,74.5,74.5,endurance,sedentary,keto,5.8,1,6,1539.7,1847.6,2138.1,133.6,26.7,166.3
23,female,161.4,44.3,49.4,muscle_gain,light,vegan,5.8,8,6,1176.0,1617.0,1943.8,97.2,267.2,54.0
39,female,159.7,71.7,81.5,muscle_gain,active,vegetarian,6.0,7,2,1359.2,2344.6,2679.2,153.4,349.0,74.4
33,female,155.0,65.0,64.5,endurance,sedentary,vegetarian,7.4,5,4,1292.8,1551.3,1594.2,117.5,169.4,49.6
28,female,151.6,78.5,86.7,muscle_gain,sedentary,vegan,8.8,6,1,1431.1,1717.4,2115.6,158.3,238.3,58.8
34,male,188.2,64.7,65.2,endurance,moderate,keto,6.8,3,6,1658.2,2570.2,2915.4,182.2,36.4,226.8
39,male,174.1,93.9,98.6,muscle_gain,light,vegan,7.2,10,6,1837.2,2526.1,2780.6,191.0,330.4,77.2
21,male,171.1,70.6,79.9,muscle_gain,moderate,vegan,7.0,1,1,1675.5,2597.0,2853.6,151.9,383.1,79.3
42,female,161.2,68.2,68.2,maintenance,active,keto,7.3,2,4,1318.7,2274.8,2235.9,139.7,27.9,173.9
18,female,164.9,41.1,42.3,endurance,very_active,vegan,8.3,2,2,1190.1,2261.2,2456.1,77.4,364.7,76.4
18,female,176.9,74.9,61.1,weight_loss,sedentary,keto,6.5,2,1,1604.1,1924.9,1429.4,89.3,17.9,111.2
42,male,169.2,85.6,85.6,maintenance,sedentary,non_vegetarian,8.6,9,6,1708.8,2050.5,2062.8,149.7,221.6,64.2
32,male,186.2,88.3,88.3,maintenance,active,non_vegetarian,7.0,1,3,1891.2,3262.3,3290.5,153.8,438.4,102.4
18,male,168.3,76.3,63.3,weight_loss,sedentary,non_vegetarian,6.7,10,3,1729.8,2075.8,1580.2,164.5,131.8,43.9
18,female,179.9,82.2,82.0,endurance,very_active,keto,7.5,5,2,1695.2,3220.9,3482.7,217.7,43.5,270.9
30,female,161.5,52.6,62.4,muscle_gain,active,vegan,5.7,6,3,1224.2,2111.8,2467.5,117.3,345.4,68.5
32,female,154.3,68.0,76.0,muscle_gain,very_active,non_vegetarian,8.9,3,2,1323.5,2514.7,2851.4,141.8,392.8,79.2
18,male,169.1,72.2,62.3,weight_loss,sedentary,vegan,6.8,4,5,1694.1,2032.9,1619.7,153.9,149.8,45.0
35,male,165.3,84.8,84.8,maintenance,moderate,non_vegetarian,7.4,3,5,1711.3,2652.5,2529.3,145.2,310.1,78.7
40,female,159.7,62.9,48.7,weight_loss,sedentary,keto,8.2,8,3,1265.9,1519.1,1200.0,75.0,15.0,93.3
18,male,164.8,69.8,59.0,weight_loss,very_active,vegan,8.6,10,6,1643.4,3122.5,2704.2,145.8,361.3,75.1
18,male,153.3,71.7,72.6,endurance,moderate,vegetarian,6.0,9,1,1590.2,2464.9,2709.0,134.1,353.5,84.3
42,female,159.8,59.1,50.7,weight_loss,active,non_vegetarian,5.7,4,5,1218.1,2101.2,1656.7,119.8,190.9,46.0
18,male,172.9,80.7,80.7,maintenance,light,vegetarian,8.5,2,5,1802.2,2478.1,2511.5,131.1,321.0,78.1
24,female,163.2,40.0,47.2,muscle_gain,active,vegan,5.7,6,4,1080.7,1864.1,2170.4,86.1,320.8,60.3
34,male,168.1,78.8,78.3,endurance,moderate,keto,6.5,6,3,1674.1,2594.9,2832.4,177.0,35.4,220.3
26,female,164.2,52.4,40.5,weight_loss,light,keto,7.0,8,3,1259.7,1732.1,1224.4,76.5,15.3,95.2
36,male,177.3,69.8,71.1,endurance,active,non_vegetarian,6.0,5,4,1630.7,2813.0,3033.3,124.2,421.7,94.4
37,female,148.7,77.9,73.8,weight_loss,very_active,keto,6.9,5,4,1362.2,2588.1,2067.0,129.2,25.8,160.8
34,male,185.6,58.8,57.6,endurance,very_active,non_vegetarian,6.5,8,1,1582.8,3007.4,3139.1,108.8,456.1,97.7
27,female,157.5,84.8,84.8,maintenance,active,keto,6.3,1,2,1536.7,2650.7,2582.6,161.4,32.3,200.9
24,female,164.4,49.6,49.6,maintenance,active,vegetarian,8.6,7,2,1242.4,2143.2,2117.8,89.1,292.1,65.9
33,female,160.7,62.9,71.3,muscle_gain,sedentary,vegetarian,8.9,10,6,1307.0,1568.4,1887.9,135.1,219.0,52.4
18,female,165.3,85.1,86.6,endurance,very_active,keto,7.7,8,6,1632.4,3101.6,3303.4,206.5,41.3,256.9
32,male,181.5,60.2,60.2,maintenance,very_active,vegetarian,6.1,1,2,1581.9,3005.7,3159.2,111.6,457.0,98.3
32,female,174.4,55.2,53.9,endurance,light,vegan,7.0,6,1,1321.2,1816.6,2126.6,92.8,289.9,66.2
37,female,166.9,66.8,66.8,maintenance,very_active,vegetarian,8.2,3,1,1365.0,2593.6,2574.2,117.2,346.1,80.1
42,male,177.1,50.5,50.5,maintenance,moderate,vegan,7.9,6,1,1406.6,2180.3,2107.2,84.9,294.3,65.6
28,female,165.2,63.3,69.9,muscle_gain,sedentary,non_vegetarian,7.2,6,2,1364.5,1637.4,2060.1,133.7,252.6,57.2
18,male,177.1,52.5,61.3,muscle_gain,light,non_vegetarian,7.5,9,5,1547.7,2128.0,2534.5,117.5,357.7,70.4
29,male,179.4,65.9,64.4,endurance,active,vegetarian,5.6,6,3,1640.0,2829.1,3145.3,108.0,458.1,97.9
40,female,167.1,62.4,66.6,muscle_gain,active,vegan,8.1,2,2,1307.7,2255.8,2651.2,130.5,366.7,73.6
22,male,182.8,101.1,105.0,muscle_gain,light,vegan,5.8,2,1,2048.7,2817.0,3268.7,206.1,406.8,90.8
22,male,178.9,59.9,58.7,endurance,active,vegetarian,7.8,10,1,1612.0,2780.8,3031.9,96.4,449.4,94.3
34,female,149.9,50.1,46.3,weight_loss,moderate,vegetarian,8.1,2,5,1106.5,1715.1,1204.8,110.2,115.6,33.5
26,male,166.3,83.4,86.6,muscle_gain,light,vegan,8.1,5,5,1749.0,2404.9,2775.6,170.4,350.0,77.1
28,female,157.7,76.6,76.6,maintenance,light,non_vegetarian,5.7,10,1,1450.5,1994.5,2093.5,134.2,242.7,65.1
25,male,171.1,84.9,94.2,muscle_gain,moderate,non_vegetarian,8.9,2,2,1798.2,2787.1,3103.5,183.5,398.4,86.2
28,female,168.2,41.1,41.1,maintenance,very_active,non_vegetarian,8.9,3,3,1161.0,2205.9,2293.1,71.2,341.6,71.3
30,female,160.1,62.9,62.5,endurance,light,non_vegetarian,6.6,8,1,1319.0,1813.7,2011.4,115.0,247.0,62.6
18,male,188.0,78.6,78.8,endurance,moderate,vegan,6.6,2,4,1875.5,2907.1,3148.4,126.7,439.9,98.0
39,female,155.9,69.7,70.4,endurance,very_active,vegan,6.3,7,3,1314.9,2498.3,2676.6,129.1,352.6,83.3
38,female,148.1,62.8,72.4,muscle_gain,sedentary,keto,6.8,1,6,1202.8,1443.4,1760.9,110.1,22.0,137.0
34,female,166.3,55.5,46.2,weight_loss,active,keto,7.9,2,2,1263.4,2179.4,1643.5,102.7,20.5,127.8
28,female,156.7,74.1,75.1,endurance,very_active,vegetarian,6.1,6,2,1419.6,2697.2,2865.1,138.4,377.4,89.1
18,female,160.4,51.5,55.4,muscle_gain,very_active,keto,8.4,8,3,1266.7,2406.8,2621.9,163.9,32.8,203.9
18,female,163.8,79.9,80.6,endurance,moderate,keto,8.8,8,5,1572.0,2436.6,2661.3,166.3,33.3,207.0
23,female,166.2,58.5,62.4,muscle_gain,active,vegetarian,6.3,3,1,1347.6,2324.6,2618.9,125.6,365.5,72.7
18,male,162.0,72.5,61.4,weight_loss,sedentary,keto,8.9,7,5,1652.8,1983.4,1490.4,93.2,18.6,115.9
29,female,160.1,52.7,61.0,muscle_gain,moderate,vegetarian,7.3,8,4,1221.1,1892.6,2283.6,115.9,312.4,63.4
18,male,182.2,64.0,64.0,maintenance,active,keto,7.3,9,3,1693.5,2921.3,2855.3,178.5,35.7,222.1
18,male,172.0,91.7,84.1,weight_loss,active,vegetarian,6.8,8,1,1906.5,3288.7,2831.8,192.1,338.8,78.7
39,male,180.2,62.5,71.7,muscle_gain,very_active,vegan,7.0,5,6,1561.6,2967.0,3284.1,128.1,487.7,91.2
22,female,172.3,49.6,50.2,endurance,sedentary,keto,7.9,10,4,1302.3,1562.8,1810.1,113.1,22.6,140.8
38,female,175.8,59.1,64.8,muscle_gain,very_active,vegetarian,8.9,10,6,1338.6,2543.4,2955.2,127.0,427.1,82.1
52,female,158.7,45.6,45.6,maintenance,moderate,vegetarian,5.7,6,3,1026.5,1591.1,1501.4,73.3,197.0,46.7
37,male,160.9,72.8,72.8,maintenance,active,vegetarian,9.0,7,3,1553.7,2680.2,2715.3,125.8,362.9,84.5
31,male,179.4,81.1,88.6,muscle_gain,light,non_vegetarian,8.7,2,3,1782.4,2450.8,2908.2,176.6,368.6,80.8
20,male,170.6,67.2,67.2,maintenance,light,vegetarian,5.6,7,5,1643.0,2259.1,2315.4,118.4,298.5,72.0
39,female,166.2,78.2,78.2,maintenance,sedentary,keto,7.6,6,4,1464.5,1757.4,1695.3,106.0,21.2,131.9
46,female,173.7,72.8,72.8,maintenance,very_active,vegetarian,5.9,4,3,1422.7,2703.1,2847.6,134.1,378.4,88.6
18,female,159.3,55.2,55.2,maintenance,light,vegan,7.0,8,6,1296.6,1782.8,1821.4,94.3,233.5,56.7
19,male,182.1,97.2,100.5,muscle_gain,moderate,vegan,6.9,4,5,2019.7,3130.6,3553.2,223.4,442.8,98.7
32,male,168.1,66.1,59.8,weight_loss,very_active,vegan,7.4,7,2,1557.0,2958.4,2550.6,143.4,335.0,70.8
37,female,162.7,59.0,50.8,weight_loss,moderate,vegan,6.2,7,3,1260.9,1954.4,1366.0,127.6,128.6,37.9
19,female,176.4,48.6,55.6,muscle_gain,sedentary,non_vegetarian,8.9,8,3,1332.7,1599.3,1960.3,100.3,267.1,54.5
40,female,154.2,66.2,58.8,weight_loss,very_active,non_vegetarian,6.0,5,4,1265.0,2403.5,1957.1,135.3,231.6,54.4
30,female,183.1,44.0,44.0,maintenance,sedentary,non_vegetarian,6.4,5,6,1273.0,1527.6,1576.1,81.6,202.2,49.0
28,male,182.2,84.2,84.2,maintenance,very_active,non_vegetarian,5.9,4,1,1845.4,3506.2,3429.1,145.0,472.2,106.7
32,male,161.1,86.4,86.4,maintenance,active,keto,7.5,7,4,1716.6,2961.1,2987.6,186.7,37.3,232.4
36,male,184.5,83.1,87.1,muscle_gain,light,vegan,8.3,9,2,1809.4,2487.9,2850.5,172.6,361.8,79.2
21,male,170.3,94.6,96.0,endurance,sedentary,vegetarian,7.6,2,4,1910.5,2292.6,2600.0,153.7,314.3,80.9
27,female,163.3,53.1,47.3,weight_loss,active,non_vegetarian,7.3,2,5,1256.2,2167.0,1725.6,115.3,208.3,47.9
36,female,176.6,53.5,53.9,endurance,sedentary,non_vegetarian,6.6,10,6,1297.3,1556.7,1736.8,98.0,214.7,54.0
32,female,167.5,61.4,65.4,muscle_gain,active,non_vegetarian,8.9,8,4,1340.2,2311.8,2592.1,126.0,360.0,72.0
38,female,168.0,53.0,41.6,weight_loss,active,vegan,7.4,8,6,1229.3,2120.6,1686.5,107.8,208.5,46.8
41,male,177.1,79.1,79.1,maintenance,light,vegan,6.8,5,1,1697.9,2334.6,2373.4,137.8,289.5,73.8
21,male,176.2,47.9,38.3,weight_loss,light,vegan,8.9,6,6,1480.2,2035.2,1575.6,100.2,195.1,43.8
18,male,188.0,73.4,76.5,muscle_gain,active,keto,8.9,5,3,1824.0,3146.3,3474.1,217.1,43.4,270.2
23,male,173.7,97.9,106.9,muscle_gain,moderate,non_vegetarian,7.0,6,6,1954.2,3029.0,3126.8,200.5,385.7,86.9
42,female,165.4,49.5,36.6,weight_loss,moderate,vegetarian,7.1,7,3,1157.7,1794.4,1252.7,113.0,121.9,34.8
46,female,156.4,50.2,41.1,weight_loss,light,vegan,7.6,9,6,1088.0,1496.0,1200.0,105.7,119.4,33.3
33,female,156.4,66.6,67.2,endurance,sedentary,vegetarian,7.1,3,1,1317.7,1581.3,1726.4,110.2,200.6,53.7
41,female,170.4,70.4,77.4,muscle_gain,moderate,vegan,6.4,3,5,1403.0,2174.7,2552.1,143.1,335.4,70.9
47,female,163.0,49.8,49.8,maintenance,active,keto,8.6,3,3,1120.9,1933.6,1959.6,122.5,24.5,152.4
50,male,167.9,72.9,72.9,maintenance,moderate,non_vegetarian,6.8,7,4,1533.7,2377.2,2406.9,118.5,314.7,74.9
29,male,168.1,93.7,79.8,weight_loss,sedentary,non_vegetarian,6.2,3,1,1847.9,2217.5,1837.1,214.8,129.7,51.0
31,female,156.7,45.4,44.0,endurance,very_active,vegan,6.1,10,1,1117.3,2122.9,2340.9,85.7,335.7,72.8
41,male,179.8,78.0,76.5,endurance,active,keto,8.0,4,3,1703.4,2938.4,3082.9,192.7,38.5,239.8
19,female,168.8,75.0,74.7,endurance,active,non_vegetarian,6.3,5,6,1548.9,2671.9,2738.7,124.6,368.4,85.2
45,male,180.6,97.6,98.8,endurance,light,keto,5.6,5,2,1884.6,2591.4,2679.0,167.4,33.5,208.4
18,female,162.0,70.0,73.6,muscle_gain,moderate,keto,7.1,6,6,1461.6,2265.4,2756.4,172.3,34.5,214.4
37,female,161.3,51.7,59.9,muscle_gain,active,keto,6.4,2,5,1179.0,2033.7,2471.7,154.5,30.9,192.2
20,male,189.0,74.0,65.3,weight_loss,moderate,non_vegetarian,7.6,10,6,1826.6,2831.2,2442.5,155.9,302.2,67.8
36,male,174.9,70.7,64.1,weight_loss,moderate,keto,6.9,6,2,1625.4,2519.4,1998.8,124.9,25.0,155.5
34,male,176.6,69.7,76.2,muscle_gain,moderate,non_vegetarian,8.6,3,1,1635.7,2535.4,2871.0,158.9,379.3,79.8
30,female,148.1,69.5,68.0,endurance,light,vegan,5.9,5,6,1309.6,1800.7,1941.9,112.1,237.5,60.4
18,female,151.2,42.5,43.0,endurance,moderate,vegan,6.4,6,4,1118.7,1733.9,1855.3,77.7,256.3,57.7
22,male,191.6,70.6,70.6,maintenance,active,non_vegetarian,8.7,8,1,1799.0,3103.3,3119.9,124.7,436.8,97.1
34,male,177.0,76.9,81.2,muscle_gain,sedentary,non_vegetarian,6.1,8,4,1710.7,2052.9,2316.7,164.6,269.7,64.4
44,male,190.5,54.4,53.8,endurance,sedentary,keto,8.0,8,4,1519.8,1823.7,1961.6,122.6,24.5,152.6
27,female,156.2,70.1,62.9,weight_loss,light,vegetarian,6.5,3,6,1381.3,1899.2,1368.7,144.5,112.2,38.0
51,female,171.3,66.6,73.3,muscle_gain,very_active,vegetarian,7.0,2,2,1320.3,2508.7,2946.7,144.6,407.8,81.9
41,female,159.1,54.2,47.8,weight_loss,moderate,vegetarian,5.9,6,5,1170.1,1813.7,1316.8,124.4,122.4,36.6
38,male,177.1,55.9,55.9,maintenance,light,vegetarian,8.4,8,4,1481.2,2036.6,1987.6,90.8,267.0,61.8
29,female,162.5,87.7,76.8,weight_loss,moderate,vegetarian,6.6,10,2,1586.1,2458.5,1877.1,200.4,151.6,52.1
35,male,187.9,109.8,97.2,weight_loss,moderate,vegan,7.4,10,4,2102.5,3258.8,2725.3,244.1,266.9,75.7
34,male,180.6,80.7,79.7,endurance,moderate,non_vegetarian,6.9,1,2,1770.9,2744.8,2936.1,147.8,380.8,91.3
34,male,155.7,87.5,88.1,endurance,active,vegan,6.0,5,4,1683.9,2904.7,3116.4,165.1,395.8,97.0
27,female,177.3,55.9,55.9,maintenance,very_active,non_vegetarian,5.8,6,5,1371.3,2605.5,2574.0,95.5,367.8,80.1
49,male,169.3,70.3,70.2,endurance,active,keto,7.5,7,1,1521.4,2624.4,2811.9,175.7,35.1,218.7
38,female,164.5,48.5,48.5,maintenance,very_active,non_vegetarian,7.0,1,5,1161.7,2207.3,2172.0,83.9,307.0,67.6
23,female,162.5,69.1,70.8,endurance,light,non_vegetarian,7.8,2,3,1430.5,1966.9,2194.1,121.5,273.4,68.3
18,female,170.4,67.0,66.2,endurance,sedentary,keto,8.9,5,2,1484.6,1781.5,2063.8,129.0,25.8,160.5
34,female,170.7,69.6,69.6,maintenance,very_active,vegetarian,8.7,9,1,1431.9,2720.6,2830.5,122.9,386.5,88.1
35,female,162.3,91.3,91.9,endurance,sedentary,keto,7.5,5,3,1591.2,1909.4,2165.6,135.3,27.1,168.4
35,female,154.1,48.5,44.1,weight_loss,very_active,vegetarian,6.1,3,4,1112.3,2113.4,1627.6,106.6,198.6,45.2
31,male,171.1,80.0,73.2,weight_loss,active,vegan,8.2,8,5,1719.0,2965.3,2582.8,177.4,307.0,71.7
36,female,155.0,62.7,62.7,maintenance,light,non_vegetarian,8.1,10,3,1254.4,1724.9,1683.2,103.8,199.1,52.4
26,male,172.7,71.3,69.3,endurance,very_active,vegetarian,6.1,8,4,1667.4,3168.2,3241.3,116.6,466.9,100.8
28,female,159.1,40.0,40.8,endurance,moderate,vegan,7.9,5,1,981.7,1521.6,1827.7,75.6,253.3,56.9
40,male,173.0,78.3,82.1,muscle_gain,sedentary,non_vegetarian,8.9,1,2,1668.8,2002.6,2269.9,157.0,268.5,63.1
46,female,176.3,65.9,74.8,muscle_gain,light,keto,8.5,9,2,1369.6,1883.1,2301.7,143.9,28.8,179.0
31,male,165.3,72.2,72.2,maintenance,active,non_vegetarian,5.6,3,2,1605.5,2769.5,2780.5,125.8,374.7,86.5
25,female,161.5,62.9,64.3,endurance,active,vegetarian,6.2,10,4,1352.2,2332.6,2526.4,111.7,343.0,78.6
30,male,167.5,68.0,68.0,maintenance,sedentary,vegetarian,8.0,7,4,1581.6,1897.9,1824.8,121.7,206.7,56.8
39,female,148.3,77.8,69.0,weight_loss,active,keto,7.6,10,6,1349.1,2327.1,1903.1,118.9,23.8,148.0
26,female,144.8,59.7,65.7,muscle_gain,sedentary,vegetarian,5.7,7,4,1210.5,1452.6,1799.1,125.1,212.2,50.0
19,male,171.9,99.4,99.2,endurance,very_active,vegan,6.1,4,4,1978.5,3759.1,4038.1,172.0,554.9,125.6
20,female,151.8,60.1,60.5,endurance,light,non_vegetarian,8.7,8,2,1288.6,1771.8,1959.2,108.5,244.1,61.0
34,female,159.3,70.1,71.3,endurance,active,vegan,8.5,10,2,1365.7,2355.8,2704.2,129.0,357.8,84.1
38,female,162.7,61.8,56.7,weight_loss,active,non_vegetarian,7.2,7,4,1283.7,2214.3,1696.0,126.5,191.5,47.1
41,female,158.6,64.5,74.5,muscle_gain,light,vegetarian,6.4,3,2,1270.7,1747.3,2100.5,135.9,258.1,58.3
24,male,165.0,82.5,78.1,weight_loss,moderate,keto,6.3,9,2,1741.6,2699.5,2195.4,137.2,27.4,170.8
35,female,159.3,78.6,78.6,maintenance,moderate,vegan,8.2,9,3,1445.9,2241.2,2182.2,143.9,248.9,67.9
47,male,162.0,84.1,71.5,weight_loss,sedentary,keto,8.9,2,1,1623.5,1948.2,1468.8,91.8,18.4,114.2
22,male,179.4,95.9,90.9,weight_loss,very_active,vegetarian,6.2,6,2,1975.4,3753.2,3036.8,195.2,374.1,84.4
35,female,145.5,52.4,53.3,endurance,very_active,keto,5.8,6,3,1097.8,2085.8,2397.5,149.8,30.0,186.5
24,male,166.6,75.2,60.6,weight_loss,light,keto,8.2,1,2,1678.6,2308.1,1920.2,120.0,24.0,149.3
18,female,155.6,82.0,82.0,maintenance,moderate,non_vegetarian,6.8,7,3,1541.4,2389.2,2522.4,133.3,320.7,78.5
28,male,166.1,107.3,115.8,muscle_gain,very_active,keto,6.0,7,4,1976.5,3755.3,4301.7,268.9,53.8,334.6
36,female,157.3,63.4,65.2,endurance,very_active,vegan,8.2,9,1,1276.3,2425.0,2612.4,109.9,360.3,81.3
33,male,187.6,90.3,90.3,maintenance,moderate,keto,8.9,3,4,1915.7,2969.3,2873.3,179.6,35.9,223.5
43,male,178.5,87.6,89.2,endurance,sedentary,non_vegetarian,7.7,9,3,1781.8,2138.2,2441.1,141.7,297.8,75.9
18,female,162.7,57.6,58.5,endurance,very_active,vegan,6.7,5,5,1342.4,2550.6,2621.2,97.6,374.3,81.5
33,male,196.1,52.2,53.8,endurance,active,non_vegetarian,7.7,8,6,1588.0,2739.2,2936.4,93.3,435.2,91.4
36,female,163.9,62.6,60.9,endurance,light,vegan,6.9,3,5,1309.6,1800.6,1922.7,110.3,235.8,59.8
32,female,157.7,40.0,46.6,muscle_gain,sedentary,vegan,6.1,1,5,1041.9,1250.2,1657.6,89.1,221.8,46.0
39,female,163.4,66.7,76.6,muscle_gain,moderate,keto,5.9,1,3,1332.5,2065.4,2493.2,155.8,31.2,193.9
32,female,169.3,60.4,60.4,maintenance,sedentary,vegetarian,8.8,8,3,1341.6,1609.9,1673.3,110.3,190.8,52.1
33,male,177.6,60.2,61.4,endurance,moderate,non_vegetarian,7.5,9,5,1551.9,2405.4,2627.9,114.2,358.7,81.8
21,male,170.9,66.6,66.6,maintenance,moderate,vegan,8.4,10,6,1633.9,2532.6,2451.6,119.9,321.3,76.3
51,male,186.7,104.9,103.3,endurance,very_active,non_vegetarian,6.2,6,4,1965.4,3734.3,3790.0,184.1,498.1,117.9
30,male,165.7,68.3,71.9,muscle_gain,active,keto,5.7,3,4,1572.9,2713.3,2978.9,186.2,37.2,231.7
42,male,172.8,93.0,93.7,endurance,sedentary,vegan,7.5,7,3,1804.8,2165.7,2408.6,160.0,273.6,74.9
53,female,152.6,79.1,80.0,endurance,active,keto,7.0,3,2,1319.1,2275.5,2560.6,160.0,32.0,199.2
20,male,184.1,82.7,84.6,endurance,active,non_vegetarian,7.4,4,4,1882.4,3247.2,3423.6,145.1,471.2,106.5
21,female,158.0,88.6,74.5,weight_loss,light,vegan,8.5,2,1,1607.3,2210.0,1710.0,180.4,140.2,47.5
37,female,157.5,54.6,54.6,maintenance,sedentary,non_vegetarian,6.6,6,3,1184.6,1421.5,1467.6,89.3,174.8,45.7
18,female,160.1,64.4,63.0,endurance,sedentary,non_vegetarian,5.7,5,3,1393.7,1672.4,1878.7,114.4,223.9,58.4
28,male,179.2,87.7,91.6,muscle_gain,active,vegetarian,8.5,7,4,1861.8,3211.6,3640.1,184.6,497.9,101.1
20,female,161.0,78.3,78.2,endurance,moderate,keto,8.0,10,2,1528.7,2369.5,2638.4,164.9,33.0,205.2
18,male,178.8,50.3,48.9,endurance,active,keto,8.0,2,5,1535.6,2648.9,2853.0,178.3,35.7,221.9
48,female,156.4,54.0,53.4,endurance,light,keto,5.7,8,6,1116.2,1534.7,1774.5,110.9,22.2,138.0
18,female,158.6,71.2,61.3,weight_loss,light,vegetarian,8.0,9,6,1451.6,1996.0,1467.5,159.4,115.7,40.8
27,male,182.0,83.9,69.4,weight_loss,light,vegetarian,8.1,9,1,1846.2,2538.6,2054.9,180.9,204.4,57.1
26,male,179.0,76.3,84.8,muscle_gain,sedentary,vegan,8.0,10,4,1756.2,2107.4,2491.2,158.2,308.9,69.2
25,male,174.5,64.1,64.1,maintenance,active,vegetarian,8.8,6,4,1612.3,2781.2,2778.3,112.0,388.2,86.4
21,male,167.1,81.6,81.1,endurance,sedentary,vegan,8.9,9,2,1760.5,2112.6,2327.4,132.8,286.1,72.4
37,female,160.0,68.9,77.3,muscle_gain,light,vegan,8.8,3,1,1342.9,1846.4,2232.7,141.0,277.7,62.0
34,female,157.2,65.8,70.9,muscle_gain,sedentary,vegetarian,6.0,6,3,1309.6,1571.5,1942.5,133.5,230.6,54.0
30,female,148.4,65.9,60.0,weight_loss,sedentary,non_vegetarian,6.3,9,5,1275.7,1530.9,1200.0,143.6,81.5,33.3
26,female,157.9,68.5,61.7,weight_loss,moderate,vegetarian,5.7,1,4,1380.7,2140.1,1655.5,148.4,162.0,46.0
41,male,165.9,88.2,82.2,weight_loss,moderate,vegetarian,8.2,5,5,1719.5,2665.2,2203.6,191.1,222.1,61.2
28,female,165.4,76.4,77.5,endurance,sedentary,non_vegetarian,7.4,3,2,1496.1,1795.3,2047.5,125.5,243.0,63.7
18,female,168.7,63.2,64.5,endurance,sedentary,vegetarian,7.7,3,1,1435.9,1723.0,1927.2,119.3,227.5,60.0
30,male,174.8,94.7,96.1,endurance,moderate,vegan,6.7,4,5,1894.3,2936.2,3128.3,162.3,400.9,97.3
18,female,160.2,66.1,59.5,weight_loss,light,vegetarian,5.9,3,6,1412.0,1941.5,1494.6,140.0,140.3,41.5
36,female,157.0,93.8,95.3,endurance,light,vegan,7.7,8,3,1578.8,2170.8,2389.6,176.7,253.5,74.3
42,male,174.8,85.5,85.5,maintenance,moderate,non_vegetarian,7.6,1,6,1742.1,2700.2,2768.2,148.6,349.7,86.1
42,male,184.5,90.2,87.1,weight_loss,very_active,keto,5.5,3,4,1850.0,3515.0,2986.5,186.7,37.3,232.3
24,female,165.3,75.2,76.3,endurance,very_active,vegetarian,5.8,1,6,1504.3,2858.1,3037.7,135.0,411.8,94.5
40,female,173.2,53.0,40.1,weight_loss,moderate,keto,6.8,3,6,1251.3,1939.6,1403.4,87.7,17.5,109.2
28,male,178.5,70.7,56.5,weight_loss,active,vegan,6.3,1,3,1686.9,2910.0,2507.7,150.8,319.3,69.7
34,female,163.3,46.8,55.5,muscle_gain,sedentary,vegan,8.9,6,1,1157.2,1388.6,1670.0,96.7,216.4,46.4
32,female,148.1,76.2,74.2,endurance,very_active,non_vegetarian,7.7,2,3,1366.0,2595.3,2782.1,144.4,356.3,86.6
62,female,179.2,61.8,69.4,muscle_gain,very_active,non_vegetarian,7.9,10,2,1266.9,2407.2,2748.4,134.1,381.3,76.3
39,male,189.6,55.1,59.9,muscle_gain,sedentary,non_vegetarian,6.3,9,6,1545.8,1855.0,2086.8,119.6,271.6,58.0
23,female,167.1,70.0,77.8,muscle_gain,sedentary,vegan,5.5,7,6,1467.9,1761.4,2179.2,158.5,250.2,60.5
18,male,157.5,90.0,90.0,maintenance,active,keto,6.5,9,4,1799.3,3103.8,3026.7,189.2,37.8,235.4
18,female,164.0,73.5,73.5,maintenance,very_active,vegetarian,6.3,5,4,1509.3,2867.6,2857.1,137.1,377.1,88.9
25,female,161.9,59.6,59.6,maintenance,sedentary,keto,6.2,2,5,1321.3,1585.6,1521.4,95.1,19.0,118.3
22,male,180.2,82.5,91.9,muscle_gain,active,vegetarian,6.7,2,6,1846.1,3184.5,3552.3,169.9,496.1,98.7
20,male,174.5,47.5,34.8,weight_loss,active,keto,7.6,6,3,1471.1,2537.7,2048.6,128.0,25.6,159.3
44,male,164.2,69.8,55.3,weight_loss,active,non_vegetarian,8.4,9,2,1509.3,2603.5,2124.2,157.0,241.3,59.0
42,male,172.4,68.3,68.6,endurance,sedentary,keto,5.8,1,1,1555.7,1866.8,1944.7,121.5,24.3,151.3
31,female,177.3,67.3,67.3,maintenance,sedentary,non_vegetarian,8.3,1,3,1465.4,1758.4,1757.3,108.9,207.3,54.7
33,female,162.9,54.2,44.5,weight_loss,sedentary,vegetarian,6.8,2,5,1234.7,1481.6,1200.0,113.2,111.9,33.3
32,female,163.1,52.3,58.5,muscle_gain,very_active,vegetarian,7.0,10,5,1221.5,2320.8,2775.2,111.9,408.4,77.1
36,male,171.6,92.0,92.0,maintenance,sedentary,keto,7.3,10,2,1817.6,2181.1,2148.6,134.3,26.9,167.1
22,male,169.9,53.2,43.1,weight_loss,sedentary,vegetarian,8.7,3,6,1489.1,1786.9,1305.1,119.8,124.8,36.3
18,female,154.4,40.0,40.0,maintenance,active,keto,8.0,8,2,1104.9,1906.0,1901.1,118.8,23.8,147.9
28,male,173.4,63.4,67.3,muscle_gain,sedentary,vegetarian,7.3,6,3,1582.7,1899.2,2170.1,137.9,269.0,60.3
34,male,171.6,82.4,89.6,muscle_gain,active,vegan,8.9,9,5,1731.8,2987.3,3248.7,172.0,437.2,90.2
31,male,186.4,86.2,78.1,weight_loss,light,vegetarian,6.2,4,1,1877.2,2581.2,2055.4,177.5,207.9,57.1
32,female,161.3,64.1,71.3,muscle_gain,active,keto,6.7,10,5,1328.2,2291.1,2615.3,163.5,32.7,203.4
28,female,164.5,52.1,52.1,maintenance,active,vegan,7.1,1,4,1247.8,2152.5,2086.9,85.9,289.8,64.9
18,male,163.2,61.0,52.4,weight_loss,light,non_vegetarian,7.2,6,6,1544.6,2123.8,1631.5,125.9,180.1,45.3
21,female,166.6,64.4,73.2,muscle_gain,active,non_vegetarian,5.5,6,1,1419.4,2448.4,2633.2,128.9,364.9,73.1
36,male,182.5,64.1,68.5,muscle_gain,moderate,keto,7.5,6,1,1606.4,2489.9,2875.7,179.7,35.9,223.7
21,male,176.8,60.3,64.5,muscle_gain,light,vegan,8.0,6,5,1607.9,2210.8,2423.0,136.6,317.7,67.3
26,male,175.0,72.4,76.6,muscle_gain,light,vegetarian,5.9,3,4,1693.1,2328.1,2582.9,150.5,333.9,71.7
26,male,178.2,77.4,77.4,maintenance,light,vegan,6.8,6,6,1762.2,2423.0,2436.3,134.4,304.1,75.8
23,male,185.4,61.5,60.1,endurance,sedentary,vegetarian,8.3,4,5,1663.9,1996.7,2228.8,115.5,285.8,69.3
41,female,166.4,61.6,61.6,maintenance,moderate,keto,8.9,4,1,1289.5,1998.7,1967.0,122.9,24.6,153.0
40,male,164.6,64.4,64.4,maintenance,light,vegan,7.7,5,2,1478.0,2032.3,2008.1,107.8,253.6,62.5
42,female,165.7,52.4,60.9,muscle_gain,sedentary,keto,7.7,3,5,1188.2,1425.8,1759.3,110.0,22.0,136.8
23,female,158.0,75.7,75.7,maintenance,active,keto,6.1,6,5,1469.2,2534.3,2430.0,151.9,30.4,189.0
46,female,168.8,77.1,77.4,endurance,active,vegan,8.3,1,2,1434.9,2475.2,2638.0,138.1,336.7,82.1
28,male,164.5,70.7,76.5,muscle_gain,active,non_vegetarian,8.6,10,2,1599.9,2759.8,3155.9,147.9,443.8,87.7
42,female,155.2,59.6,59.6,maintenance,very_active,vegetarian,5.8,8,5,1195.5,2271.4,2261.0,97.8,309.3,70.3
18,female,167.1,55.3,61.6,muscle_gain,very_active,vegetarian,7.0,8,4,1346.7,2558.8,2891.8,120.9,421.4,80.3
25,female,157.5,63.9,63.9,maintenance,active,vegan,5.6,8,2,1337.4,2307.0,2292.0,107.5,305.1,71.3
26,female,157.9,67.8,61.3,weight_loss,moderate,vegetarian,7.4,2,3,1374.2,2130.0,1710.9,145.8,175.1,47.5
31,male,184.0,58.5,51.2,weight_loss,sedentary,vegetarian,6.7,6,3,1585.2,1902.2,1408.8,126.6,137.6,39.1
19,female,152.7,55.1,55.1,maintenance,light,non_vegetarian,8.1,9,3,1249.4,1717.9,1779.4,104.7,215.5,55.4
39,male,177.9,56.5,56.5,maintenance,moderate,vegan,6.9,7,5,1487.6,2305.7,2292.2,103.7,308.9,71.3
33,male,177.4,52.2,53.7,endurance,very_active,non_vegetarian,8.0,4,4,1470.6,2794.2,2914.3,87.1,437.4,90.7
29,male,180.3,47.3,48.5,endurance,active,vegan,6.2,7,2,1459.4,2517.4,2704.2,80.1,406.7,84.1
31,female,168.9,72.3,71.8,endurance,very_active,vegetarian,5.9,1,4,1463.1,2779.8,3031.9,128.2,417.6,94.3
22,female,149.6,59.3,59.3,maintenance,light,keto,7.0,7,6,1257.1,1728.5,1780.5,111.3,22.3,138.5
43,female,168.0,69.2,69.2,maintenance,very_active,vegetarian,5.6,3,2,1365.4,2594.2,2623.7,122.5,349.8,81.6
24,female,162.1,84.0,85.8,endurance,active,non_vegetarian,6.9,8,1,1572.3,2712.3,2830.0,136.0,373.5,88.0
46,female,160.7,79.9,78.6,endurance,moderate,vegetarian,6.1,10,4,1412.7,2189.7,2288.8,144.0,268.0,71.2
35,male,170.1,58.2,67.6,muscle_gain,light,vegetarian,6.2,5,6,1475.0,2028.2,2393.7,123.1,325.7,66.5
40,male,169.2,57.0,57.1,endurance,sedentary,vegan,8.5,7,4,1432.9,1719.5,1914.2,94.1,250.4,59.6
29,male,180.4,91.3,82.6,weight_loss,light,keto,5.7,4,2,1900.4,2613.0,2109.2,131.8,26.4,164.0
48,male,177.8,73.2,73.2,maintenance,active,keto,6.1,10,3,1607.7,2773.3,2639.2,164.9,33.0,205.3
27,male,173.3,91.4,89.4,endurance,moderate,non_vegetarian,5.7,7,5,1867.6,2894.8,3137.8,150.2,414.6,97.6
18,male,177.4,87.4,87.4,maintenance,very_active,keto,7.1,10,1,1897.6,3605.5,3770.8,235.7,47.1,293.3
38,male,182.1,78.8,78.8,maintenance,active,vegan,8.0,5,4,1741.5,3004.0,3039.0,142.6,404.5,94.5
42,male,165.3,73.1,74.7,endurance,light,non_vegetarian,7.1,3,6,1559.4,2144.2,2289.9,133.0,279.3,71.2
33,male,185.8,69.6,71.1,endurance,sedentary,non_vegetarian,8.6,9,3,1697.9,2037.5,2077.1,114.7,259.2,64.6
25,male,183.3,85.5,95.4,muscle_gain,active,keto,7.4,6,1,1880.9,3244.6,3640.8,227.6,45.5,283.2
27,male,165.8,85.2,85.2,maintenance,active,keto,6.1,4,5,1758.2,3032.9,2957.0,184.8,37.0,230.0
51,male,180.6,69.9,70.5,endurance,sedentary,vegetarian,7.1,6,6,1577.2,1892.7,2054.3,126.0,243.8,63.9
29,female,161.3,77.4,80.5,muscle_gain,active,vegetarian,8.7,6,6,1476.3,2546.6,2912.8,157.5,388.7,80.9
22,female,176.2,64.6,62.9,endurance,active,vegetarian,8.0,8,2,1476.4,2546.7,2810.1,116.1,389.8,87.4
23,female,165.5,67.7,67.7,maintenance,light,non_vegetarian,7.6,3,3,1436.0,1974.5,1862.5,125.3,210.0,57.9
50,male,186.3,72.4,73.1,endurance,light,vegetarian,6.5,8,3,1643.9,2260.4,2379.0,116.1,312.1,74.0
33,male,176.7,83.0,89.1,muscle_gain,sedentary,non_vegetarian,7.7,9,6,1774.1,2129.0,2493.2,167.2,300.2,69.3
35,male,187.6,86.0,84.2,endurance,moderate,keto,5.5,7,2,1861.9,2885.9,2988.8,186.8,37.4,232.5
43,male,189.1,122.1,122.1,maintenance,light,non_vegetarian,7.0,1,3,2193.3,3015.8,2914.2,198.7,325.8,90.7
32,male,159.3,85.7,73.1,weight_loss,light,vegetarian,6.1,3,1,1698.3,2335.2,1805.0,192.8,145.7,50.1
49,female,157.6,43.7,34.0,weight_loss,moderate,vegan,6.2,9,4,1016.2,1575.0,1200.0,89.9,135.2,33.3
18,female,168.3,40.0,35.7,weight_loss,light,non_vegetarian,5.6,6,1,1192.8,1640.1,1200.0,83.9,141.2,33.3
18,female,160.8,83.7,87.2,muscle_gain,active,non_vegetarian,7.8,6,1,1590.9,2744.4,3127.9,187.9,398.6,86.9
21,male,175.8,78.3,86.7,muscle_gain,active,vegan,9.0,9,5,1781.0,3072.2,3470.7,168.3,482.5,96.4
18,male,180.7,40.1,40.1,maintenance,sedentary,vegan,7.9,3,3,1446.0,1735.2,1702.4,76.0,230.4,53.0
25,male,181.1,78.3,78.3,maintenance,active,vegetarian,7.6,10,4,1794.8,3096.1,2965.5,133.2,400.5,92.3
20,female,164.4,63.1,67.7,muscle_gain,very_active,vegetarian,8.6,5,2,1397.0,2654.2,2952.0,137.9,415.6,82.0
25,female,167.9,57.8,61.2,muscle_gain,very_active,vegetarian,6.5,3,4,1341.1,2548.1,2890.4,122.1,419.8,80.3
51,male,164.6,52.1,40.2,weight_loss,light,keto,6.7,5,3,1299.6,1786.9,1317.1,82.3,16.5,102.4
23,male,173.5,67.1,66.0,endurance,moderate,vegetarian,6.7,4,5,1644.7,2549.3,2727.9,122.1,368.9,84.9
45,male,182.4,90.1,96.8,muscle_gain,light,keto,6.1,1,1,1820.8,2503.6,2732.4,170.8,34.2,212.5
18,female,143.1,54.3,43.7,weight_loss,light,vegetarian,6.2,2,2,1186.4,1631.3,1200.0,110.9,114.2,33.3
35,male,174.2,77.7,83.7,muscle_gain,very_active,vegetarian,6.1,4,2,1695.8,3222.0,3498.2,166.3,489.5,97.2
32,female,168.4,44.6,49.7,muscle_gain,very_active,non_vegetarian,8.9,4,3,1177.4,2237.0,2610.2,96.9,392.5,72.5
39,female,160.1,72.4,64.9,weight_loss,moderate,keto,7.1,7,5,1368.7,2121.4,1758.4,109.9,22.0,136.8
28,female,165.8,55.1,63.4,muscle_gain,active,vegetarian,5.8,5,5,1286.4,2219.0,2583.0,117.3,366.9,71.8
34,male,177.6,63.7,69.9,muscle_gain,moderate,keto,7.1,7,5,1582.0,2452.1,2819.4,176.2,35.2,219.3
44,female,166.1,75.5,63.9,weight_loss,moderate,non_vegetarian,8.7,1,1,1412.8,2189.9,1677.8,155.4,159.2,46.6
37,female,165.0,52.6,54.4,endurance,active,keto,8.9,6,4,1210.9,2088.7,2310.6,144.4,28.9,179.7
20,female,158.6,66.3,66.3,maintenance,very_active,vegetarian,5.6,2,4,1392.8,2646.3,2669.9,114.2,366.3,83.1
18,male,184.4,86.0,94.4,muscle_gain,active,vegan,6.7,8,6,1927.8,3325.4,3597.7,191.4,483.2,99.9
18,female,162.0,58.6,46.8,weight_loss,active,keto,6.3,1,3,1347.9,2325.1,1831.3,114.5,22.9,142.4
26,male,159.9,72.6,82.2,muscle_gain,moderate,keto,6.0,4,5,1600.3,2480.4,2804.5,175.3,35.1,218.1
36,male,170.4,101.5,90.8,weight_loss,sedentary,vegetarian,6.9,10,1,1905.1,2286.1,1683.7,230.9,84.7,46.8
43,male,174.2,90.0,89.0,endurance,light,keto,6.6,9,6,1779.1,2446.3,2652.6,165.8,33.2,206.3
41,female,160.3,50.8,50.8,maintenance,active,vegetarian,7.5,6,2,1144.0,1973.3,2057.4,82.9,287.5,64.0
28,female,164.6,78.8,81.8,muscle_gain,active,vegan,7.2,2,1,1515.6,2614.4,2872.7,161.6,377.0,79.8
35,female,158.9,62.4,61.1,endurance,moderate,keto,6.8,3,2,1281.1,1985.7,2190.4,136.9,27.4,170.4
18,female,157.5,80.2,86.4,muscle_gain,very_active,vegetarian,6.1,1,6,1535.8,2918.0,3354.9,180.0,449.0,93.2
29,male,177.9,73.9,80.0,muscle_gain,moderate,keto,8.7,2,6,1711.0,2652.0,3124.2,195.3,39.1,243.0
27,male,177.9,94.0,86.5,weight_loss,moderate,vegetarian,6.7,10,2,1922.0,2979.2,2421.3,195.8,258.1,67.3
45,female,152.3,83.6,81.8,endurance,sedentary,vegetarian,5.5,10,1,1401.3,1681.6,1860.6,152.6,182.3,57.9
27,male,160.9,71.6,77.2,muscle_gain,very_active,vegetarian,8.9,5,4,1591.8,3024.5,3269.2,154.4,458.6,90.8
23,female,162.0,75.5,75.5,maintenance,very_active,keto,6.7,6,3,1491.7,2834.2,2851.8,178.2,35.6,221.8
33,male,167.2,65.7,65.7,maintenance,active,keto,7.6,6,3,1541.9,2659.8,2803.3,175.2,35.0,218.0
22,male,189.2,74.6,62.9,weight_loss,active,keto,8.6,3,1,1823.8,3146.0,2646.2,165.4,33.1,205.8
40,male,186.2,76.4,76.4,maintenance,light,vegan,7.9,8,5,1733.1,2383.0,2355.2,132.6,291.3,73.3
29,female,165.4,74.7,77.8,muscle_gain,sedentary,vegan,5.7,6,6,1474.5,1769.4,2119.7,157.5,239.9,58.9
36,female,174.5,68.6,74.4,muscle_gain,very_active,keto,7.6,2,3,1435.2,2726.9,3105.6,194.1,38.8,241.5
18,female,144.6,68.7,67.9,endurance,sedentary,keto,6.2,3,5,1339.3,1607.1,1802.0,112.6,22.5,140.2
24,male,177.9,77.2,82.3,muscle_gain,active,vegetarian,7.4,8,2,1768.7,3051.0,3516.1,170.0,489.2,97.7
30,female,157.8,75.9,70.0,weight_loss,active,non_vegetarian,8.8,2,1,1433.9,2473.5,1960.6,155.7,211.8,54.5
35,female,159.7,56.2,42.4,weight_loss,light,vegan,6.3,5,6,1223.9,1682.8,1200.0,125.3,99.8,33.3
30,female,166.4,60.8,56.7,weight_loss,light,keto,7.9,4,5,1336.5,1837.7,1264.0,79.0,15.8,98.3
25,male,182.4,73.8,73.8,maintenance,active,keto,7.8,9,4,1758.1,3032.7,3010.2,188.1,37.6,234.1
39,male,170.3,56.4,61.4,muscle_gain,moderate,vegetarian,6.7,10,2,1438.4,2229.5,2567.1,114.7,366.6,71.3
25,male,168.3,75.5,75.5,maintenance,light,vegan,7.5,1,3,1687.1,2319.8,2354.0,142.4,281.4,73.2
29,male,178.5,103.4,108.6,muscle_gain,active,keto,6.8,3,5,2009.2,3465.9,3776.7,236.0,47.2,293.7
32,male,171.9,66.2,56.7,weight_loss,active,vegetarian,6.0,5,2,1581.0,2727.3,2188.2,141.5,268.8,60.8
25,female,165.5,92.2,90.8,endurance,light,vegan,8.3,1,5,1670.4,2296.8,2443.1,165.9,273.9,76.0
25,female,162.6,68.7,68.7,maintenance,very_active,vegetarian,8.5,10,4,1417.5,2693.2,2714.5,115.6,372.9,84.5
42,male,156.6,44.6,42.8,endurance,moderate,keto,8.3,3,6,1219.5,1890.2,2059.1,128.7,25.7,160.2
40,male,163.5,40.0,49.0,muscle_gain,sedentary,non_vegetarian,6.5,3,1,1185.6,1422.8,1803.2,88.7,249.4,50.1
32,female,155.4,52.2,52.2,maintenance,active,keto,9.0,7,4,1171.8,2021.3,1962.5,122.7,24.5,152.6
31,male,171.0,84.9,84.9,maintenance,moderate,non_vegetarian,7.4,2,2,1767.9,2740.2,2505.5,153.7,297.4,77.9
21,female,155.1,60.9,50.0,weight_loss,moderate,keto,7.5,8,6,1312.7,2034.7,1509.9,94.4,18.9,117.4
37,female,150.0,64.5,64.5,maintenance,light,non_vegetarian,8.1,1,3,1236.9,1700.7,1729.2,107.4,203.8,53.8
48,male,172.1,82.5,90.3,muscle_gain,active,keto,6.1,1,1,1666.3,2874.4,3049.9,190.6,38.1,237.2
18,female,168.9,63.9,62.4,endurance,light,vegetarian,6.7,7,2,1444.0,1985.6,2262.8,112.1,295.2,70.4
18,female,166.6,86.4,91.1,muscle_gain,sedentary,vegetarian,7.9,3,6,1654.8,1985.7,2365.1,185.5,257.9,65.7
32,female,163.1,45.1,38.8,weight_loss,active,keto,7.8,6,1,1149.6,1983.1,1543.4,96.5,19.3,120.0
23,male,180.0,56.1,47.2,weight_loss,sedentary,vegetarian,7.3,1,5,1576.4,1891.7,1342.4,123.5,128.2,37.3
44,female,160.6,81.4,81.4,maintenance,sedentary,non_vegetarian,9.0,7,3,1436.9,1724.3,1720.3,139.6,170.1,53.5
18,male,183.1,69.7,58.1,weight_loss,moderate,vegetarian,7.4,7,6,1757.0,2723.4,2270.0,157.4,268.1,63.1
30,male,163.7,80.3,78.6,endurance,very_active,keto,8.4,9,6,1680.8,3193.6,3617.2,226.1,45.2,281.3
34,male,175.5,93.1,102.1,muscle_gain,sedentary,non_vegetarian,5.5,8,3,1862.7,2235.2,2601.5,205.6,282.1,72.3
32,male,167.3,81.3,70.5,weight_loss,light,non_vegetarian,6.4,1,1,1703.2,2341.8,1899.1,164.7,191.3,52.8
21,male,187.4,76.7,76.7,maintenance,moderate,non_vegetarian,8.8,1,2,1838.4,2849.5,2773.6,132.5,366.7,86.3
39,female,161.0,73.1,62.2,weight_loss,very_active,vegan,7.5,6,5,1381.3,2624.6,2106.0,156.0,238.9,58.5
29,female,166.5,67.5,72.2,muscle_gain,sedentary,vegetarian,6.5,4,2,1409.3,1691.1,1918.9,138.8,221.0,53.3
18,male,183.4,76.2,76.2,maintenance,moderate,non_vegetarian,7.0,9,3,1823.0,2825.6,2781.2,138.6,362.1,86.5
18,female,155.4,40.0,39.8,endurance,light,keto,8.8,7,6,1117.9,1537.1,1731.8,108.2,21.6,134.7
24,male,168.3,77.0,87.0,muscle_gain,sedentary,vegan,6.2,6,5,1707.1,2048.6,2424.8,170.1,284.5,67.4
50,male,163.9,94.2,96.2,endurance,light,vegan,5.6,10,2,1721.7,2367.4,2642.3,163.0,312.6,82.2
22,male,177.6,71.6,71.6,maintenance,sedentary,vegetarian,6.9,6,6,1721.1,2065.3,2076.8,129.3,244.6,64.6
45,male,180.8,85.1,85.1,maintenance,moderate,vegan,8.3,5,1,1761.5,2730.3,2695.1,139.9,345.3,83.8
18,male,174.3,94.9,96.7,endurance,light,keto,8.2,2,2,1953.5,2686.1,2753.8,172.1,34.4,214.2
19,female,163.9,52.2,53.0,endurance,sedentary,vegan,7.4,10,1,1290.1,1548.1,1706.6,97.1,210.1,53.1
25,male,165.1,64.4,68.7,muscle_gain,moderate,keto,8.3,9,5,1555.3,2410.8,2819.0,176.2,35.2,219.3
18,female,151.8,56.4,55.4,endurance,very_active,non_vegetarian,8.0,3,2,1262.2,2398.3,2655.3,101.9,376.1,82.6
28,female,159.7,64.5,64.5,maintenance,sedentary,vegan,6.4,10,4,1342.7,1611.3,1526.9,116.9,158.0,47.5
34,female,165.7,59.1,67.7,muscle_gain,active,vegan,6.5,7,5,1295.4,2234.6,2662.6,127.1,372.0,74.0
18,male,185.0,80.2,80.2,maintenance,sedentary,vegan,6.6,2,6,1873.0,2247.6,2224.9,138.1,262.4,69.2
29,male,175.1,95.1,90.1,weight_loss,light,vegetarian,8.1,9,4,1905.5,2620.0,2051.6,191.8,192.8,57.0
22,male,184.3,69.7,69.6,endurance,very_active,non_vegetarian,9.0,9,6,1743.4,3312.5,3607.4,122.3,527.1,112.2
46,male,172.8,87.5,89.1,endurance,sedentary,non_vegetarian,8.0,9,6,1730.3,2076.4,2197.6,159.6,235.9,68.4
37,female,164.4,69.7,77.0,muscle_gain,very_active,vegetarian,7.9,9,2,1378.2,2618.7,2911.2,159.6,386.2,80.9
18,male,180.0,49.1,39.9,weight_loss,moderate,non_vegetarian,7.0,7,2,1531.3,2373.5,1855.7,112.2,235.9,51.5
39,female,164.3,87.4,74.4,weight_loss,moderate,non_vegetarian,8.5,5,3,1544.9,2394.7,1952.9,197.1,169.2,54.2
23,female,163.2,63.4,63.4,maintenance,moderate,non_vegetarian,7.7,7,2,1378.3,2136.3,2034.9,101.5,264.8,63.3
20,female,159.1,40.0,36.3,weight_loss,active,keto,5.5,8,3,1128.9,1947.3,1449.4,90.6,18.1,112.7
27,female,151.3,68.9,68.9,maintenance,sedentary,vegetarian,8.0,7,3,1338.1,1605.7,1640.2,117.5,177.8,51.0
32,male,173.4,86.3,80.9,weight_loss,active,keto,7.4,3,4,1791.6,3090.5,2643.4,165.2,33.0,205.6
33,male,169.4,81.9,83.0,endurance,sedentary,non_vegetarian,7.1,6,3,1717.5,2061.0,2342.1,137.2,284.3,72.9
24,female,177.7,57.7,56.1,endurance,light,vegan,8.4,3,2,1406.5,1933.9,2136.0,99.9,284.5,66.5
23,female,164.6,43.1,44.6,endurance,sedentary,vegan,5.9,5,1,1183.5,1420.1,1593.6,78.1,208.7,49.6
19,male,177.1,91.9,93.5,endurance,active,vegan,6.2,8,6,1936.0,3339.6,3608.2,151.5,497.9,112.3
18,female,177.3,67.5,57.9,weight_loss,active,keto,8.3,3,3,1532.5,2643.6,2093.7,130.9,26.2,162.8
31,female,164.2,56.0,57.8,endurance,light,vegetarian,5.9,6,5,1270.4,1746.9,1958.4,102.9,249.7,60.9
23,male,172.8,68.4,74.4,muscle_gain,sedentary,vegan,5.5,8,3,1653.7,1984.4,2234.1,149.1,269.7,62.1
31,female,167.1,70.2,69.2,endurance,sedentary,keto,6.0,9,2,1430.1,1716.2,1963.3,122.7,24.5,152.7
33,male,171.7,89.8,89.8,maintenance,sedentary,vegan,6.4,7,2,1810.9,2173.1,2084.6,170.5,204.6,64.9
20,female,156.3,77.0,71.7,weight_loss,very_active,non_vegetarian,7.7,3,2,1485.2,2821.8,2387.5,173.7,274.0,66.3
34,male,184.6,65.7,70.6,muscle_gain,active,vegetarian,6.0,1,5,1645.5,2838.5,3221.8,135.2,468.9,89.5
28,male,182.8,76.4,68.5,weight_loss,sedentary,keto,6.6,4,2,1771.2,2125.5,1606.7,100.4,20.1,125.0
35,female,169.1,56.0,56.0,endurance,active,vegetarian,6.6,5,3,1280.9,2209.5,2405.1,100.4,332.6,74.8
19,female,145.5,66.4,66.4,maintenance,active,non_vegetarian,5.7,1,1,1317.5,2272.7,2314.2,112.6,303.9,72.0
32,male,160.4,73.1,73.1,maintenance,light,vegan,8.7,2,4,1578.4,2170.3,2025.9,127.3,237.4,63.0
43,male,167.3,95.6,95.6,maintenance,active,vegan,5.9,1,6,1791.5,3090.3,3177.9,162.5,409.5,98.9
20,male,166.9,82.9,82.9,maintenance,moderate,vegan,7.6,10,3,1777.4,2755.0,2685.2,151.1,332.3,83.5
31,male,172.1,53.1,53.1,maintenance,light,keto,5.8,2,2,1456.5,2002.7,1868.7,116.8,23.4,145.3
32,male,171.5,70.3,65.0,weight_loss,very_active,non_vegetarian,5.8,9,5,1619.5,3077.0,2630.8,150.0,343.2,73.1
41,female,161.1,59.9,59.9,maintenance,active,non_vegetarian,6.0,3,2,1240.0,2138.9,2171.0,105.4,285.5,67.5
18,female,164.6,70.6,70.6,maintenance,very_active,vegan,7.1,2,4,1483.7,2819.1,2876.6,131.9,385.9,89.5
18,male,169.9,65.7,64.4,endurance,active,vegetarian,8.9,5,1,1634.0,2818.6,3027.7,110.5,434.5,94.2
34,male,188.0,71.1,78.9,muscle_gain,active,keto,8.5,2,2,1720.5,2967.9,3268.4,204.3,40.9,254.2
41,female,165.1,79.2,78.8,endurance,very_active,keto,6.5,3,1,1457.8,2769.9,2995.6,187.2,37.4,233.0
18,male,165.3,56.3,65.5,muscle_gain,very_active,vegetarian,7.1,9,3,1511.1,2871.2,3285.1,126.0,489.9,91.3
41,female,175.9,74.1,81.0,muscle_gain,moderate,vegan,5.7,4,3,1474.8,2286.0,2727.9,152.0,359.4,75.8
24,male,166.7,89.9,94.8,muscle_gain,moderate,non_vegetarian,7.7,4,2,1826.2,2830.6,3220.4,201.1,402.6,89.5
31,male,179.1,82.5,75.6,weight_loss,moderate,vegan,8.6,5,6,1794.6,2781.7,2369.5,188.4,255.9,65.8
42,male,180.4,89.8,89.1,endurance,very_active,vegan,8.4,6,2,1820.6,3459.2,3715.6,145.2,523.6,115.6
25,female,168.3,47.3,54.1,muscle_gain,moderate,vegetarian,8.2,10,1,1238.5,1919.7,2341.5,108.5,330.6,65.0
18,female,165.0,53.9,53.9,maintenance,very_active,non_vegetarian,6.3,5,2,1318.8,2505.8,2547.4,99.4,359.0,79.3
29,female,151.8,69.0,77.1,muscle_gain,active,non_vegetarian,6.0,8,1,1333.5,2300.2,2604.3,147.0,341.4,72.3
38,female,163.0,68.7,77.4,muscle_gain,active,non_vegetarian,7.5,3,6,1355.3,2337.8,2610.6,141.0,348.5,72.5
24,female,159.8,74.3,60.7,weight_loss,moderate,non_vegetarian,7.9,4,1,1460.5,2263.8,1852.5,166.8,180.4,51.5
21,male,184.6,47.6,39.1,weight_loss,active,non_vegetarian,6.9,9,2,1530.1,2639.4,2062.8,104.4,282.4,57.3
20,male,165.2,55.8,52.6,weight_loss,active,keto,8.4,1,2,1495.7,2580.0,2105.8,131.6,26.3,163.8
27,male,179.0,87.7,73.4,weight_loss,moderate,non_vegetarian,8.3,1,1,1865.6,2891.7,2410.8,191.2,260.8,67.0
36,female,162.5,49.8,41.0,weight_loss,light,non_vegetarian,7.1,3,3,1172.3,1611.9,1200.0,108.0,117.1,33.3
24,female,156.5,61.9,60.1,endurance,light,non_vegetarian,7.7,2,1,1315.5,1808.8,1953.8,111.9,239.7,60.8
25,male,178.8,82.9,78.7,weight_loss,very_active,vegan,7.0,1,2,1826.0,3469.3,2889.4,187.8,353.9,80.3
25,male,184.6,84.9,88.9,muscle_gain,active,keto,7.8,4,6,1883.2,3248.5,3822.6,238.9,47.8,297.3
41,female,171.0,47.3,32.4,weight_loss,active,non_vegetarian,8.8,5,3,1176.3,2029.1,1564.1,97.8,195.6,43.4
29,male,171.6,80.4,80.4,maintenance,sedentary,vegan,8.7,1,5,1736.0,2083.2,2142.2,150.9,234.8,66.6
35,male,169.0,88.4,95.6,muscle_gain,active,vegan,6.0,5,5,1770.0,3053.3,3338.2,194.8,431.2,92.7
32,female,160.9,61.4,61.4,maintenance,sedentary,vegan,7.8,5,6,1298.2,1557.9,1593.7,115.1,171.7,49.6
19,male,191.6,52.5,45.7,weight_loss,light,non_vegetarian,8.0,8,1,1632.3,2244.4,1713.1,111.2,210.0,47.6
33,male,180.7,76.6,75.0,endurance,moderate,non_vegetarian,6.1,7,3,1735.1,2689.5,2884.5,145.4,373.9,89.7
34,female,161.4,80.7,81.5,endurance,active,keto,6.9,6,2,1484.8,2561.3,2830.9,176.9,35.4,220.2
38,male,168.3,76.9,77.1,endurance,active,keto,7.2,9,2,1635.6,2821.4,2994.1,187.1,37.4,232.9
19,female,165.5,57.5,48.2,weight_loss,very_active,keto,8.2,4,6,1354.0,2572.6,2113.3,132.1,26.4,164.4
19,male,189.8,65.5,69.9,muscle_gain,moderate,vegetarian,6.8,8,2,1750.5,2713.2,3083.4,147.7,430.3,85.7
37,male,171.4,89.9,76.7,weight_loss,moderate,vegan,8.4,5,4,1790.8,2775.8,2191.8,203.2,207.7,60.9
44,male,176.1,69.7,71.0,endurance,light,non_vegetarian,6.0,3,4,1582.2,2175.5,2354.2,112.7,311.1,73.2
38,male,171.3,67.5,68.3,endurance,moderate,vegetarian,5.8,10,2,1560.9,2419.3,2601.9,121.4,347.1,80.9
18,male,190.6,70.1,73.7,muscle_gain,moderate,non_vegetarian,7.5,7,2,1806.7,2800.4,3229.0,141.8,463.6,89.7
32,male,168.1,77.9,77.8,endurance,light,vegan,7.1,1,3,1674.9,2303.0,2561.9,141.5,319.6,79.7
28,male,185.5,92.3,99.5,muscle_gain,sedentary,vegetarian,6.1,7,4,1947.7,2337.2,2761.3,189.4,328.4,76.7
25,female,155.4,56.6,56.6,maintenance,very_active,vegan,7.0,3,3,1251.9,2378.6,2392.6,102.6,328.1,74.4
35,male,158.6,77.9,77.5,endurance,light,non_vegetarian,6.9,9,5,1600.3,2200.4,2411.8,125.9,308.3,75.0
27,male,186.3,83.9,84.5,endurance,active,vegan,6.8,1,3,1873.6,3232.0,3566.9,144.4,497.6,111.0
27,female,169.6,83.6,87.3,muscle_gain,moderate,vegetarian,8.2,6,1,1600.0,2480.0,2941.3,176.3,375.2,81.7
19,male,174.0,73.2,73.2,maintenance,light,vegetarian,7.6,5,2,1729.0,2377.4,2412.3,118.6,315.7,75.0
36,male,169.3,78.9,74.9,weight_loss,light,vegan,5.7,8,1,1672.6,2299.8,1690.7,171.3,145.6,47.0
44,male,171.9,78.8,78.8,maintenance,sedentary,vegan,6.7,5,4,1647.2,1976.6,1958.3,126.3,226.2,60.9
41,male,153.3,77.8,77.8,maintenance,active,vegan,8.0,2,3,1535.8,2649.3,2640.8,147.2,328.0,82.2
25,female,175.1,53.4,50.1,weight_loss,very_active,non_vegetarian,7.2,1,3,1341.8,2549.4,2096.9,119.6,273.7,58.2
33,male,186.1,68.7,77.9,muscle_gain,active,vegetarian,8.0,4,6,1689.7,2914.7,3192.9,139.3,459.3,88.7
40,male,179.4,56.4,62.5,muscle_gain,very_active,vegan,6.5,10,4,1490.0,2831.0,3129.5,115.0,471.9,86.9
33,male,182.7,68.5,70.5,endurance,light,non_vegetarian,8.9,10,6,1666.8,2291.8,2274.0,122.1,287.3,70.7
35,female,154.5,40.0,27.8,weight_loss,sedentary,non_vegetarian,8.5,2,4,1027.3,1232.7,1200.0,83.7,141.4,33.3
38,male,177.0,74.8,76.5,endurance,moderate,non_vegetarian,6.5,6,3,1669.8,2588.3,2904.4,123.3,399.4,90.4
36,male,188.9,58.5,52.4,weight_loss,light,keto,7.2,5,4,1590.8,2187.4,1685.6,105.3,21.1,131.1
18,male,174.2,74.5,71.0,weight_loss,very_active,keto,8.5,7,4,1748.7,3322.6,2875.6,179.7,35.9,223.7
30,male,181.0,87.8,87.3,endurance,moderate,vegan,7.3,5,6,1864.7,2890.2,3290.0,158.4,433.7,102.4
26,male,168.5,81.4,76.5,weight_loss,light,vegetarian,6.8,10,4,1742.4,2395.8,1850.2,165.4,181.5,51.4
44,male,173.7,70.1,77.8,muscle_gain,active,keto,6.7,8,6,1571.7,2711.1,3017.8,188.6,37.7,234.7
37,female,161.9,56.3,44.5,weight_loss,sedentary,non_vegetarian,8.7,7,2,1228.8,1474.6,1200.0,128.1,97.0,33.3
21,female,163.2,71.8,71.8,maintenance,sedentary,vegan,7.6,4,6,1472.6,1767.1,1680.6,122.3,180.2,52.3
34,female,155.6,73.9,70.4,weight_loss,moderate,keto,6.0,8,2,1380.3,2139.5,1592.2,99.5,19.9,123.8
36,male,184.8,90.1,90.1,maintenance,very_active,vegetarian,8.2,1,3,1880.9,3573.7,3600.6,170.9,477.2,112.0
27,female,159.0,81.7,80.5,endurance,light,vegetarian,8.2,7,3,1514.1,2081.8,2233.9,131.3,270.8,69.5
19,female,167.7,54.4,57.9,muscle_gain,sedentary,non_vegetarian,6.5,8,4,1336.3,1603.6,1897.9,115.4,240.5,52.7
18,male,172.1,76.8,76.8,maintenance,light,vegetarian,8.7,6,3,1759.3,2419.0,2436.6,125.0,313.6,75.8
39,male,180.2,75.3,81.7,muscle_gain,moderate,keto,7.4,3,6,1689.6,2618.9,2951.3,184.5,36.9,229.5
35,female,171.9,65.5,65.5,maintenance,very_active,keto,8.4,9,5,1393.6,2647.8,2610.5,163.2,32.6,203.0
20,male,164.4,87.3,80.4,weight_loss,very_active,non_vegetarian,8.8,6,1,1806.0,3431.4,2982.3,200.4,358.9,82.8
35,male,175.0,97.7,99.2,endurance,light,keto,5.9,7,3,1900.5,2613.2,2772.4,173.3,34.7,215.6
39,male,175.7,69.5,70.1,endurance,light,keto,7.5,1,2,1602.9,2204.0,2446.7,152.9,30.6,190.3
34,male,178.9,79.1,79.5,endurance,very_active,non_vegetarian,6.2,4,6,1744.2,3314.0,3510.0,131.7,500.1,109.2
53,male,185.5,88.1,88.1,maintenance,moderate,vegetarian,6.6,2,6,1780.4,2759.6,2768.9,148.9,349.6,86.1
40,female,166.6,64.3,63.7,endurance,active,keto,8.4,7,5,1323.6,2283.1,2460.5,153.8,30.8,191.4
29,female,140.8,66.5,58.4,weight_loss,light,keto,6.1,10,2,1239.3,1704.1,1200.0,75.0,15.0,93.3
45,female,163.1,49.7,50.2,endurance,moderate,keto,8.0,2,1,1130.9,1752.9,1950.0,121.9,24.4,151.7
19,male,179.8,82.1,77.9,weight_loss,sedentary,keto,8.1,10,5,1854.4,2225.3,1774.9,110.9,22.2,138.0
22,male,176.3,58.9,59.6,endurance,very_active,vegetarian,6.2,8,5,1585.6,3012.6,3280.2,109.3,481.0,102.1
35,female,166.5,64.0,49.6,weight_loss,light,keto,6.7,8,4,1344.6,1848.9,1365.7,85.4,17.1,106.2
46,female,161.0,65.7,56.6,weight_loss,moderate,non_vegetarian,7.8,5,4,1271.9,1971.5,1423.5,136.7,130.3,39.5
21,male,176.8,93.5,90.3,weight_loss,active,vegetarian,6.8,9,6,1939.4,3345.5,2823.7,191.3,338.2,78.4
27,female,160.2,57.6,57.6,maintenance,light,keto,6.3,7,2,1280.8,1761.1,1776.7,111.0,22.2,138.2
18,female,172.0,56.0,51.5,weight_loss,very_active,keto,7.7,3,4,1383.9,2629.5,2175.6,136.0,27.2,169.2
18,female,167.7,72.1,75.8,muscle_gain,active,non_vegetarian,7.3,10,4,1517.6,2617.9,3002.1,161.5,401.4,83.4
20,female,164.7,49.8,53.5,muscle_gain,moderate,non_vegetarian,5.5,10,2,1266.7,1963.4,2295.8,100.0,330.4,63.8
40,male,182.4,78.2,74.9,weight_loss,very_active,keto,8.1,8,6,1727.0,3281.2,2699.9,168.7,33.7,210.0
36,female,163.1,40.0,45.1,muscle_gain,light,non_vegetarian,6.4,7,3,1040.2,1430.2,1822.0,86.4,255.2,50.6
29,male,185.6,62.7,62.7,maintenance,sedentary,non_vegetarian,7.7,10,1,1646.8,1976.1,1787.8,112.1,209.8,55.6
32,male,178.3,54.3,52.7,endurance,very_active,vegetarian,8.6,2,1,1502.9,2855.5,2965.8,91.5,442.3,92.3
57,female,160.9,72.8,72.8,maintenance,light,keto,5.9,1,4,1287.1,1769.8,1735.2,108.5,21.7,135.0
18,male,174.6,74.3,75.0,endurance,sedentary,non_vegetarian,6.6,8,2,1749.3,2099.2,2271.6,127.2,281.6,70.7
28,male,178.1,75.9,75.9,maintenance,sedentary,non_vegetarian,7.7,1,1,1737.2,2084.6,2005.6,136.5,224.5,62.4
34,female,149.4,40.0,40.0,maintenance,active,vegetarian,8.1,2,2,996.4,1718.8,1756.9,65.9,250.3,54.7
35,male,175.5,58.5,52.9,weight_loss,very_active,non_vegetarian,8.6,1,3,1511.8,2872.4,2322.0,123.4,312.0,64.5
27,male,163.2,67.7,72.6,muscle_gain,sedentary,non_vegetarian,8.8,6,6,1566.7,1880.1,2273.7,145.2,281.0,63.2
44,female,160.1,73.1,73.2,endurance,active,keto,6.9,4,3,1350.2,2329.1,2383.8,149.0,29.8,185.4
36,male,169.6,82.3,86.0,muscle_gain,moderate,keto,8.3,10,3,1707.8,2647.1,2974.9,185.9,37.2,231.4
43,male,169.0,86.8,96.0,muscle_gain,active,keto,7.0,5,3,1714.1,2956.9,3279.2,204.9,41.0,255.0
28,male,174.5,66.2,66.5,endurance,active,non_vegetarian,7.7,2,4,1617.4,2790.0,2988.8,113.3,424.7,93.0
29,male,177.9,79.2,69.2,weight_loss,very_active,vegan,8.4,9,3,1763.9,3351.4,2919.7,165.4,382.0,81.1
39,female,155.6,74.4,61.7,weight_loss,sedentary,non_vegetarian,6.2,4,1,1361.0,1633.2,1200.0,158.4,66.7,33.3
35,male,181.0,51.2,51.2,maintenance,moderate,non_vegetarian,5.9,6,6,1473.4,2283.8,2290.1,93.9,318.4,71.2
25,male,169.9,96.9,96.9,maintenance,light,keto,7.5,6,2,1911.2,2627.9,2576.3,161.0,32.2,200.4
21,male,176.6,87.6,87.7,endurance,moderate,non_vegetarian,6.5,10,6,1879.8,2913.6,3100.4,142.9,415.1,96.5
41,male,180.2,47.5,48.8,endurance,active,vegan,5.7,8,4,1401.6,2417.8,2576.2,78.8,385.0,80.1
24,male,179.8,41.3,41.3,maintenance,active,vegetarian,6.1,6,5,1421.5,2452.1,2639.6,67.6,407.6,82.1
35,female,164.0,78.2,83.2,muscle_gain,very_active,vegetarian,8.5,1,4,1471.1,2795.0,3366.1,171.5,459.6,93.5
38,female,169.6,65.6,74.9,muscle_gain,active,vegetarian,5.6,1,1,1364.9,2354.5,2693.0,149.3,355.7,74.8
25,female,157.2,55.8,49.5,weight_loss,active,vegan,6.9,9,3,1254.2,2163.4,1596.0,124.2,175.1,44.3
29,female,151.2,66.3,54.9,weight_loss,active,vegan,8.5,2,3,1302.0,2245.9,1744.0,141.6,185.5,48.4
31,male,171.8,121.1,108.2,weight_loss,light,vegetarian,9.0,7,2,2134.7,2935.1,2534.5,247.2,228.0,70.4
18,male,177.9,69.5,56.7,weight_loss,light,vegan,5.5,1,3,1721.5,2367.1,1810.3,150.2,189.2,50.3
18,male,179.5,68.5,64.6,weight_loss,sedentary,vegan,7.6,7,3,1721.2,2065.5,1610.9,143.8,158.4,44.7
39,male,187.0,66.1,69.9,muscle_gain,very_active,keto,6.6,3,5,1639.4,3114.8,3514.2,219.6,43.9,273.3
36,female,159.7,54.7,55.0,endurance,sedentary,non_vegetarian,8.9,6,6,1204.4,1445.3,1724.7,98.4,211.9,53.7
32,female,167.5,54.1,62.5,muscle_gain,sedentary,vegan,6.7,4,6,1266.9,1520.3,1801.9,119.7,218.1,50.1
24,male,175.0,63.1,59.4,weight_loss,sedentary,keto,5.5,4,4,1609.8,1931.8,1431.3,89.5,17.9,111.3
18,female,155.2,72.1,77.5,muscle_gain,active,vegetarian,8.2,9,3,1439.3,2482.7,2884.0,161.8,379.0,80.1
26,female,155.9,51.7,53.4,endurance,light,vegetarian,6.8,8,5,1199.9,1649.9,1829.2,86.1,243.2,56.9
36,male,183.4,71.0,70.1,endurance,light,vegetarian,6.6,10,6,1681.9,2312.6,2425.7,117.1,319.4,75.5
32,male,169.4,70.7,78.9,muscle_gain,active,vegetarian,8.6,3,3,1611.3,2779.4,3253.9,146.5,463.6,90.4
38,male,177.3,60.2,59.6,endurance,very_active,keto,5.9,9,1,1524.8,2897.2,3116.8,194.8,39.0,242.4
40,female,160.4,80.2,79.8,endurance,light,non_vegetarian,6.7,8,3,1443.4,1984.7,2269.5,138.7,269.8,70.6
46,female,165.1,71.0,59.2,weight_loss,sedentary,keto,7.0,5,2,1351.6,1621.9,1200.0,75.0,15.0,93.3
34,female,159.5,58.6,65.3,muscle_gain,very_active,vegan,7.0,1,6,1252.0,2378.8,2748.3,125.9,389.5,76.3
18,male,174.9,93.4,89.8,weight_loss,light,vegetarian,6.4,2,5,1941.4,2669.4,2026.8,187.8,192.2,56.3
45,male,185.0,71.6,71.6,maintenance,light,keto,6.9,2,2,1651.8,2271.2,2308.2,144.3,28.9,179.5
30,female,171.6,75.8,76.9,endurance,light,non_vegetarian,6.5,10,3,1519.5,2089.3,2193.1,129.2,265.6,68.2
35,male,174.4,79.2,67.3,weight_loss,light,keto,8.5,4,2,1711.3,2353.1,1812.6,113.3,22.7,141.0
47,female,170.3,55.1,48.1,weight_loss,light,non_vegetarian,8.9,8,4,1219.5,1676.8,1200.0,117.7,107.4,33.3
26,female,166.0,66.9,53.3,weight_loss,light,vegan,8.2,1,5,1415.6,1946.4,1500.8,137.2,144.2,41.7
37,female,169.8,67.9,67.9,endurance,very_active,vegetarian,5.9,1,5,1394.4,2649.3,2730.6,113.7,377.7,85.0
28,female,170.4,63.4,71.7,muscle_gain,very_active,non_vegetarian,5.8,6,4,1397.9,2656.1,3051.5,141.5,430.6,84.8
26,female,155.8,62.5,62.5,maintenance,very_active,vegan,6.4,8,1,1307.9,2485.0,2508.0,112.4,339.1,78.0
23,female,161.4,52.7,52.7,maintenance,moderate,keto,5.9,9,6,1259.7,1952.5,2018.1,126.1,25.2,157.0
27,male,187.6,99.4,107.0,muscle_gain,active,non_vegetarian,7.2,4,5,2036.7,3513.2,3853.8,203.0,519.5,107.1
19,female,148.4,46.3,46.3,maintenance,light,vegetarian,8.8,2,3,1134.8,1560.4,1496.1,76.8,192.6,46.5
43,female,163.8,68.7,77.9,muscle_gain,moderate,vegan,7.0,5,3,1334.6,2068.6,2257.5,145.5,277.8,62.7
18,male,183.1,82.0,69.0,weight_loss,very_active,vegan,8.3,10,3,1879.5,3571.1,3057.5,167.0,406.4,84.9
35,female,174.5,61.3,47.2,weight_loss,sedentary,keto,6.0,3,5,1367.8,1641.3,1200.0,75.0,15.0,93.3
31,female,179.7,40.0,45.0,muscle_gain,moderate,keto,8.3,1,4,1195.5,1853.0,2248.2,140.5,28.1,174.9
28,male,180.5,68.8,72.2,muscle_gain,moderate,vegetarian,7.0,1,1,1681.3,2606.0,2951.7,143.9,409.5,82.0
37,female,184.8,73.7,82.2,muscle_gain,moderate,vegan,8.9,9,2,1545.9,2396.2,2676.3,158.5,343.4,74.3
25,male,172.4,52.9,52.9,maintenance,light,non_vegetarian,8.7,5,2,1485.9,2043.2,2022.9,91.5,272.7,62.9
37,male,165.8,92.7,93.9,endurance,moderate,non_vegetarian,7.0,2,3,1783.1,2763.8,3007.1,166.0,375.2,93.6
22,female,162.0,83.2,83.2,maintenance,light,keto,7.9,6,5,1573.4,2163.4,2211.0,138.2,27.6,172.0
30,male,174.1,79.1,85.0,muscle_gain,moderate,non_vegetarian,6.6,5,5,1733.8,2687.5,2990.8,162.9,397.8,83.1
18,female,177.3,65.9,69.6,muscle_gain,active,keto,7.3,6,5,1515.7,2614.6,3000.1,187.5,37.5,233.3
29,female,157.9,61.8,61.7,endurance,moderate,keto,8.9,8,1,1298.3,2012.3,2106.2,131.6,26.3,163.8
52,male,166.1,63.6,64.1,endurance,sedentary,non_vegetarian,6.3,9,3,1418.8,1702.6,1877.4,107.5,230.5,58.4
42,male,176.1,60.7,60.7,maintenance,sedentary,keto,5.9,1,4,1502.7,1803.2,1871.1,116.9,23.4,145.5
37,female,166.8,72.6,66.4,weight_loss,sedentary,vegetarian,5.9,10,1,1422.2,1706.6,1293.3,166.7,75.9,35.9
51,female,158.2,83.5,82.0,endurance,moderate,vegetarian,7.3,1,6,1407.6,2181.7,2409.1,148.2,285.5,74.9
34,male,162.5,75.6,79.6,muscle_gain,very_active,keto,8.6,3,3,1606.5,3052.4,3319.4,207.5,41.5,258.2
38,female,170.5,40.0,35.6,weight_loss,active,non_vegetarian,7.6,2,5,1105.7,1907.3,1406.4,80.0,183.6,39.1
41,male,174.5,88.2,94.5,muscle_gain,light,vegetarian,7.1,1,1,1772.7,2437.5,2816.9,198.4,329.9,78.2
33,female,161.1,49.4,50.7,endurance,active,non_vegetarian,7.4,10,6,1174.9,2026.7,2151.8,91.5,295.9,66.9
37,female,163.1,62.3,51.7,weight_loss,active,non_vegetarian,8.4,4,2,1297.0,2237.3,1715.2,128.1,193.6,47.6
26,male,184.4,73.3,72.5,endurance,active,vegan,7.6,6,6,1760.4,3036.7,3106.5,119.5,439.8,96.6
37,female,161.6,64.4,64.3,endurance,active,vegetarian,6.0,5,4,1307.6,2255.5,2574.0,118.8,344.5,80.1
29,male,178.3,61.5,59.6,endurance,sedentary,vegan,7.8,8,1,1589.4,1907.3,2093.4,110.4,266.5,65.1
36,female,152.1,66.4,71.3,muscle_gain,active,keto,8.9,6,5,1273.8,2197.3,2555.0,159.7,31.9,198.7
30,male,184.3,82.7,82.7,maintenance,very_active,keto,7.3,3,6,1833.7,3484.0,3638.5,227.4,45.5,283.0
20,male,177.1,79.2,79.2,maintenance,very_active,vegan,8.5,3,3,1803.6,3426.9,3317.0,137.6,459.4,103.2
39,female,179.3,63.8,63.3,endurance,sedentary,keto,7.2,3,5,1402.4,1682.9,1911.4,119.5,23.9,148.7
30,female,158.0,42.2,49.3,muscle_gain,moderate,vegan,5.7,1,6,1098.0,1702.0,2008.5,94.9,281.7,55.8
18,male,189.6,76.4,82.9,muscle_gain,sedentary,vegetarian,6.6,4,6,1864.1,2236.9,2560.1,168.4,311.6,71.1
38,male,167.0,67.3,55.2,weight_loss,light,keto,7.0,2,1,1531.6,2105.9,1609.2,100.6,20.1,125.2
40,female,166.5,67.0,58.7,weight_loss,sedentary,vegetarian,7.7,1,2,1349.5,1619.4,1200.0,141.5,83.6,33.3
34,female,164.4,51.6,47.0,weight_loss,active,keto,7.7,9,2,1213.0,2092.4,1594.6,99.7,19.9,124.0
19,male,176.6,71.3,71.3,maintenance,active,keto,7.9,4,2,1726.8,2978.7,3205.6,200.3,40.1,249.3
29,male,164.8,76.1,74.4,endurance,very_active,non_vegetarian,8.9,2,2,1651.0,3136.9,3388.9,122.3,487.8,105.4
46,male,171.3,55.8,64.2,muscle_gain,sedentary,vegan,8.5,6,2,1404.0,1684.8,2084.6,121.1,269.8,57.9
18,female,159.9,60.9,67.4,muscle_gain,light,keto,6.7,9,2,1357.8,1866.9,2212.3,138.3,27.7,172.1
36,male,170.5,74.2,75.7,endurance,active,keto,7.5,3,5,1632.5,2816.1,3014.8,188.4,37.7,234.5
31,female,163.7,69.2,63.4,weight_loss,sedentary,keto,7.6,6,1,1399.4,1679.2,1209.1,75.6,15.1,94.0
33,male,179.6,55.8,55.8,maintenance,moderate,keto,8.0,2,2,1521.2,2357.8,2361.4,147.6,29.5,183.7
34,female,168.1,55.7,42.5,weight_loss,very_active,non_vegetarian,7.3,7,5,1276.6,2425.5,1887.4,127.0,227.0,52.4
24,male,180.3,92.5,78.3,weight_loss,very_active,keto,8.9,1,1,1936.6,3679.5,3140.6,196.3,39.3,244.3
39,female,163.9,62.5,61.8,endurance,moderate,non_vegetarian,6.0,9,6,1293.2,2004.5,2190.5,114.3,280.1,68.1
37,female,165.3,91.3,87.4,weight_loss,light,keto,8.8,10,6,1600.1,2200.1,1656.7,103.5,20.7,128.9
35,male,171.8,65.8,65.8,maintenance,sedentary,keto,7.6,10,1,1561.8,1874.2,1873.6,117.1,23.4,145.7
31,female,183.4,61.8,65.5,muscle_gain,moderate,vegetarian,6.3,6,4,1448.3,2244.9,2506.9,132.8,337.3,69.6
32,female,148.5,62.9,62.9,maintenance,light,vegetarian,5.6,4,5,1235.9,1699.4,1700.2,118.2,187.8,52.9
37,female,169.8,58.0,54.4,weight_loss,very_active,keto,8.2,3,4,1294.9,2460.3,1951.5,122.0,24.4,151.8
22,female,155.1,67.7,71.5,muscle_gain,sedentary,keto,7.7,6,3,1375.6,1650.7,1924.3,120.3,24.1,149.7
25,male,168.0,85.7,85.7,maintenance,active,vegetarian,5.8,1,2,1787.2,3082.9,3249.5,143.2,441.7,101.1
18,female,150.0,62.5,49.7,weight_loss,sedentary,non_vegetarian,5.9,3,3,1311.7,1574.0,1200.0,126.4,98.7,33.3
32,male,172.4,75.2,75.2,maintenance,moderate,non_vegetarian,6.0,7,4,1674.6,2595.6,2624.2,142.8,329.6,81.6
40,male,160.4,72.8,58.5,weight_loss,sedentary,vegan,8.0,6,2,1535.6,1842.7,1351.3,150.1,103.3,37.5
20,female,175.1,56.4,56.4,maintenance,moderate,vegan,6.4,5,3,1397.2,2165.7,2163.0,104.9,284.4,67.3
35,male,171.3,52.1,40.6,weight_loss,moderate,keto,7.7,5,1,1421.9,2204.0,1682.1,105.1,21.0,130.8
40,male,173.3,66.1,71.2,muscle_gain,very_active,non_vegetarian,5.9,3,1,1549.7,2944.3,3385.8,143.2,491.5,94.1
26,male,171.9,80.1,78.2,endurance,active,vegetarian,6.4,10,4,1750.4,3019.5,3293.9,148.3,444.5,102.5
53,female,168.8,77.9,64.6,weight_loss,sedentary,vegan,5.6,7,4,1408.1,1689.7,1200.0,164.8,60.3,33.3
19,female,163.4,65.3,57.7,weight_loss,light,non_vegetarian,7.4,5,1,1418.3,1950.2,1403.3,143.5,119.6,39.0
28,female,165.8,68.3,54.2,weight_loss,very_active,vegan,8.3,10,2,1418.5,2695.1,2228.3,155.2,262.6,61.9
32,male,171.9,70.8,70.8,maintenance,very_active,keto,8.5,1,1,1627.7,3092.6,2981.4,186.3,37.3,231.9
47,female,163.1,61.3,61.3,maintenance,very_active,keto,7.0,10,5,1236.4,2349.1,2283.6,142.7,28.5,177.6
59,female,155.5,58.9,67.1,muscle_gain,active,keto,8.7,3,1,1104.3,1905.0,2283.1,142.7,28.5,177.6
36,female,169.7,85.7,85.7,maintenance,sedentary,non_vegetarian,6.5,10,4,1576.6,1891.9,1920.6,157.0,188.6,59.8
19,male,173.9,82.3,82.3,maintenance,moderate,vegan,8.2,10,1,1820.2,2821.4,2996.4,148.0,391.4,93.2
18,male,185.6,80.5,80.5,maintenance,very_active,vegan,8.5,8,4,1880.3,3572.6,3662.4,149.0,510.3,113.9
28,male,169.3,88.5,86.6,endurance,sedentary,keto,6.8,9,2,1808.0,2169.6,2416.1,151.0,30.2,187.9
39,female,162.9,56.8,50.5,weight_loss,very_active,vegetarian,6.6,2,4,1230.2,2337.4,1751.4,124.0,204.3,48.7
38,male,179.4,64.5,64.5,maintenance,moderate,vegan,5.9,3,2,1581.0,2450.5,2410.9,120.0,314.0,75.0
25,male,164.1,66.6,70.9,muscle_gain,sedentary,vegetarian,7.0,6,1,1571.4,1885.7,2159.6,143.3,261.6,60.0
25,male,170.1,55.2,52.0,weight_loss,moderate,vegan,8.5,9,6,1495.3,2317.7,1928.0,124.4,237.0,53.6
42,male,169.8,81.8,85.3,muscle_gain,moderate,vegetarian,7.3,4,2,1674.2,2595.0,2981.9,174.5,384.7,82.8
41,female,157.3,77.1,77.1,maintenance,active,vegetarian,8.6,3,1,1388.0,2394.3,2354.9,138.2,285.6,73.3
18,female,168.1,79.5,79.5,maintenance,moderate,keto,8.6,6,4,1594.3,2471.2,2663.1,166.4,33.3,207.1
18,female,167.9,59.1,55.6,weight_loss,light,vegan,8.7,1,1,1389.2,1910.1,1443.2,134.7,135.9,40.1
18,male,165.9,67.1,67.1,maintenance,very_active,vegan,6.8,10,1,1623.2,3084.2,3091.5,126.3,430.1,96.2
23,male,181.3,92.4,94.2,endurance,sedentary,vegetarian,7.5,10,6,1946.7,2336.1,2581.7,175.3,289.4,80.3
46,female,165.9,49.4,39.1,weight_loss,very_active,vegetarian,7.3,6,3,1139.9,2165.8,1734.0,108.6,216.4,48.2
23,male,183.3,100.0,100.0,maintenance,light,vegan,8.2,6,2,2035.8,2799.3,2837.6,167.3,343.4,88.3
18,female,156.6,79.9,79.9,maintenance,sedentary,non_vegetarian,8.9,7,3,1526.3,1831.6,1822.3,138.5,189.5,56.7
30,male,182.1,87.7,87.7,maintenance,very_active,vegetarian,7.8,10,2,1870.4,3553.8,3583.5,164.4,480.6,111.5
27,female,160.8,74.3,76.0,endurance,light,non_vegetarian,8.7,10,6,1452.0,1996.5,2233.0,124.3,277.6,69.5
27,male,184.7,76.2,76.2,maintenance,moderate,vegan,5.8,7,5,1786.0,2768.4,2697.6,129.1,356.5,83.9
22,male,168.2,74.2,75.7,endurance,light,non_vegetarian,5.9,5,5,1687.9,2320.9,2614.2,119.1,351.5,81.3
21,female,164.3,56.1,43.1,weight_loss,light,vegetarian,6.1,2,2,1322.2,1818.0,1307.7,112.6,132.7,36.3
18,female,161.5,61.7,61.3,endurance,moderate,non_vegetarian,8.0,2,3,1374.9,2131.0,2368.8,109.0,317.4,73.7
32,female,154.6,77.0,65.1,weight_loss,sedentary,vegetarian,7.1,7,6,1415.4,1698.5,1206.1,162.2,63.9,33.5
31,female,162.9,57.8,58.6,endurance,moderate,keto,8.1,10,5,1280.2,1984.3,2198.6,137.4,27.5,171.0
34,male,162.0,70.5,78.2,muscle_gain,sedentary,vegan,6.6,3,5,1552.2,1862.7,2195.8,150.6,261.1,61.0
32,female,171.4,54.7,45.8,weight_loss,light,vegan,7.3,9,5,1297.3,1783.9,1264.7,110.2,127.0,35.1
24,female,157.4,59.8,59.8,maintenance,moderate,keto,6.6,3,2,1301.0,2016.6,2063.2,128.9,25.8,160.5
19,male,179.4,54.2,61.2,muscle_gain,active,vegan,5.8,5,2,1573.1,2713.6,3012.0,118.4,446.3,83.7
26,male,189.4,74.2,74.2,maintenance,moderate,keto,7.0,3,3,1800.3,2790.4,2606.1,162.9,32.6,202.7
18,female,163.2,71.4,66.7,weight_loss,light,vegan,8.4,3,1,1482.9,2039.0,1556.3,147.2,144.7,43.2
31,male,185.3,70.4,79.2,muscle_gain,sedentary,keto,5.6,4,3,1712.6,2055.1,2469.7,154.4,30.9,192.1
18,female,156.7,42.3,43.6,endurance,very_active,non_vegetarian,5.9,2,4,1151.3,2187.5,2367.8,71.4,354.7,73.7
29,female,163.8,64.7,66.2,endurance,moderate,vegetarian,8.1,2,3,1365.2,2116.0,2251.6,122.8,282.6,70.0
28,male,164.0,97.1,101.2,muscle_gain,sedentary,vegan,7.1,9,6,1861.0,2233.2,2559.6,204.0,275.9,71.1
25,male,188.7,60.6,60.6,maintenance,sedentary,keto,5.9,9,3,1665.5,1998.6,1931.1,120.7,24.1,150.2
19,male,175.5,84.0,79.4,weight_loss,sedentary,non_vegetarian,8.8,4,3,1847.0,2216.4,1754.5,177.5,151.6,48.7
55,female,147.3,71.3,79.4,muscle_gain,active,non_vegetarian,6.2,2,5,1197.4,2065.5,2375.1,148.6,296.7,66.0
24,male,171.0,65.3,56.4,weight_loss,active,vegetarian,8.0,1,4,1606.8,2771.7,2386.5,142.6,304.9,66.3
38,female,163.2,80.2,80.8,endurance,very_active,non_vegetarian,7.8,3,3,1470.9,2794.7,2858.8,140.0,374.7,88.9
18,male,158.6,68.2,68.2,maintenance,active,keto,8.3,7,5,1588.2,2739.6,2752.9,172.1,34.4,214.1
31,female,164.0,47.1,46.0,endurance,moderate,vegetarian,8.6,5,4,1180.0,1828.9,2077.8,89.0,285.1,64.6
32,female,168.1,41.3,41.3,maintenance,light,keto,5.9,8,3,1142.7,1571.2,1585.9,99.1,19.8,123.3
18,male,172.8,85.5,85.5,maintenance,active,non_vegetarian,7.2,8,5,1849.9,3191.2,3199.9,156.6,419.3,99.6
21,female,163.0,45.6,50.5,muscle_gain,sedentary,vegan,8.5,7,1,1209.2,1451.1,1863.2,94.1,255.2,51.8
27,female,170.8,57.7,57.7,maintenance,moderate,keto,6.9,8,4,1348.5,2090.2,2057.3,128.6,25.7,160.0
22,female,169.1,55.5,55.5,maintenance,sedentary,vegan,6.3,1,3,1341.0,1609.1,1640.3,96.9,198.4,51.0
26,female,149.2,57.2,57.3,endurance,light,non_vegetarian,5.9,10,5,1212.9,1667.7,1801.6,104.9,219.5,56.0
30,female,154.7,75.1,84.8,muscle_gain,very_active,vegetarian,6.8,6,3,1406.8,2672.9,3014.6,150.7,414.6,83.7
28,male,181.2,91.5,84.2,weight_loss,very_active,non_vegetarian,6.0,9,4,1912.7,3634.2,3132.3,188.4,398.9,87.0
22,male,161.8,68.4,68.4,maintenance,light,vegan,6.3,4,1,1590.3,2186.6,2146.1,116.2,270.0,66.8
31,male,173.2,87.6,78.6,weight_loss,very_active,vegetarian,5.6,5,3,1809.1,3437.2,2883.2,196.0,344.6,80.1
29,male,185.5,82.8,87.7,muscle_gain,light,vegetarian,8.2,7,2,1847.1,2539.7,2884.5,168.7,372.2,80.1
23,female,158.6,53.8,44.7,weight_loss,sedentary,vegetarian,8.1,1,1,1253.0,1503.6,1200.0,119.0,106.1,33.3
37,male,174.2,59.1,53.8,weight_loss,very_active,keto,7.6,5,3,1499.9,2849.9,2474.5,154.7,30.9,192.5
33,female,153.2,58.7,50.2,weight_loss,moderate,vegan,8.9,10,4,1218.2,1888.2,1392.8,119.2,141.9,38.7
47,female,155.2,75.7,75.7,maintenance,active,vegetarian,6.9,5,4,1331.4,2296.7,2393.1,126.2,304.4,74.5
23,female,161.1,51.6,61.6,muscle_gain,active,vegetarian,8.8,9,6,1246.3,2149.8,2484.5,114.5,351.4,69.0
29,male,181.3,93.3,92.9,endurance,light,vegetarian,6.8,10,1,1925.6,2647.7,2783.8,155.8,345.3,86.6
18,female,162.9,67.5,67.5,maintenance,light,vegetarian,6.1,8,5,1442.0,1982.8,1997.6,109.9,249.8,62.1
26,male,177.0,99.2,88.8,weight_loss,light,keto,7.2,10,2,1973.4,2713.4,2238.8,139.9,28.0,174.1
26,male,172.0,75.6,74.8,endurance,moderate,keto,6.7,3,1,1706.2,2644.6,2984.3,186.5,37.3,232.1
28,female,162.9,58.2,59.0,endurance,sedentary,vegan,8.3,9,4,1299.0,1558.8,1816.8,106.3,220.8,56.5
49,female,166.2,65.0,73.0,muscle_gain,moderate,keto,7.3,2,1,1282.4,1987.7,2340.3,146.3,29.3,182.0
18,female,168.2,65.6,53.5,weight_loss,active,non_vegetarian,8.1,3,2,1456.5,2512.4,2038.2,134.4,247.8,56.6
22,female,160.3,59.1,50.2,weight_loss,sedentary,keto,7.7,9,4,1321.6,1585.9,1200.0,75.0,15.0,93.3
26,male,192.7,84.0,83.2,endurance,active,vegetarian,6.5,5,5,1919.5,3311.1,3376.7,145.4,462.3,105.1
28,female,158.4,40.0,40.0,maintenance,very_active,non_vegetarian,7.3,4,5,1065.9,2025.2,2122.4,65.7,316.4,66.0
37,female,166.7,66.0,66.0,maintenance,active,keto,6.2,6,6,1355.9,2339.0,2242.0,140.1,28.0,174.4
25,male,182.7,63.3,66.4,muscle_gain,very_active,keto,7.0,3,4,1654.9,3144.3,3228.9,201.8,40.4,251.1
27,male,174.9,79.9,74.5,weight_loss,moderate,non_vegetarian,7.1,2,1,1761.9,2730.9,2279.7,162.0,265.5,63.3
36,female,164.8,78.3,85.8,muscle_gain,sedentary,vegan,6.7,1,2,1472.5,1767.0,2020.6,177.3,201.6,56.1
35,female,167.4,49.1,49.1,maintenance,active,vegan,8.2,5,5,1201.4,2072.4,1979.0,84.0,272.1,61.6
22,male,170.7,88.5,84.3,weight_loss,very_active,non_vegetarian,6.1,10,1,1847.4,3510.1,2954.6,182.7,371.2,82.1
21,male,171.1,93.7,95.6,endurance,moderate,vegan,7.7,8,2,1906.0,2954.3,3155.6,170.6,397.3,98.2
28,male,175.1,96.1,92.0,weight_loss,light,non_vegetarian,6.0,3,4,1920.4,2640.5,2092.4,215.4,177.0,58.1
43,male,177.7,75.8,75.8,maintenance,sedentary,vegetarian,8.3,7,6,1658.1,1989.7,2139.0,124.4,260.7,66.5
19,female,160.5,49.2,49.2,maintenance,moderate,vegetarian,6.9,7,6,1239.4,1921.0,1975.9,82.3,273.3,61.5
46,female,174.7,78.7,78.7,maintenance,moderate,vegan,8.6,4,2,1487.7,2305.9,2292.2,138.4,274.2,71.3
26,female,151.3,88.4,94.8,muscle_gain,active,keto,8.3,2,5,1538.9,2654.7,3046.9,190.4,38.1,237.0
25,female,172.3,52.3,52.3,maintenance,light,vegetarian,8.5,6,6,1314.1,1806.9,1829.0,97.3,231.9,56.9
28,female,167.5,63.2,68.9,muscle_gain,very_active,non_vegetarian,8.1,1,2,1378.1,2618.3,2839.1,129.8,402.4,78.9
30,female,170.3,63.6,63.6,maintenance,very_active,non_vegetarian,6.6,2,3,1390.1,2641.3,2702.7,101.9,384.5,84.1
19,female,162.8,56.5,53.1,weight_loss,very_active,vegan,7.2,1,6,1326.7,2520.7,2065.9,117.7,269.6,57.4
30,female,167.8,77.1,77.1,maintenance,sedentary,vegetarian,8.7,10,6,1508.5,1810.2,1847.7,143.3,189.2,57.5
32,female,156.0,64.0,65.0,endurance,light,keto,7.8,9,1,1293.7,1778.9,1947.2,121.7,24.3,151.4
26,male,173.0,64.3,64.3,maintenance,sedentary,non_vegetarian,6.1,3,1,1599.1,1918.9,1806.2,116.5,208.6,56.2
23,female,164.4,47.8,37.2,weight_loss,sedentary,keto,5.7,2,5,1229.4,1475.3,1200.0,75.0,15.0,93.3
49,female,170.2,83.7,89.0,muscle_gain,very_active,vegetarian,8.6,3,5,1494.7,2840.0,3227.4,184.3,420.7,89.7
41,female,157.9,56.3,43.2,weight_loss,active,keto,7.8,2,2,1183.8,2042.0,1415.3,88.5,17.7,110.1
41,male,188.3,70.3,70.3,maintenance,sedentary,non_vegetarian,6.5,4,6,1679.6,2015.5,2000.1,121.8,238.3,62.2
22,female,165.7,77.5,82.4,muscle_gain,sedentary,vegan,6.7,10,6,1539.5,1847.4,2082.5,163.2,227.4,57.8
34,male,173.8,79.6,81.3,endurance,sedentary,vegetarian,5.8,6,5,1717.0,2060.4,2291.6,131.7,280.8,71.3
28,male,175.2,75.0,82.5,muscle_gain,sedentary,non_vegetarian,8.6,4,3,1709.9,2051.9,2471.8,160.4,303.0,68.7
34,male,177.8,60.2,65.9,muscle_gain,moderate,vegetarian,6.5,10,3,1548.1,2399.5,2718.3,125.6,384.1,75.5
38,female,163.3,71.9,81.1,muscle_gain,light,vegan,6.5,8,3,1388.5,1909.2,2379.0,147.6,298.4,66.1
40,male,176.7,70.8,70.2,endurance,moderate,vegan,7.1,3,1,1618.1,2508.1,2500.6,126.9,323.2,77.8
28,female,160.7,68.7,78.7,muscle_gain,very_active,non_vegetarian,7.8,5,2,1390.3,2641.6,2977.8,146.3,412.1,82.7
26,female,150.5,52.7,52.7,maintenance,sedentary,non_vegetarian,7.1,1,1,1177.1,1412.5,1432.7,88.4,169.4,44.6
47,male,175.2,82.6,82.9,endurance,light,keto,6.8,7,6,1691.0,2325.1,2597.3,162.3,32.5,202.0
21,male,178.9,67.6,67.6,maintenance,sedentary,vegan,5.5,7,4,1694.7,2033.6,2086.4,125.8,249.8,64.9
31,female,165.1,54.6,54.6,maintenance,sedentary,non_vegetarian,6.6,8,5,1261.9,1514.3,1546.4,102.3,176.1,48.1
50,male,167.9,73.2,63.1,weight_loss,active,keto,7.9,7,4,1537.0,2651.4,2166.3,135.4,27.1,168.5
37,male,171.5,40.0,40.0,maintenance,moderate,vegan,6.9,1,2,1275.4,1976.9,2057.5,69.8,300.6,64.0
37,male,162.1,69.5,71.3,endurance,active,vegan,5.6,9,2,1527.8,2635.4,2968.8,119.6,414.7,92.4
44,female,169.6,61.9,65.8,muscle_gain,very_active,non_vegetarian,8.9,2,3,1297.7,2465.6,2822.6,130.0,399.2,78.4
28,male,185.0,65.7,65.7,maintenance,active,keto,6.1,1,6,1678.8,2895.9,2825.9,176.6,35.3,219.8
40,male,175.6,97.3,102.5,muscle_gain,light,vegan,8.5,7,1,1875.8,2579.2,2870.2,200.0,338.2,79.7
29,male,168.6,78.1,81.1,muscle_gain,very_active,vegan,5.8,9,6,1694.9,3220.3,3412.0,159.9,479.8,94.8
25,female,152.9,72.3,81.1,muscle_gain,active,keto,8.0,2,4,1393.2,2403.2,2812.4,175.8,35.2,218.7
18,male,186.7,113.0,113.0,maintenance,light,keto,8.2,5,6,2211.3,3040.6,3044.8,190.3,38.1,236.8
23,female,182.8,48.2,47.6,endurance,very_active,vegetarian,8.9,1,2,1348.0,2561.3,2762.9,86.8,410.4,86.0
31,male,186.8,83.0,88.4,muscle_gain,moderate,vegan,7.6,7,1,1847.6,2863.8,3165.7,186.5,407.1,87.9
20,male,173.3,63.9,67.2,muscle_gain,active,non_vegetarian,5.8,7,6,1626.9,2806.5,3161.0,133.6,459.1,87.8
24,male,164.0,95.6,94.8,endurance,light,vegan,7.2,5,4,1866.0,2565.8,2724.5,172.3,318.0,84.8
18,male,174.7,79.0,85.3,muscle_gain,active,vegetarian,7.9,2,6,1796.2,3098.4,3267.7,160.0,452.6,90.8
33,female,155.7,84.5,80.0,weight_loss,light,vegan,7.9,1,4,1492.3,2051.9,1576.3,181.9,113.6,43.8
26,female,157.8,62.7,62.4,endurance,sedentary,vegan,5.9,8,5,1322.6,1587.1,1819.9,114.3,213.3,56.6
29,female,161.5,64.7,63.1,endurance,moderate,vegan,7.0,7,6,1350.3,2092.9,2251.4,107.0,298.4,70.0
26,male,159.3,91.6,101.2,muscle_gain,sedentary,vegan,6.4,9,5,1787.0,2144.4,2516.8,202.6,269.3,69.9
22,female,176.3,65.0,64.1,endurance,sedentary,keto,5.9,8,4,1481.3,1777.5,1916.0,119.8,24.0,149.0
38,female,165.8,68.7,62.7,weight_loss,very_active,vegan,6.5,1,5,1372.5,2607.8,2080.9,144.4,245.8,57.8
34,female,161.2,70.7,76.6,muscle_gain,moderate,vegan,6.5,1,5,1383.0,2143.7,2351.2,150.9,290.0,65.3
25,male,189.8,67.3,67.3,maintenance,sedentary,keto,6.4,2,5,1738.7,2086.5,2048.7,128.0,25.6,159.3
25,male,166.3,47.1,53.1,muscle_gain,light,keto,6.5,8,6,1390.1,1911.4,2245.7,140.4,28.1,174.7
31,male,175.6,76.0,75.3,endurance,sedentary,vegetarian,7.6,2,4,1707.1,2048.5,2251.4,122.5,282.9,70.0
40,male,174.5,70.0,70.0,maintenance,moderate,keto,6.9,3,6,1595.1,2472.4,2451.6,153.2,30.6,190.7
35,female,172.9,56.5,44.0,weight_loss,active,vegetarian,9.0,10,5,1309.1,2258.3,1763.5,122.7,207.9,49.0
33,male,168.1,78.3,72.7,weight_loss,moderate,keto,8.8,5,6,1673.2,2593.5,2001.5,125.1,25.0,155.7
18,male,178.9,72.6,72.6,maintenance,very_active,vegetarian,8.7,5,3,1759.6,3343.2,3363.5,129.3,476.2,104.6
29,male,168.2,77.4,78.5,endurance,light,vegetarian,6.5,8,5,1684.8,2316.7,2423.6,139.1,297.1,75.4
43,female,153.5,61.7,58.5,weight_loss,light,non_vegetarian,5.7,5,6,1199.9,1649.9,1200.0,129.4,95.7,33.3
35,female,160.7,57.8,58.0,endurance,very_active,vegan,7.5,6,3,1246.0,2367.4,2633.1,100.7,373.3,81.9
30,female,166.6,52.2,52.2,maintenance,active,non_vegetarian,8.1,4,5,1252.6,2160.7,2069.7,90.8,281.7,64.4
31,male,173.4,86.8,84.9,endurance,moderate,keto,8.5,2,6,1801.8,2792.7,2985.6,186.6,37.3,232.2
32,female,151.6,86.7,86.7,maintenance,sedentary,non_vegetarian,7.4,5,3,1493.3,1792.0,1783.2,158.2,162.7,55.5
36,female,157.1,67.7,66.3,endurance,active,vegetarian,7.7,10,4,1318.1,2273.8,2377.1,120.2,307.6,74.0
34,female,160.5,64.4,49.5,weight_loss,moderate,keto,6.8,9,2,1315.7,2039.3,1571.5,98.2,19.6,122.2
18,female,158.2,69.5,63.9,weight_loss,sedentary,keto,9.0,10,3,1432.7,1719.2,1296.0,81.0,16.2,100.8
28,male,180.7,76.5,82.0,muscle_gain,active,keto,6.3,10,3,1759.6,3035.3,3582.5,223.9,44.8,278.6
18,female,163.7,44.5,44.5,maintenance,sedentary,vegan,7.4,4,4,1216.8,1460.2,1350.4,77.9,165.2,42.0
32,female,164.0,60.6,59.2,endurance,moderate,keto,8.6,7,3,1309.7,2030.0,2222.9,138.9,27.8,172.9
60,male,173.9,85.1,85.1,maintenance,active,non_vegetarian,5.8,10,6,1643.5,2835.1,2779.8,153.6,346.7,86.5
32,female,161.3,59.1,59.6,endurance,active,non_vegetarian,6.0,10,5,1278.1,2204.7,2535.9,105.5,351.0,78.9
41,male,177.1,45.7,46.1,endurance,sedentary,vegan,7.7,2,3,1364.2,1637.1,1817.2,75.4,251.8,56.5
57,male,174.2,93.4,94.8,endurance,very_active,non_vegetarian,6.8,4,2,1742.9,3311.5,3663.4,154.0,505.4,114.0
32,female,157.1,40.0,45.1,muscle_gain,moderate,non_vegetarian,6.2,8,4,1008.7,1563.5,1952.7,90.7,275.5,54.2
21,male,177.4,60.5,62.4,endurance,light,non_vegetarian,5.9,10,3,1613.8,2219.0,2399.8,105.9,326.0,74.7
30,male,178.1,62.4,65.4,muscle_gain,active,vegetarian,7.9,9,4,1592.4,2746.8,3208.0,125.4,476.1,89.1
24,female,151.3,62.7,49.1,weight_loss,active,vegan,8.0,10,6,1291.4,2227.7,1729.5,135.5,188.9,48.0
31,male,186.9,74.7,73.9,endurance,active,vegetarian,8.4,1,3,1765.0,3044.6,3233.0,128.4,453.5,100.6
18,female,168.7,66.2,64.6,endurance,active,vegetarian,8.2,10,1,1465.8,2528.4,2694.1,122.7,362.3,83.8
18,male,187.6,60.8,60.8,maintenance,active,vegan,6.4,8,2,1695.3,2924.5,2872.6,99.9,417.1,89.4
33,female,154.6,46.1,37.6,weight_loss,moderate,vegetarian,8.1,5,3,1101.2,1706.8,1200.0,102.0,123.1,33.3
37,female,159.2,99.1,99.9,endurance,moderate,keto,7.5,10,1,1640.2,2542.3,2660.5,166.3,33.3,206.9
20,male,171.5,81.4,84.6,muscle_gain,very_active,vegan,7.5,5,3,1790.8,3402.5,3699.5,184.3,509.3,102.8
36,male,168.2,58.7,58.7,maintenance,active,keto,7.9,3,6,1462.6,2523.1,2387.0,149.2,29.8,185.7
18,male,171.9,73.8,82.8,muscle_gain,very_active,vegan,6.3,4,5,1727.0,3281.2,3562.4,153.3,514.5,99.0
42,female,171.6,60.0,64.8,muscle_gain,very_active,vegetarian,8.1,9,4,1301.3,2472.5,2670.6,133.0,367.7,74.2
24,female,158.8,56.1,63.2,muscle_gain,moderate,non_vegetarian,7.3,7,4,1272.7,1972.6,2274.0,120.6,305.7,63.2
23,male,172.9,69.1,70.7,endurance,light,keto,5.5,2,3,1661.7,2284.8,2500.4,156.3,31.3,194.5
33,male,168.7,95.8,95.8,maintenance,light,non_vegetarian,7.6,2,6,1852.4,2547.1,2472.2,157.6,287.4,76.9
18,male,179.0,66.6,66.6,maintenance,active,keto,7.5,1,6,1699.6,2931.8,2960.1,185.0,37.0,230.2
18,male,187.1,87.4,93.2,muscle_gain,moderate,vegetarian,6.7,2,3,1958.7,3036.1,3233.6,177.4,429.0,89.8
18,male,189.4,67.7,61.8,weight_loss,active,non_vegetarian,6.1,4,2,1775.4,3062.5,2498.4,151.6,316.9,69.4
18,female,160.5,61.3,68.2,muscle_gain,sedentary,vegan,6.2,2,2,1365.1,1638.1,2030.8,124.3,256.5,56.4
18,female,152.4,69.4,63.5,weight_loss,light,non_vegetarian,7.2,2,5,1395.4,1918.6,1461.5,154.7,119.3,40.6
18,male,184.7,78.5,78.5,maintenance,sedentary,non_vegetarian,7.0,8,2,1854.3,2225.2,2298.1,136.9,276.8,71.5
29,male,155.8,75.9,81.0,muscle_gain,very_active,keto,5.5,7,1,1592.6,3026.0,3483.3,217.7,43.5,270.9
21,female,160.3,61.9,71.8,muscle_gain,very_active,keto,6.4,7,5,1354.6,2573.8,2669.5,166.8,33.4,207.6
46,female,156.7,70.1,70.1,endurance,light,vegan,8.8,5,3,1289.0,1772.4,1967.2,123.0,231.1,61.2
42,male,179.2,74.7,74.7,maintenance,moderate,vegan,5.9,3,4,1662.4,2576.7,2507.7,133.5,317.9,78.0
37,male,161.0,87.0,87.0,maintenance,very_active,keto,7.2,3,1,1696.8,3223.8,3117.5,194.8,39.0,242.5
42,female,164.1,71.7,71.7,maintenance,sedentary,keto,6.7,9,2,1372.1,1646.5,1650.6,103.2,20.6,128.4
18,male,169.1,87.4,80.7,weight_loss,light,non_vegetarian,8.2,8,1,1846.1,2538.4,2048.6,182.8,201.3,56.9
41,female,165.8,52.4,57.7,muscle_gain,very_active,non_vegetarian,6.9,3,2,1194.4,2269.3,2556.8,107.8,371.7,71.0
31,male,157.5,101.4,101.4,maintenance,very_active,keto,7.8,7,6,1848.6,3512.3,3558.8,222.4,44.5,276.8
42,female,151.9,78.9,88.4,muscle_gain,moderate,keto,8.4,6,2,1367.9,2120.3,2635.7,164.7,32.9,205.0
18,female,168.4,64.0,64.0,maintenance,moderate,vegan,7.0,7,4,1441.6,2234.5,2131.0,111.0,272.6,66.3
34,male,182.7,69.6,69.0,endurance,sedentary,keto,8.3,8,3,1672.5,2007.0,2284.2,142.8,28.6,177.7
18,male,164.0,79.9,85.0,muscle_gain,light,vegan,6.6,7,3,1739.4,2391.7,2743.7,168.8,345.7,76.2
22,male,182.5,85.4,94.4,muscle_gain,very_active,keto,5.9,4,2,1889.8,3590.6,4042.1,252.6,50.5,314.4
28,female,167.2,58.7,60.5,endurance,very_active,keto,8.8,7,6,1330.6,2528.2,2896.3,181.0,36.2,225.3
21,female,177.7,64.4,67.8,muscle_gain,moderate,keto,5.7,6,3,1489.0,2308.0,2548.3,159.3,31.9,198.2
43,female,163.9,74.2,74.1,endurance,moderate,vegetarian,5.8,7,2,1390.4,2155.1,2441.6,138.3,301.1,76.0
33,male,171.3,91.7,91.7,maintenance,very_active,non_vegetarian,7.0,6,5,1827.0,3471.3,3471.4,162.2,462.7,108.0
36,female,147.9,69.4,69.4,maintenance,sedentary,non_vegetarian,5.7,6,3,1277.2,1532.6,1503.2,127.1,143.4,46.8
46,female,167.4,66.9,73.2,muscle_gain,light,vegan,6.7,5,3,1323.8,1820.2,2201.9,143.0,269.8,61.2
20,male,189.0,105.9,111.9,muscle_gain,sedentary,keto,8.3,1,5,2145.0,2573.9,2958.4,184.9,37.0,230.1
45,male,171.4,66.8,66.8,maintenance,sedentary,keto,9.0,9,3,1519.9,1823.9,1826.2,114.1,22.8,142.0
34,female,160.2,70.5,70.5,maintenance,very_active,vegan,8.1,10,1,1375.0,2612.6,2636.6,126.2,348.4,82.0
20,male,180.2,90.1,97.1,muscle_gain,very_active,vegetarian,7.8,4,1,1931.8,3670.5,4041.2,192.9,564.7,112.3
41,female,154.5,69.6,69.6,maintenance,active,keto,8.6,3,6,1295.6,2235.0,2156.5,134.8,27.0,167.7
18,female,158.6,52.7,44.3,weight_loss,light,vegan,8.1,7,1,1267.1,1742.3,1221.8,117.7,111.5,33.9
27,female,168.9,60.1,60.1,maintenance,sedentary,keto,5.6,4,3,1360.8,1633.0,1555.3,97.2,19.4,121.0
41,female,157.1,63.3,70.4,muscle_gain,moderate,non_vegetarian,7.4,4,5,1249.1,1936.1,2316.7,141.2,293.1,64.4
31,female,170.7,69.7,74.1,muscle_gain,light,non_vegetarian,5.6,10,1,1448.1,1991.1,2280.6,143.2,284.5,63.3
51,male,177.6,75.9,75.9,maintenance,sedentary,vegan,8.7,4,2,1619.1,1942.9,1999.1,141.3,218.5,62.2
32,female,165.8,93.9,98.5,muscle_gain,active,vegan,8.2,1,2,1654.3,2853.6,3177.2,213.7,381.9,88.3
26,female,163.8,76.9,68.6,weight_loss,active,vegetarian,8.1,7,1,1501.4,2590.0,1995.5,171.0,203.2,55.4
18,female,158.9,44.4,43.2,endurance,active,non_vegetarian,8.4,2,2,1186.0,2045.8,2217.2,76.1,322.9,69.0
35,male,168.9,58.0,67.6,muscle_gain,light,vegetarian,6.8,6,4,1465.7,2015.3,2370.3,128.9,315.6,65.8
38,male,162.4,89.5,95.8,muscle_gain,sedentary,vegan,8.8,1,1,1725.1,2070.1,2479.4,192.7,272.1,68.9
39,female,171.5,90.4,89.8,endurance,active,vegetarian,8.4,7,6,1620.3,2795.0,2963.0,170.3,363.0,92.2
31,female,160.1,64.0,73.1,muscle_gain,sedentary,keto,5.6,5,6,1324.8,1589.7,2028.9,126.8,25.4,157.8
18,female,157.0,80.5,75.4,weight_loss,light,non_vegetarian,7.3,3,6,1535.3,2111.1,1660.4,161.2,150.2,46.1
26,female,169.0,68.1,54.7,weight_loss,sedentary,non_vegetarian,6.8,7,2,1446.1,1735.3,1290.9,149.7,92.3,35.9
30,female,170.2,95.7,103.9,muscle_gain,light,non_vegetarian,6.1,2,2,1709.7,2350.8,2749.2,214.7,300.7,76.4
30,male,181.8,72.9,72.5,endurance,light,vegan,8.4,10,3,1720.0,2365.0,2748.7,124.8,370.0,85.5
31,male,173.8,66.3,52.6,weight_loss,moderate,vegetarian,8.6,7,1,1599.4,2479.0,2044.1,133.3,249.9,56.8
38,female,159.5,70.9,74.0,muscle_gain,light,vegetarian,5.8,2,1,1355.2,1863.4,2113.2,160.9,235.3,58.7
31,female,166.2,84.5,83.0,endurance,active,keto,7.6,1,3,1567.4,2703.8,2836.7,177.3,35.5,220.6
18,female,156.7,48.0,47.3,endurance,moderate,non_vegetarian,8.8,2,4,1208.2,1872.7,2155.8,84.6,303.4,67.1
45,female,165.2,78.7,85.3,muscle_gain,light,non_vegetarian,6.0,2,6,1433.3,1970.8,2330.1,176.4,260.5,64.7
29,male,173.3,73.7,72.7,endurance,moderate,vegetarian,8.1,5,3,1679.9,2603.8,2673.6,123.5,357.7,83.2
32,female,162.7,72.9,72.9,maintenance,light,vegan,7.8,10,6,1425.4,1960.0,1965.5,125.9,228.0,61.1
28,male,169.0,79.0,80.9,endurance,sedentary,non_vegetarian,7.7,4,2,1711.5,2053.9,2303.8,126.7,287.9,71.7
18,female,163.6,66.8,66.8,maintenance,sedentary,keto,7.2,6,2,1439.5,1727.5,1690.2,105.6,21.1,131.5
24,female,164.6,50.4,50.9,endurance,light,keto,7.4,2,6,1251.8,1721.3,1941.4,121.3,24.3,151.0
21,female,170.4,92.1,92.1,maintenance,moderate,non_vegetarian,8.3,8,5,1719.8,2665.7,2596.8,154.4,313.0,80.8
35,female,157.9,76.5,72.7,weight_loss,moderate,vegan,7.7,9,2,1415.9,2194.6,1630.3,161.4,144.2,45.3
34,male,169.0,75.1,78.9,muscle_gain,active,vegetarian,5.9,6,3,1642.4,2833.1,3084.6,166.3,412.0,85.7
38,female,157.1,70.6,72.5,endurance,very_active,vegetarian,6.1,9,2,1337.4,2541.0,2712.7,133.5,354.8,84.4
28,male,177.2,67.3,75.4,muscle_gain,sedentary,non_vegetarian,7.6,3,5,1645.7,1974.9,2339.6,141.7,296.9,65.0
45,male,169.8,94.4,94.4,maintenance,very_active,non_vegetarian,9.0,3,3,1785.1,3391.8,3544.2,170.7,467.2,110.3
21,male,164.4,82.2,69.1,weight_loss,light,non_vegetarian,6.0,10,4,1749.5,2405.6,1874.3,182.9,168.4,52.1
48,male,176.3,66.8,66.8,maintenance,sedentary,keto,6.5,9,4,1534.4,1841.3,1778.0,111.1,22.2,138.3
40,female,159.0,64.5,65.4,endurance,moderate,non_vegetarian,5.8,9,6,1278.0,1980.9,2243.5,109.0,294.8,69.8
25,female,162.7,63.8,67.2,muscle_gain,very_active,vegetarian,6.0,3,2,1368.8,2600.6,3011.1,135.5,429.2,83.6
35,female,161.5,64.8,71.9,muscle_gain,active,keto,6.4,6,1,1320.8,2278.3,2599.0,162.4,32.5,202.1
18,male,178.1,104.5,104.5,maintenance,light,keto,5.9,10,6,2072.8,2850.1,2774.5,173.4,34.7,215.8
22,male,169.0,88.1,95.8,muscle_gain,active,non_vegetarian,5.5,2,5,1832.9,3161.8,3559.0,196.3,470.9,98.9
28,female,156.6,65.1,59.3,weight_loss,very_active,keto,7.0,2,5,1328.7,2524.5,1929.5,120.6,24.1,150.1
31,female,169.1,49.0,58.1,muscle_gain,sedentary,vegan,5.6,5,1,1230.7,1476.9,1742.9,112.0,214.8,48.4
45,female,158.7,77.6,79.1,endurance,very_active,non_vegetarian,8.3,5,2,1382.3,2626.4,2813.3,140.3,366.2,87.5
28,male,179.5,65.6,59.7,weight_loss,very_active,vegan,7.2,7,4,1643.2,3122.0,2632.4,147.9,345.7,73.1
26,male,165.4,82.7,68.8,weight_loss,moderate,vegan,6.7,5,3,1736.2,2691.1,2173.8,181.3,226.3,60.4
28,male,166.3,100.3,94.4,weight_loss,sedentary,keto,7.2,10,4,1907.3,2288.7,1835.8,114.7,22.9,142.8
39,female,160.9,43.2,32.9,weight_loss,active,keto,8.5,7,1,1081.9,1866.3,1446.3,90.4,18.1,112.5
29,male,170.0,83.8,79.4,weight_loss,very_active,vegetarian,6.8,10,4,1760.9,3345.7,2945.4,186.8,365.5,81.8
29,female,172.0,77.0,63.8,weight_loss,moderate,keto,7.5,9,1,1538.6,2384.9,1824.0,114.0,22.8,141.9
23,female,169.7,40.0,40.3,endurance,sedentary,non_vegetarian,8.8,2,3,1099.1,1319.0,1512.1,64.3,208.0,47.0
18,female,159.7,60.4,53.1,weight_loss,active,vegan,6.7,4,3,1351.0,2330.5,1810.9,133.2,206.4,50.3
24,female,155.3,91.5,80.1,weight_loss,moderate,keto,7.7,3,2,1604.8,2487.4,2098.8,131.2,26.2,163.2
18,female,174.1,59.2,60.6,endurance,moderate,non_vegetarian,6.7,10,5,1429.0,2215.0,2424.4,109.9,326.6,75.4
29,male,170.7,91.8,91.8,maintenance,moderate,vegetarian,5.8,7,3,1844.8,2859.4,2870.2,172.1,344.5,89.3
25,female,153.9,53.3,58.2,muscle_gain,active,non_vegetarian,6.7,8,3,1208.4,2084.6,2314.7,117.9,316.1,64.3
30,male,166.4,74.3,78.1,muscle_gain,moderate,vegetarian,8.7,9,3,1638.0,2538.9,3007.6,161.6,402.4,83.5
41,male,175.7,76.8,75.6,endurance,very_active,vegetarian,7.6,7,3,1666.2,3165.8,3555.6,125.0,515.0,110.6
35,male,173.4,58.0,58.0,maintenance,very_active,vegan,8.7,2,6,1494.0,2838.5,2872.1,99.7,417.2,89.4
38,female,158.6,67.5,59.2,weight_loss,moderate,non_vegetarian,7.4,5,1,1315.1,2038.3,1521.6,135.8,149.4,42.3
28,female,145.6,61.3,70.4,muscle_gain,light,non_vegetarian,8.3,3,1,1222.3,1680.7,2089.7,130.7,261.2,58.0
23,female,163.4,54.9,63.8,muscle_gain,sedentary,keto,7.0,9,5,1294.3,1553.2,1923.8,120.2,24.0,149.6
27,male,168.5,96.7,97.2,endurance,light,keto,8.6,7,6,1889.6,2598.2,2876.2,179.8,36.0,223.7
23,female,166.5,70.4,70.4,maintenance,moderate,keto,6.8,4,3,1469.0,2277.0,2320.9,145.1,29.0,180.5
18,female,170.0,57.2,43.9,weight_loss,light,vegan,6.4,9,5,1383.4,1902.2,1387.2,131.3,128.9,38.5
56,male,178.4,72.6,63.2,weight_loss,very_active,keto,5.9,10,2,1566.0,2975.4,2311.6,144.5,28.9,179.8
43,female,153.6,52.0,59.0,muscle_gain,active,vegan,7.7,8,5,1103.5,1903.5,2231.1,104.8,313.5,62.0
44,female,168.4,62.1,52.4,weight_loss,light,vegetarian,5.7,6,4,1292.6,1777.4,1289.2,134.6,107.2,35.8
23,male,177.1,79.0,64.5,weight_loss,moderate,vegetarian,6.4,1,6,1787.2,2770.2,2336.2,164.5,273.5,64.9
39,female,166.5,59.7,58.6,endurance,light,keto,7.1,9,6,1280.9,1761.2,2004.9,125.3,25.1,155.9
29,female,155.4,59.2,59.2,maintenance,light,keto,6.0,9,6,1257.0,1728.4,1732.8,108.3,21.7,134.8
39,female,161.7,49.5,38.0,weight_loss,very_active,vegetarian,5.9,2,5,1149.6,2184.3,1687.1,104.3,211.9,46.9
31,male,177.5,90.9,89.9,endurance,light,non_vegetarian,8.2,3,2,1868.1,2568.6,2853.2,161.8,351.7,88.8
24,male,171.1,63.4,61.8,endurance,sedentary,vegan,7.5,7,4,1588.6,1906.3,2150.4,119.4,267.7,66.9
44,female,160.8,61.1,59.8,endurance,light,vegan,6.1,7,3,1235.0,1698.1,1981.6,103.5,253.3,61.6
35,female,166.1,49.7,41.9,weight_loss,light,vegan,8.9,2,3,1198.9,1648.5,1200.0,102.8,122.3,33.3
20,female,155.1,59.8,56.6,weight_loss,very_active,vegan,8.9,1,6,1306.5,2482.4,1947.6,130.5,234.7,54.1
27,female,152.9,75.5,60.9,weight_loss,light,vegetarian,5.5,7,3,1414.8,1945.3,1494.2,163.0,117.2,41.5
18,male,183.8,66.7,66.7,maintenance,sedentary,non_vegetarian,7.7,3,5,1730.4,2076.5,2129.9,110.5,272.8,66.3
29,male,176.2,75.4,75.4,maintenance,sedentary,non_vegetarian,7.5,8,6,1715.5,2058.6,2133.5,134.2,249.8,66.4
18,male,180.9,93.4,100.8,muscle_gain,active,vegetarian,8.6,2,3,1979.6,3414.8,3845.7,213.0,508.1,106.8
53,female,159.3,75.5,65.4,weight_loss,moderate,non_vegetarian,5.8,4,5,1324.5,2053.0,1548.0,154.8,135.4,43.0
42,male,175.9,72.6,72.6,maintenance,active,keto,8.2,2,6,1620.3,2795.0,2904.6,181.5,36.3,225.9
25,male,164.7,70.8,70.8,maintenance,light,vegan,8.9,8,2,1617.0,2223.4,2264.7,116.3,291.2,70.5
43,female,163.8,79.8,65.8,weight_loss,moderate,vegetarian,8.3,10,1,1445.8,2241.0,1670.0,181.7,131.4,46.4
25,male,173.7,76.4,76.4,maintenance,very_active,keto,8.1,4,3,1729.5,3286.1,3294.4,205.9,41.2,256.2
36,female,159.9,65.7,70.8,muscle_gain,active,non_vegetarian,6.9,7,1,1315.0,2268.3,2614.8,143.7,346.7,72.6
20,female,162.2,62.3,55.4,weight_loss,active,vegetarian,6.9,8,3,1375.5,2372.8,1863.5,133.6,215.7,51.8
30,male,176.6,71.9,65.2,weight_loss,light,vegetarian,8.7,9,2,1678.3,2307.6,1876.6,156.5,195.4,52.1
18,female,158.0,97.4,93.8,weight_loss,very_active,vegetarian,6.2,9,1,1709.8,3248.6,2663.0,203.7,295.6,74.0
18,female,168.1,40.0,47.8,muscle_gain,very_active,vegan,6.3,8,2,1190.6,2262.2,2593.8,80.5,405.7,72.1
51,male,163.6,50.3,50.3,maintenance,sedentary,non_vegetarian,7.5,10,1,1275.3,1530.3,1461.5,88.0,175.0,45.5
38,male,185.0,70.8,72.5,endurance,light,vegetarian,6.3,6,2,1679.5,2309.3,2560.7,113.4,347.4,79.7
43,female,175.5,61.0,64.3,muscle_gain,moderate,keto,6.0,4,5,1331.4,2063.6,2247.0,140.4,28.1,174.8
21,female,160.0,60.9,59.7,endurance,very_active,vegan,8.1,5,4,1343.0,2551.7,2736.2,113.5,379.1,85.1
41,male,186.2,75.6,74.7,endurance,active,keto,8.7,8,3,1719.7,2966.5,3270.8,204.4,40.9,254.4
33,male,176.5,90.7,89.2,endurance,sedentary,keto,7.9,2,6,1850.1,2220.2,2425.4,151.6,30.3,188.6
50,male,164.5,70.8,67.0,weight_loss,light,keto,7.4,3,6,1491.0,2050.1,1544.2,96.5,19.3,120.1
34,female,171.9,63.7,62.8,endurance,moderate,vegan,5.9,2,4,1380.3,2139.5,2239.6,112.8,290.3,69.7
38,male,182.0,50.8,45.4,weight_loss,very_active,keto,7.3,1,4,1460.9,2775.7,2275.4,142.2,28.4,177.0
18,female,158.3,53.2,49.7,weight_loss,sedentary,non_vegetarian,5.8,2,2,1270.3,1524.4,1200.0,112.6,112.5,33.3
31,female,154.0,74.6,74.6,maintenance,active,non_vegetarian,8.2,9,2,1392.1,2401.4,2298.1,129.3,284.3,71.5
33,male,169.5,72.9,72.9,maintenance,sedentary,vegetarian,6.7,5,2,1628.1,1953.7,1983.3,137.4,219.6,61.7
35,female,172.4,63.0,62.6,endurance,light,vegetarian,6.5,2,2,1371.4,1885.6,2104.8,103.7,275.1,65.5
25,male,177.5,84.2,87.4,muscle_gain,moderate,keto,7.0,4,5,1830.6,2837.5,3178.1,198.6,39.7,247.2
18,female,165.3,68.4,71.8,muscle_gain,light,vegan,6.9,9,1,1466.0,2015.7,2317.5,150.9,283.6,64.4
18,male,187.8,84.9,84.9,maintenance,moderate,vegetarian,5.9,4,1,1937.6,3003.3,2982.6,139.5,397.4,92.8
18,female,157.2,79.6,66.8,weight_loss,very_active,vegetarian,5.9,4,6,1528.1,2903.4,2413.3,177.6,275.0,67.0
24,male,180.1,66.6,52.4,weight_loss,sedentary,keto,7.8,5,6,1676.5,2011.8,1579.8,98.7,19.7,122.9
43,female,159.7,56.5,57.0,endurance,light,keto,6.7,8,4,1186.9,1632.0,1688.1,105.5,21.1,131.3
18,male,165.3,79.9,78.8,endurance,very_active,vegan,8.1,7,3,1747.0,3319.2,3484.8,134.7,492.6,108.4
18,male,173.8,85.1,85.1,maintenance,sedentary,keto,8.3,3,1,1851.7,2222.0,2257.2,141.1,28.2,175.6
18,female,162.1,47.4,49.3,endurance,very_active,non_vegetarian,7.7,4,4,1236.1,2348.7,2617.6,77.6,393.6,81.4
37,female,156.7,54.8,54.6,endurance,active,keto,6.9,6,3,1181.5,2038.1,2207.2,137.9,27.6,171.7
18,female,165.4,60.7,59.7,endurance,light,non_vegetarian,7.5,10,3,1389.7,1910.8,2172.3,110.1,280.9,67.6
19,female,158.7,45.9,44.8,endurance,moderate,vegan,5.9,8,3,1194.9,1852.1,1990.2,75.4,282.9,61.9
18,female,170.0,55.6,48.5,weight_loss,light,non_vegetarian,7.8,9,4,1367.5,1880.4,1385.5,126.0,133.8,38.5
26,male,165.8,75.6,75.1,endurance,sedentary,non_vegetarian,6.5,10,2,1668.0,2001.6,2241.1,136.1,267.3,69.7
18,female,168.7,53.8,59.0,muscle_gain,light,keto,6.4,3,4,1341.2,1844.1,2162.3,135.1,27.0,168.2
35,female,158.4,64.5,60.5,weight_loss,sedentary,vegetarian,8.5,1,3,1298.2,1557.9,1200.0,129.2,95.9,33.3
31,male,157.0,52.4,52.4,maintenance,moderate,non_vegetarian,8.9,5,1,1354.8,2100.0,2138.8,95.5,289.6,66.5
40,female,156.6,61.1,61.1,maintenance,very_active,keto,7.2,3,3,1228.6,2334.4,2355.0,147.2,29.4,183.2
36,female,148.8,53.4,39.6,weight_loss,very_active,non_vegetarian,7.0,9,5,1122.7,2133.2,1616.9,109.2,194.0,44.9
37,female,180.5,61.3,69.2,muscle_gain,very_active,keto,6.5,4,1,1394.7,2649.9,2873.3,179.6,35.9,223.5
34,male,186.6,79.5,78.0,endurance,sedentary,vegetarian,6.8,3,1,1796.2,2155.4,2291.3,136.3,276.1,71.3
39,female,167.6,51.7,51.5,endurance,very_active,non_vegetarian,7.2,10,3,1208.7,2296.4,2525.0,83.0,371.4,78.6
39,female,171.3,63.2,58.1,weight_loss,moderate,vegetarian,7.9,3,1,1346.5,2087.0,1570.0,138.2,156.2,43.6
42,male,166.3,84.1,84.1,maintenance,moderate,vegetarian,8.9,8,1,1675.9,2597.6,2490.9,143.5,304.9,77.5
40,female,161.2,79.2,83.5,muscle_gain,moderate,vegan,7.3,1,4,1438.7,2230.0,2618.0,165.1,325.8,72.7
18,female,173.0,82.6,90.5,muscle_gain,sedentary,non_vegetarian,9.0,6,1,1656.2,1987.5,2399.3,171.7,278.3,66.6
22,female,160.9,65.7,65.9,endurance,sedentary,vegan,8.9,10,1,1391.8,1670.2,1830.7,107.7,221.7,57.0
46,male,177.2,40.2,40.2,maintenance,active,non_vegetarian,6.8,1,6,1283.7,2214.5,2237.0,75.2,327.5,69.6
26,female,162.5,59.6,60.8,endurance,moderate,vegan,8.2,7,6,1320.2,2046.4,2300.8,110.6,303.5,71.6
41,female,165.0,59.9,66.8,muscle_gain,moderate,vegan,6.4,8,6,1264.4,1959.8,2307.0,128.6,303.9,64.1
30,male,169.6,86.1,86.1,maintenance,very_active,vegetarian,5.9,2,2,1775.9,3374.3,3420.8,138.4,477.4,106.4
45,male,186.0,68.4,72.5,muscle_gain,moderate,vegetarian,8.2,2,1,1626.8,2521.5,2942.2,153.2,398.5,81.7
20,male,181.6,70.8,70.8,maintenance,very_active,vegetarian,7.7,8,6,1747.5,3320.2,3218.3,116.6,462.8,100.1
32,female,144.3,43.0,39.3,weight_loss,very_active,vegetarian,8.7,2,2,1010.6,1920.2,1412.6,87.8,177.1,39.2
30,male,173.0,55.9,43.4,weight_loss,sedentary,keto,6.3,1,6,1495.4,1794.5,1262.7,78.9,15.8,98.2
33,male,180.7,77.8,77.7,endurance,moderate,non_vegetarian,9.0,10,6,1746.8,2707.6,3008.5,129.1,412.4,93.6
33,male,170.0,74.1,73.9,endurance,moderate,vegetarian,5.8,4,3,1643.4,2547.2,2631.6,129.8,343.8,81.9
28,male,184.9,87.6,91.9,muscle_gain,sedentary,vegetarian,8.1,4,2,1896.5,2275.9,2736.3,197.5,315.6,76.0
26,female,172.4,61.7,61.7,maintenance,very_active,keto,7.3,5,2,1403.4,2666.5,2784.3,174.0,34.8,216.6
29,female,168.0,81.7,81.7,maintenance,moderate,non_vegetarian,7.8,5,3,1560.7,2419.1,2405.1,143.7,289.3,74.8
32,male,186.3,76.1,67.2,weight_loss,sedentary,vegetarian,5.7,7,1,1770.8,2125.0,1560.6,172.8,119.9,43.3
51,female,159.7,65.9,55.8,weight_loss,sedentary,vegan,6.8,10,6,1241.2,1489.5,1200.0,149.9,75.2,33.3
23,male,167.9,81.6,81.6,maintenance,moderate,keto,6.8,8,3,1755.1,2720.5,2574.1,160.9,32.2,200.2
27,female,164.7,60.8,60.8,maintenance,active,vegan,8.1,4,5,1341.1,2313.4,2206.2,107.2,290.0,68.6
45,male,176.8,98.0,89.4,weight_loss,moderate,keto,7.1,7,4,1865.5,2891.6,2372.9,148.3,29.7,184.6
21,female,164.9,61.4,62.4,endurance,light,non_vegetarian,8.8,3,3,1378.6,1895.6,2021.6,105.3,258.6,62.9
44,female,158.6,41.9,45.0,muscle_gain,active,vegan,7.8,3,2,1029.7,1776.2,2210.9,93.7,320.9,61.4
24,male,171.1,53.3,59.0,muscle_gain,sedentary,vegetarian,6.7,1,4,1487.5,1784.9,2246.4,109.0,312.2,62.4
18,female,163.4,75.0,79.6,muscle_gain,moderate,vegan,8.0,7,4,1519.8,2355.7,2740.0,160.9,352.9,76.1
29,male,162.4,66.7,68.5,endurance,sedentary,vegan,6.6,8,5,1541.6,1849.9,2061.4,108.1,263.0,64.1
22,female,164.4,72.2,80.8,muscle_gain,light,keto,7.0,1,3,1478.5,2032.9,2451.7,153.2,30.6,190.7
18,male,193.6,88.7,88.7,maintenance,moderate,keto,7.6,10,2,2012.3,3119.0,3118.9,194.9,39.0,242.6
40,female,179.6,46.7,46.7,maintenance,moderate,non_vegetarian,8.9,2,1,1228.6,1904.3,1891.4,79.9,260.7,58.8
18,female,164.3,68.4,68.4,maintenance,active,non_vegetarian,6.6,4,3,1460.0,2518.5,2515.6,113.7,339.0,78.3
23,female,148.7,68.5,68.5,maintenance,very_active,vegan,6.7,4,2,1337.9,2542.0,2653.0,121.5,356.1,82.5
24,female,166.1,45.2,53.9,muscle_gain,very_active,non_vegetarian,7.5,1,3,1208.8,2296.8,2683.1,93.8,409.4,74.5
26,male,169.9,67.4,65.7,endurance,light,vegan,7.6,5,1,1610.4,2214.3,2385.8,117.8,311.7,74.2
33,female,153.8,59.2,60.0,endurance,light,vegan,8.2,8,2,1227.7,1688.1,1885.7,101.2,238.2,58.7
19,male,190.4,66.1,53.2,weight_loss,moderate,vegan,6.0,5,3,1760.3,2728.5,2183.8,141.8,267.6,60.7
20,female,175.6,70.6,70.6,maintenance,very_active,non_vegetarian,7.8,10,5,1542.8,2931.3,2848.9,130.4,382.5,88.6
41,male,177.6,81.6,81.6,maintenance,sedentary,non_vegetarian,7.3,4,4,1726.1,2071.3,2049.9,143.4,225.5,63.8
22,female,165.4,57.5,52.0,weight_loss,moderate,vegan,5.6,7,1,1337.1,2072.5,1658.2,120.1,190.7,46.1
18,female,173.8,62.7,63.2,endurance,light,keto,7.4,10,4,1461.6,2009.7,2229.5,139.3,27.9,173.4
38,female,158.6,74.4,68.1,weight_loss,moderate,keto,8.0,8,3,1383.9,2145.0,1511.4,94.5,18.9,117.6
22,male,168.6,60.5,64.4,muscle_gain,moderate,vegetarian,7.4,6,2,1553.3,2407.6,2739.8,136.7,377.0,76.1
33,female,167.9,66.9,67.4,endurance,very_active,vegetarian,6.9,6,5,1392.4,2645.6,2788.7,120.0,381.9,86.8
33,male,177.0,91.1,91.1,maintenance,moderate,vegetarian,5.7,3,4,1857.3,2878.8,2945.9,169.9,360.2,91.7
30,male,168.8,68.9,64.7,weight_loss,light,non_vegetarian,8.0,2,3,1598.7,2198.2,1670.2,141.2,172.0,46.4
26,female,164.9,72.6,72.6,maintenance,sedentary,keto,6.7,2,4,1465.3,1758.4,1755.7,109.7,21.9,136.6
30,female,164.0,57.8,47.1,weight_loss,very_active,keto,6.9,3,5,1292.1,2455.0,1900.7,118.8,23.8,147.8
18,male,170.4,84.6,88.4,muscle_gain,active,non_vegetarian,6.4,4,1,1826.5,3150.7,3426.9,192.3,450.2,95.2
27,male,179.7,85.3,81.8,weight_loss,light,keto,6.3,4,2,1846.2,2538.5,1972.5,123.3,24.7,153.4
39,male,185.0,62.2,62.2,maintenance,moderate,keto,8.1,7,1,1588.2,2461.7,2400.9,150.1,30.0,186.7
41,female,162.0,40.0,40.2,endurance,sedentary,keto,5.6,10,1,1020.0,1223.9,1364.2,85.3,17.1,106.1
27,male,166.7,72.2,75.3,muscle_gain,very_active,keto,8.0,10,3,1634.0,3104.5,3457.9,216.1,43.2,268.9
44,male,173.7,93.0,93.1,endurance,light,non_vegetarian,8.1,5,3,1800.6,2475.9,2790.6,174.3,328.0,86.8
44,female,165.0,40.4,41.4,endurance,light,non_vegetarian,6.2,5,4,1054.6,1450.1,1672.9,67.7,233.5,52.0
40,male,175.4,102.4,102.4,maintenance,active,vegetarian,8.9,9,4,1925.2,3320.9,3406.6,177.5,435.6,106.0
35,male,184.7,82.7,88.4,muscle_gain,sedentary,vegetarian,8.8,4,2,1811.0,2173.2,2334.5,168.0,269.8,64.8
25,female,171.4,54.3,59.8,muscle_gain,very_active,vegan,7.7,10,3,1328.2,2523.6,2854.3,109.5,425.7,79.3
19,male,190.3,101.5,95.9,weight_loss,moderate,vegetarian,6.7,8,6,2114.6,3277.6,2704.0,208.5,298.5,75.1
31,female,158.2,71.4,71.4,maintenance,active,keto,7.6,3,4,1386.8,2392.2,2428.8,151.8,30.4,188.9
38,female,165.3,99.2,99.2,maintenance,light,vegetarian,8.6,1,5,1674.5,2302.5,2231.5,177.1,224.6,69.4
18,male,172.9,56.0,49.4,weight_loss,moderate,vegetarian,7.5,3,1,1555.8,2411.5,1825.9,118.4,224.0,50.7
19,male,168.6,64.6,64.6,maintenance,light,non_vegetarian,8.1,6,1,1610.2,2214.1,2248.5,122.2,282.4,70.0
24,female,161.7,74.7,75.8,endurance,sedentary,vegan,6.6,5,4,1477.2,1772.6,1927.3,139.7,207.1,60.0
27,male,178.9,50.8,45.7,weight_loss,sedentary,keto,5.9,4,4,1496.5,1795.8,1203.1,75.2,15.0,93.6
33,female,166.4,88.8,88.8,maintenance,sedentary,keto,5.7,3,2,1602.0,1922.4,1931.5,120.7,24.1,150.2
38,male,174.4,82.2,80.3,endurance,active,vegetarian,7.1,3,1,1726.8,2978.8,3337.8,142.2,458.7,103.8
18,male,179.3,107.9,96.3,weight_loss,moderate,vegan,6.4,5,2,2114.7,3277.7,2801.2,222.4,302.9,77.8
46,male,171.0,77.6,79.1,endurance,sedentary,vegetarian,7.0,8,2,1619.1,1942.9,2145.0,143.6,242.6,66.7
18,male,166.7,62.6,62.6,maintenance,moderate,vegetarian,7.1,8,5,1583.0,2453.7,2514.2,111.4,341.2,78.2
38,male,178.6,89.5,89.5,maintenance,moderate,non_vegetarian,7.7,7,2,1826.6,2831.2,2817.3,151.8,355.4,87.6
42,female,163.1,64.7,64.7,maintenance,active,vegan,6.0,8,6,1295.1,2234.0,2216.2,118.4,280.6,68.9
36,female,160.1,75.7,75.7,maintenance,active,vegetarian,8.6,6,3,1416.5,2443.5,2360.5,134.8,290.2,73.4
19,female,167.8,62.9,64.5,endurance,very_active,non_vegetarian,8.7,3,5,1422.2,2702.2,2862.7,107.1,408.1,89.1
38,female,158.7,61.6,71.4,muscle_gain,very_active,non_vegetarian,8.4,7,1,1257.2,2388.6,2853.6,137.8,397.2,79.3
45,female,174.0,60.6,51.4,weight_loss,very_active,vegetarian,6.4,9,6,1307.7,2484.6,2057.9,131.7,254.1,57.2
20,male,168.7,45.1,48.9,muscle_gain,moderate,keto,8.1,6,5,1410.6,2186.4,2663.7,166.5,33.3,207.2
21,female,162.1,53.1,54.1,endurance,light,vegan,9.0,4,6,1278.0,1757.2,1998.0,95.9,263.6,62.2
26,female,153.9,69.3,78.6,muscle_gain,light,vegetarian,8.3,8,2,1363.7,1875.0,2129.3,158.8,240.6,59.1
21,male,159.1,58.1,58.1,maintenance,light,keto,6.6,4,5,1475.3,2028.5,2039.4,127.5,25.5,158.6
18,male,164.2,78.0,81.2,muscle_gain,sedentary,vegetarian,6.1,2,1,1720.6,2064.7,2375.4,158.8,286.6,66.0
49,female,175.8,53.6,55.4,endurance,sedentary,keto,7.8,1,6,1228.8,1474.6,1702.6,106.4,21.3,132.4
37,female,158.8,46.1,46.1,maintenance,active,vegan,7.0,10,4,1107.1,1909.8,1909.1,76.6,267.0,59.4
28,male,172.5,84.2,83.5,endurance,sedentary,keto,5.6,8,4,1785.1,2142.2,2289.4,143.1,28.6,178.1
18,male,176.9,83.4,85.2,endurance,very_active,vegan,9.0,7,1,1854.5,3523.5,3592.1,150.6,495.9,111.8
39,female,150.6,57.1,47.6,weight_loss,active,vegan,8.0,2,4,1155.9,1994.0,1482.4,115.6,162.3,41.2
23,female,159.0,86.5,86.5,maintenance,light,keto,5.6,5,5,1582.6,2176.0,2120.5,132.5,26.5,164.9
54,female,166.1,65.1,68.8,muscle_gain,very_active,keto,7.9,10,6,1257.9,2390.0,2779.2,173.7,34.7,216.2
55,male,168.1,62.3,62.2,endurance,sedentary,non_vegetarian,6.9,9,6,1403.5,1684.2,1841.5,112.7,218.8,57.3
30,male,162.2,78.3,78.3,maintenance,very_active,vegetarian,7.2,8,3,1651.8,3138.5,3297.9,141.7,451.9,102.6
31,male,173.7,69.3,61.2,weight_loss,moderate,vegan,8.9,2,2,1628.8,2524.7,2079.3,152.9,236.9,57.8
21,female,175.9,87.2,86.7,endurance,light,vegetarian,7.8,3,4,1705.5,2345.1,2564.7,159.0,302.6,79.8
29,male,184.2,93.3,93.3,maintenance,light,non_vegetarian,7.9,8,2,1944.8,2674.1,2609.4,158.8,310.9,81.2
24,female,153.7,68.9,64.2,weight_loss,sedentary,non_vegetarian,8.8,10,1,1369.0,1642.8,1200.0,153.1,72.0,33.3
18,female,159.8,47.8,45.9,endurance,moderate,keto,7.3,6,6,1226.2,1900.6,2043.9,127.7,25.5,159.0
35,male,170.1,73.8,72.9,endurance,active,vegetarian,7.0,2,1,1631.2,2813.8,2866.7,130.4,385.6,89.2
31,female,162.7,55.3,55.3,maintenance,active,keto,7.3,4,2,1253.3,2162.0,2149.7,134.4,26.9,167.2
31,male,169.5,57.3,47.5,weight_loss,light,vegetarian,7.1,9,3,1482.6,2038.5,1621.9,126.0,178.0,45.1
23,female,162.3,76.1,76.4,endurance,sedentary,non_vegetarian,5.6,4,2,1499.8,1799.8,2211.5,124.4,273.7,68.8
18,female,166.1,55.5,61.1,muscle_gain,active,vegetarian,5.5,9,6,1342.5,2315.9,2622.8,119.5,372.2,72.9
22,female,155.1,63.5,56.7,weight_loss,moderate,non_vegetarian,7.2,4,2,1333.5,2067.0,1497.7,131.6,149.2,41.6
39,female,163.4,69.1,67.5,endurance,active,non_vegetarian,7.7,9,1,1355.8,2338.8,2503.3,118.6,332.0,77.9
26,male,178.3,61.7,70.7,muscle_gain,very_active,non_vegetarian,7.3,2,5,1606.4,3052.2,3365.6,124.7,506.3,93.5
21,male,168.9,48.5,58.1,muscle_gain,active,vegan,6.9,7,1,1440.1,2484.2,2948.0,109.0,443.7,81.9
23,female,171.1,76.8,77.5,endurance,sedentary,non_vegetarian,6.9,10,2,1561.9,1874.3,1994.3,144.3,214.8,62.0
19,male,196.5,102.5,103.1,endurance,very_active,keto,8.1,3,2,2163.2,4110.0,4305.9,269.1,53.8,334.9
32,female,158.6,69.2,69.6,endurance,sedentary,keto,7.0,9,1,1362.0,1634.4,1795.0,112.2,22.4,139.6
18,male,165.4,78.3,70.6,weight_loss,moderate,vegan,8.3,6,3,1731.9,2684.4,2110.3,167.5,228.2,58.6
29,female,155.5,54.6,54.6,maintenance,active,keto,6.9,10,6,1211.9,2090.4,2143.9,134.0,26.8,166.7
32,male,175.9,90.3,91.1,endurance,moderate,vegetarian,7.4,10,6,1847.6,2863.7,3107.9,170.9,388.5,96.7
44,male,172.3,72.0,72.0,maintenance,moderate,vegan,7.6,4,3,1581.9,2451.9,2356.2,134.1,290.0,73.3
25,female,169.8,79.6,85.0,muscle_gain,very_active,non_vegetarian,8.4,9,6,1571.0,2984.8,3430.9,166.5,476.8,95.3
18,female,170.6,41.9,41.9,maintenance,moderate,keto,7.8,4,5,1234.5,1913.5,1965.1,122.8,24.6,152.8
26,male,181.6,59.3,59.3,maintenance,light,vegan,7.4,4,4,1603.6,2204.9,2282.4,107.6,303.2,71.0
18,male,170.7,64.0,58.5,weight_loss,moderate,non_vegetarian,8.4,3,6,1621.8,2513.9,1907.9,143.2,214.5,53.0
30,female,175.6,96.0,96.0,maintenance,light,keto,7.2,5,5,1746.8,2401.8,2408.8,150.6,30.1,187.4
41,female,164.6,70.0,70.0,maintenance,light,vegan,6.4,7,5,1362.8,1873.8,1854.6,124.7,209.1,57.7
31,female,166.8,57.1,44.4,weight_loss,sedentary,non_vegetarian,7.2,9,5,1296.8,1556.2,1200.0,118.6,106.5,33.3
29,female,168.8,51.2,49.4,endurance,light,vegan,8.9,10,1,1261.0,1733.8,1930.9,88.5,259.0,60.1
49,female,171.1,80.2,78.7,endurance,active,vegan,6.8,1,1,1465.6,2528.1,2730.1,132.7,358.8,84.9
33,male,184.0,99.8,99.8,maintenance,sedentary,vegan,5.8,7,2,1988.5,2386.3,2246.5,163.5,240.8,69.9
18,male,186.5,74.1,67.0,weight_loss,sedentary,vegetarian,6.5,7,2,1821.7,2186.0,1652.1,162.1,147.6,45.9
18,male,171.6,58.4,67.9,muscle_gain,very_active,vegan,6.3,1,5,1570.9,2984.7,3543.9,123.0,541.6,98.4
29,female,162.6,71.1,75.5,muscle_gain,light,keto,7.7,3,1,1420.8,1953.6,2370.1,148.1,29.6,184.3
39,female,170.5,56.4,55.4,endurance,sedentary,vegetarian,6.3,10,2,1274.0,1528.8,1713.4,97.1,211.3,53.3
37,male,171.8,77.9,80.9,muscle_gain,moderate,vegetarian,7.0,10,4,1672.9,2593.0,2978.2,171.5,387.0,82.7
37,female,150.6,72.6,81.5,muscle_gain,light,vegetarian,7.1,3,6,1320.7,1816.0,2150.8,154.1,249.3,59.7
37,female,168.4,83.3,82.1,endurance,sedentary,vegan,7.0,9,3,1539.7,1847.6,2130.8,150.1,233.4,66.3
43,female,173.1,67.5,54.4,weight_loss,active,keto,7.6,6,2,1380.9,2382.0,1883.8,117.7,23.5,146.5
38,male,181.9,73.7,72.5,endurance,light,keto,6.6,7,3,1688.3,2321.5,2552.1,159.5,31.9,198.5
29,male,169.2,96.1,96.1,maintenance,light,keto,7.6,8,1,1878.0,2582.2,2586.5,161.7,32.3,201.2
50,male,163.0,70.2,62.5,weight_loss,active,vegetarian,6.8,8,4,1475.8,2545.7,2047.7,147.7,236.2,56.9
41,female,165.8,67.7,66.7,endurance,sedentary,keto,6.3,6,3,1347.5,1617.0,1755.5,109.7,21.9,136.5
18,female,165.3,47.6,56.6,muscle_gain,light,non_vegetarian,7.6,4,1,1258.2,1730.0,2046.8,104.4,279.3,56.9
35,female,156.1,83.3,83.3,maintenance,sedentary,non_vegetarian,8.7,2,5,1472.4,1766.9,1831.8,135.5,194.2,57.0
18,male,168.5,46.0,46.0,maintenance,sedentary,vegan,6.5,7,3,1428.4,1714.0,1673.8,79.9,221.3,52.1
37,male,172.7,84.5,88.7,muscle_gain,active,vegan,8.6,10,1,1743.8,3008.1,3204.7,170.7,430.2,89.0
37,male,171.6,78.2,78.2,maintenance,very_active,keto,8.8,3,2,1673.9,3180.5,3171.6,198.2,39.6,246.7
18,male,166.8,91.5,95.0,muscle_gain,very_active,vegetarian,8.4,3,5,1872.8,3558.4,3955.2,185.8,555.7,109.9
40,male,178.6,80.0,80.9,endurance,very_active,vegan,8.8,4,1,1721.3,3270.4,3290.7,131.7,460.6,102.4
27,female,162.8,87.4,93.9,muscle_gain,moderate,vegetarian,6.9,3,1,1595.9,2473.7,2881.9,198.3,341.9,80.1
45,female,167.2,55.5,64.5,muscle_gain,light,non_vegetarian,7.5,5,4,1213.5,1668.6,2025.7,124.9,254.8,56.3
32,male,168.5,72.6,73.5,endurance,light,vegetarian,7.6,1,1,1624.2,2233.3,2418.3,119.7,315.7,75.2
46,female,148.4,78.5,84.7,muscle_gain,sedentary,vegan,7.9,7,5,1321.4,1585.7,1881.3,175.8,176.8,52.3
18,female,171.3,72.8,73.9,endurance,very_active,vegan,8.4,7,3,1547.2,2939.7,3257.8,129.1,457.2,101.4
38,female,177.4,70.7,74.6,muscle_gain,very_active,keto,5.6,2,5,1464.9,2783.3,3118.6,194.9,39.0,242.6
33,female,171.7,54.6,54.6,maintenance,sedentary,keto,6.8,5,3,1293.6,1552.4,1522.0,95.1,19.0,118.4
26,male,159.2,79.9,79.9,maintenance,active,non_vegetarian,6.3,3,4,1669.1,2879.2,2716.3,145.8,343.2,84.5
30,male,182.9,71.3,71.3,maintenance,active,non_vegetarian,8.7,8,3,1711.5,2952.3,3100.9,117.1,441.0,96.5
18,female,171.3,72.1,71.6,endurance,active,keto,6.2,3,4,1540.9,2658.0,2710.9,169.4,33.9,210.8
57,male,175.5,65.7,70.8,muscle_gain,light,vegetarian,7.1,7,6,1474.0,2026.7,2276.4,132.4,294.5,63.2
27,female,162.1,65.2,57.9,weight_loss,very_active,vegan,7.2,8,1,1369.5,2602.0,2083.3,140.4,250.2,57.9
36,female,160.3,40.8,40.8,maintenance,light,vegan,6.1,2,2,1068.6,1469.3,1462.7,76.6,186.7,45.5
18,female,165.5,52.2,41.6,weight_loss,sedentary,non_vegetarian,7.1,6,5,1305.7,1566.9,1200.0,110.2,114.9,33.3
43,female,156.4,76.7,76.7,maintenance,very_active,vegan,5.7,9,5,1368.6,2600.3,2566.5,129.3,332.8,79.8
47,male,173.1,66.2,67.3,endurance,active,keto,5.6,9,6,1514.1,2611.8,2869.7,179.4,35.9,223.2
25,male,169.3,71.3,78.9,muscle_gain,active,vegan,8.0,5,2,1651.0,2848.0,3193.7,152.0,446.8,88.7
43,male,160.5,78.3,83.2,muscle_gain,sedentary,keto,6.3,1,3,1576.5,1891.8,2283.9,142.7,28.5,177.6
31,male,186.5,77.0,84.0,muscle_gain,light,keto,7.0,3,4,1785.1,2454.5,2789.0,174.3,34.9,216.9
35,female,163.7,59.3,63.4,muscle_gain,sedentary,vegetarian,8.0,2,2,1280.2,1536.3,1915.5,119.3,239.9,53.2
23,female,158.7,57.7,61.3,muscle_gain,active,vegetarian,8.6,10,6,1292.7,2229.8,2684.5,123.4,379.9,74.6
18,female,165.8,64.4,64.9,endurance,moderate,vegan,6.0,10,5,1429.2,2215.2,2293.4,109.3,303.4,71.4
33,female,166.3,71.1,77.1,muscle_gain,light,vegetarian,8.8,5,4,1424.3,1958.4,2124.8,148.0,250.5,59.0
43,female,157.8,72.2,59.6,weight_loss,very_active,vegan,8.4,9,2,1332.9,2532.4,2077.6,150.0,239.6,57.7
21,male,181.3,72.6,82.1,muscle_gain,active,non_vegetarian,7.3,7,6,1759.1,3034.4,3174.1,160.4,434.7,88.2
41,female,157.6,53.7,52.9,endurance,very_active,vegan,7.7,2,3,1156.3,2197.0,2368.0,89.8,336.4,73.7
32,male,175.5,85.7,84.3,endurance,active,keto,7.2,1,3,1798.9,3103.0,3170.3,198.1,39.6,246.6
22,female,162.2,86.8,78.0,weight_loss,moderate,non_vegetarian,8.7,7,5,1610.4,2496.2,1989.3,199.6,173.3,55.3
40,male,176.3,71.2,70.3,endurance,active,non_vegetarian,6.1,3,5,1619.2,2793.1,2971.0,127.0,407.9,92.4
28,female,167.2,80.5,78.8,endurance,sedentary,vegetarian,5.5,9,4,1549.1,1858.9,2081.2,148.0,226.7,64.7
41,female,156.2,59.0,56.0,weight_loss,light,vegetarian,6.0,6,6,1200.8,1651.1,1200.0,121.1,104.0,33.3
33,female,160.5,72.8,59.1,weight_loss,sedentary,non_vegetarian,5.6,10,1,1404.6,1685.5,1200.0,152.8,72.3,33.3
30,male,181.5,49.1,35.3,weight_loss,light,non_vegetarian,7.2,5,5,1480.2,2035.3,1633.0,110.3,195.8,45.4
27,female,148.8,65.9,61.2,weight_loss,very_active,vegan,8.5,3,6,1293.1,2456.9,1958.9,140.9,226.4,54.4
29,male,183.9,88.5,89.3,endurance,very_active,non_vegetarian,8.5,3,6,1894.2,3599.0,3832.9,142.5,547.5,119.2
34,female,162.3,85.3,84.5,endurance,moderate,vegan,6.9,4,3,1536.2,2381.2,2466.6,154.5,289.6,76.7
31,female,163.5,73.8,77.8,muscle_gain,light,keto,6.0,2,1,1443.2,1984.4,2275.3,142.2,28.4,177.0
18,male,177.3,81.9,85.8,muscle_gain,sedentary,keto,8.0,5,3,1842.2,2210.7,2675.1,167.2,33.4,208.1
18,female,171.1,92.4,98.3,muscle_gain,active,keto,8.8,9,6,1742.4,3005.6,3317.5,207.3,41.5,258.0
18,female,160.2,64.2,69.7,muscle_gain,active,vegetarian,6.7,1,1,1391.6,2400.6,2797.1,135.9,388.5,77.7
24,female,173.9,50.6,50.5,endurance,light,keto,8.9,6,4,1312.0,1804.1,1899.5,118.7,23.7,147.7
41,male,157.8,75.1,75.1,maintenance,active,vegan,8.1,3,1,1537.7,2652.5,2900.6,141.7,380.5,90.2
29,male,167.0,77.2,77.2,maintenance,active,vegetarian,9.0,3,1,1675.9,2891.0,2886.6,134.8,384.8,89.8
31,male,181.3,63.5,73.2,muscle_gain,very_active,keto,8.7,3,4,1617.6,3073.5,3596.8,224.8,45.0,279.8
32,male,181.8,69.2,56.6,weight_loss,moderate,vegan,5.5,8,5,1673.4,2593.8,2174.6,146.1,261.6,60.4
27,male,178.2,64.9,72.7,muscle_gain,light,vegan,8.1,5,5,1633.2,2245.7,2518.1,146.5,325.8,69.9
36,female,159.9,53.8,60.0,muscle_gain,active,vegetarian,7.4,9,4,1195.9,2062.9,2366.3,119.2,324.6,65.7
36,male,171.0,76.4,76.4,maintenance,moderate,vegetarian,7.7,2,4,1657.1,2568.5,2569.6,131.6,331.0,79.9
18,female,152.7,68.0,69.7,endurance,very_active,non_vegetarian,6.3,5,3,1383.7,2629.1,2766.6,125.8,372.1,86.1
40,male,183.7,88.1,93.9,muscle_gain,very_active,vegan,6.3,4,4,1834.0,3484.6,4044.0,176.3,582.0,112.3
29,male,181.2,69.8,68.0,endurance,sedentary,keto,5.8,5,5,1690.6,2028.8,2392.7,149.5,29.9,186.1
49,female,163.1,68.6,56.4,weight_loss,very_active,vegan,7.2,10,2,1299.7,2469.4,2049.7,150.9,233.5,56.9
28,female,158.4,74.5,64.8,weight_loss,light,keto,6.7,9,6,1433.9,1971.6,1475.1,92.2,18.4,114.7
31,male,169.3,54.0,47.1,weight_loss,active,vegetarian,7.2,2,2,1447.8,2497.5,2011.6,112.0,265.1,55.9
39,female,161.4,81.2,87.1,muscle_gain,moderate,vegan,6.2,3,3,1465.2,2271.1,2565.8,184.5,296.5,71.3
19,male,175.5,76.8,76.8,maintenance,moderate,vegetarian,6.0,2,1,1775.1,2751.4,2814.9,124.6,382.0,87.6
22,male,186.9,105.5,101.1,weight_loss,moderate,non_vegetarian,5.9,9,4,2118.8,3284.1,2780.8,225.3,296.2,77.2
42,male,167.5,93.1,94.2,endurance,very_active,vegan,5.8,3,4,1772.7,3368.1,3680.2,158.9,503.5,114.5
38,male,175.9,40.0,40.0,maintenance,sedentary,vegetarian,6.1,6,2,1280.6,1536.8,1507.2,75.9,195.4,46.9
23,male,168.2,79.7,79.1,endurance,moderate,vegetarian,8.1,2,5,1738.2,2694.2,2857.8,136.8,377.6,88.9
21,female,155.6,55.4,62.7,muscle_gain,light,non_vegetarian,7.6,2,6,1260.6,1733.3,2153.4,118.8,285.0,59.8
23,male,171.9,71.6,71.1,endurance,very_active,keto,7.7,4,1,1680.3,3192.6,3427.1,214.2,42.8,266.6
34,male,151.6,92.3,92.6,endurance,light,vegetarian,7.8,6,6,1705.8,2345.5,2655.2,148.2,329.7,82.6
19,female,156.2,58.6,60.0,endurance,sedentary,vegan,8.5,10,5,1306.2,1567.4,1727.3,95.3,215.7,53.7
32,male,160.4,62.3,69.2,muscle_gain,active,keto,7.4,6,1,1471.2,2537.8,3021.1,188.8,37.8,235.0
20,male,185.9,83.0,83.0,maintenance,light,vegan,7.0,1,1,1896.9,2608.3,2466.7,146.2,297.9,76.7
36,male,175.1,71.6,71.6,maintenance,light,vegan,9.0,5,3,1635.4,2248.6,2265.1,132.1,275.5,70.5
34,female,168.0,78.1,74.2,weight_loss,very_active,vegan,6.5,1,1,1500.1,2850.2,2379.0,163.4,282.6,66.1
18,female,159.7,99.3,99.3,maintenance,light,vegetarian,8.8,10,5,1740.2,2392.8,2444.8,184.8,255.2,76.1
53,male,187.2,81.4,81.4,maintenance,sedentary,vegetarian,8.2,6,1,1723.6,2068.3,2087.1,154.0,221.7,64.9
29,male,162.1,78.3,82.9,muscle_gain,very_active,vegetarian,8.4,9,5,1655.6,3145.7,3622.7,163.1,516.2,100.6
24,male,179.3,89.9,89.9,maintenance,very_active,vegan,6.9,1,3,1904.8,3619.2,3520.4,146.5,487.2,109.5
25,female,155.9,54.1,42.2,weight_loss,moderate,vegan,5.8,10,1,1229.6,1905.8,1351.5,110.4,143.1,37.5
20,male,187.4,65.2,66.4,endurance,sedentary,keto,6.9,2,3,1727.8,2073.4,2282.0,142.6,28.5,177.5
24,male,185.4,96.4,100.6,muscle_gain,sedentary,vegan,7.5,2,6,2007.5,2409.0,2830.5,211.6,319.2,78.6
33,male,174.2,61.3,60.0,endurance,light,non_vegetarian,8.5,9,2,1541.6,2119.7,2454.9,115.7,326.1,76.4
22,female,167.6,76.7,66.8,weight_loss,very_active,vegan,8.4,8,5,1543.9,2933.5,2392.9,170.2,278.4,66.5
40,male,182.1,102.2,91.8,weight_loss,active,non_vegetarian,8.4,5,3,1965.1,3389.8,2849.2,216.3,318.0,79.1
18,male,172.0,80.9,82.5,endurance,very_active,keto,6.5,4,5,1799.0,3418.0,3624.4,226.5,45.3,281.9
26,male,160.7,84.6,82.6,endurance,moderate,keto,5.9,10,2,1725.4,2674.4,3044.5,190.3,38.1,236.8
34,female,167.3,70.9,79.6,muscle_gain,very_active,non_vegetarian,8.9,4,2,1423.1,2703.9,3090.3,154.1,425.4,85.8
39,male,179.2,73.6,81.7,muscle_gain,light,vegetarian,6.0,4,3,1666.0,2290.7,2577.7,162.3,321.0,71.6
27,male,178.5,73.6,60.6,weight_loss,light,vegetarian,5.9,4,4,1721.5,2367.0,1884.6,147.5,206.0,52.3
34,male,182.7,96.0,101.3,muscle_gain,sedentary,vegan,7.8,5,4,1936.3,2323.5,2679.8,203.8,298.8,74.4
18,male,173.2,78.6,84.1,muscle_gain,light,keto,8.5,4,4,1783.9,2452.9,2648.5,165.5,33.1,206.0
43,female,164.0,68.6,68.6,maintenance,active,vegetarian,7.0,3,1,1334.7,2302.4,2396.7,114.9,316.4,74.6
23,male,180.6,76.5,75.3,endurance,very_active,vegan,6.5,5,3,1783.3,3388.3,3568.5,124.9,517.5,111.0
22,male,189.3,72.7,73.8,endurance,sedentary,keto,7.4,10,4,1805.7,2166.9,2416.5,151.0,30.2,187.9
18,female,171.3,76.6,76.6,maintenance,light,keto,6.2,5,4,1585.6,2180.3,2186.6,136.7,27.3,170.1
27,female,165.8,91.5,91.5,maintenance,light,keto,6.3,3,1,1654.9,2275.5,2155.1,134.7,26.9,167.6
37,male,168.7,77.7,79.6,endurance,active,non_vegetarian,7.7,3,1,1651.6,2849.1,3026.4,137.2,407.5,94.2
25,female,162.9,50.4,50.4,maintenance,very_active,vegan,6.5,9,3,1236.2,2348.8,2421.3,91.1,344.8,75.3
18,female,166.8,60.1,54.2,weight_loss,sedentary,vegetarian,8.3,9,5,1392.2,1670.6,1200.0,125.3,99.8,33.3
32,male,163.5,78.6,77.2,endurance,very_active,vegetarian,8.2,9,4,1652.7,3140.2,3197.6,126.2,449.3,99.5
34,female,156.5,58.6,53.4,weight_loss,active,non_vegetarian,8.0,7,3,1233.2,2127.3,1641.6,130.1,177.7,45.6
22,female,162.6,45.8,49.5,muscle_gain,active,vegan,6.2,4,3,1203.6,2076.1,2472.0,98.1,365.3,68.7
47,male,198.3,79.3,79.3,maintenance,moderate,keto,8.2,9,3,1802.4,2793.7,2859.7,178.7,35.7,222.4
18,female,173.5,73.3,81.1,muscle_gain,active,vegetarian,8.6,4,4,1566.6,2702.5,3008.1,148.9,415.0,83.6
42,male,174.0,71.6,78.3,muscle_gain,active,keto,8.1,2,6,1598.2,2756.8,3151.1,196.9,39.4,245.1
19,female,170.2,51.3,55.8,muscle_gain,light,non_vegetarian,6.4,10,4,1320.7,1816.0,2097.8,104.1,289.2,58.3
20,male,182.1,69.4,69.4,maintenance,very_active,keto,8.6,2,3,1736.6,3299.6,3166.2,197.9,39.6,246.3
23,male,175.7,61.5,49.0,weight_loss,sedentary,vegan,7.7,4,1,1603.1,1923.7,1374.5,132.9,124.8,38.2
51,female,157.0,60.1,60.1,maintenance,very_active,non_vegetarian,7.9,1,4,1166.3,2216.0,2191.6,108.0,286.4,68.2
25,male,181.0,91.3,89.7,endurance,moderate,vegetarian,8.7,5,1,1923.8,2981.9,3152.7,162.0,405.4,98.1
18,female,171.9,62.9,62.9,maintenance,moderate,keto,7.4,3,1,1452.1,2250.7,2367.5,148.0,29.6,184.1
18,male,177.6,104.9,99.8,weight_loss,moderate,non_vegetarian,8.1,3,2,2073.4,3213.7,2685.0,214.7,288.7,74.6
27,male,178.4,70.2,76.4,muscle_gain,light,vegan,6.3,3,1,1686.5,2319.0,2644.0,154.3,341.5,73.4
26,male,171.0,95.2,104.0,muscle_gain,moderate,vegan,7.9,3,4,1895.7,2938.3,3333.8,202.7,422.4,92.6
32,female,168.7,60.8,57.4,weight_loss,light,vegan,8.5,7,1,1341.4,1844.4,1313.2,124.8,121.4,36.5
23,male,176.0,63.2,67.3,muscle_gain,light,vegetarian,6.3,3,3,1621.8,2230.0,2541.3,128.5,348.0,70.6
24,female,177.9,40.0,41.8,endurance,light,non_vegetarian,7.6,8,3,1137.8,1564.5,1755.0,69.1,246.8,54.6
47,female,163.9,73.0,73.0,maintenance,very_active,non_vegetarian,8.3,1,2,1358.5,2581.1,2588.9,137.1,329.0,80.5
23,female,147.3,66.5,66.5,maintenance,active,keto,8.7,10,1,1309.3,2258.6,2206.0,137.9,27.6,171.6
21,male,172.0,102.4,92.7,weight_loss,light,vegetarian,7.8,3,1,1999.3,2749.1,2411.3,216.9,235.2,67.0
32,male,172.3,61.5,70.9,muscle_gain,light,non_vegetarian,7.6,2,2,1536.9,2113.3,2497.9,132.4,335.9,69.4
47,male,174.0,44.7,44.7,maintenance,very_active,vegetarian,6.7,3,2,1304.6,2478.7,2528.5,75.0,380.0,78.7
39,male,163.3,80.5,79.1,endurance,active,non_vegetarian,7.9,2,5,1635.4,2821.1,3062.0,147.9,403.2,95.3
29,male,169.7,92.2,93.1,endurance,sedentary,keto,7.4,6,4,1842.7,2211.2,2382.1,148.9,29.8,185.3
18,male,159.6,95.7,95.7,maintenance,moderate,vegetarian,5.5,1,6,1869.0,2897.0,2950.6,154.1,377.0,91.8
30,male,172.5,70.6,65.6,weight_loss,sedentary,vegan,7.7,2,1,1638.9,1966.7,1419.4,156.9,109.3,39.4
25,male,159.0,67.7,68.8,endurance,sedentary,keto,7.4,6,1,1550.9,1861.1,2041.9,127.6,25.5,158.8
36,male,175.7,89.1,94.8,muscle_gain,moderate,vegan,8.7,5,3,1814.3,2812.2,3290.1,181.3,435.6,91.4
40,female,166.3,64.1,71.3,muscle_gain,sedentary,non_vegetarian,7.2,8,5,1319.8,1583.7,1876.8,139.3,212.7,52.1
37,male,189.4,82.8,89.3,muscle_gain,light,vegan,6.6,8,1,1831.9,2518.8,3033.8,185.2,383.6,84.3
18,female,154.9,74.3,74.7,endurance,sedentary,vegetarian,6.4,4,4,1459.9,1751.9,1967.3,118.9,235.2,61.2
43,female,162.9,53.6,53.6,maintenance,sedentary,vegan,6.5,3,4,1177.9,1413.5,1404.4,97.4,155.4,43.7
18,female,155.1,75.7,70.9,weight_loss,light,keto,6.4,4,3,1475.1,2028.2,1568.2,98.0,19.6,122.0
33,female,151.0,59.7,46.8,weight_loss,moderate,vegan,6.8,1,5,1214.4,1882.4,1331.6,133.5,116.1,37.0
41,male,171.3,62.8,61.6,endurance,sedentary,keto,6.9,10,5,1498.8,1798.6,2000.4,125.0,25.0,155.6
23,female,173.4,55.2,55.2,maintenance,sedentary,non_vegetarian,5.7,1,1,1359.5,1631.4,1562.9,90.4,191.0,48.6
18,female,162.8,57.3,57.3,maintenance,very_active,vegetarian,8.7,1,3,1339.0,2544.0,2435.0,107.0,331.2,75.8
41,female,167.7,63.7,70.2,muscle_gain,very_active,keto,8.8,9,2,1318.6,2505.3,2972.1,185.8,37.2,231.2
36,female,157.2,51.5,57.3,muscle_gain,very_active,vegetarian,7.9,3,6,1157.0,2198.4,2610.9,106.7,382.9,72.5
33,female,164.2,53.8,53.8,maintenance,light,vegan,6.1,4,4,1238.6,1703.1,1734.1,92.7,219.6,53.9
22,male,175.2,98.3,98.3,maintenance,very_active,keto,6.2,5,3,1972.5,3747.7,3673.4,229.6,45.9,285.7
18,male,167.6,91.9,91.1,endurance,sedentary,keto,8.9,7,2,1881.6,2257.9,2476.7,154.8,31.0,192.6
28,female,159.4,69.8,69.8,maintenance,moderate,vegetarian,8.3,6,3,1393.7,2160.3,2105.2,115.6,263.3,65.5
33,male,170.1,65.4,65.4,maintenance,light,vegetarian,7.1,5,4,1557.8,2141.9,2101.0,117.8,260.3,65.4
26,female,162.7,66.8,66.8,maintenance,very_active,vegetarian,8.1,6,2,1393.9,2648.3,2355.3,122.4,301.5,73.3
21,male,172.9,99.1,99.1,maintenance,moderate,non_vegetarian,8.4,1,6,1971.1,3055.3,2956.3,172.4,359.7,92.0
31,female,173.5,48.2,33.3,weight_loss,moderate,vegetarian,6.2,4,2,1250.6,1938.4,1455.4,100.6,172.4,40.4
21,female,159.5,54.4,61.5,muscle_gain,very_active,vegan,5.9,4,2,1274.3,2421.2,2710.3,123.2,385.0,75.3
57,male,182.8,93.4,84.1,weight_loss,sedentary,keto,8.0,2,5,1796.5,2155.8,1680.2,105.0,21.0,130.7
18,male,179.2,93.0,100.4,muscle_gain,light,vegetarian,6.3,7,6,1965.0,2701.8,2973.7,191.5,366.1,82.6
39,female,167.9,86.2,95.2,muscle_gain,sedentary,keto,8.0,2,5,1555.8,1867.0,2189.2,136.8,27.4,170.3
19,female,160.5,81.2,81.2,maintenance,active,vegetarian,7.3,7,5,1559.2,2689.6,2542.1,141.2,316.4,79.1
18,male,176.7,71.8,59.0,weight_loss,light,non_vegetarian,5.6,2,3,1737.5,2389.1,1889.5,165.1,189.1,52.5
39,female,159.1,41.5,28.4,weight_loss,very_active,non_vegetarian,5.5,7,3,1053.8,2002.2,1594.4,89.5,209.4,44.3
20,female,155.6,77.2,78.5,endurance,moderate,vegan,8.9,7,1,1483.9,2300.0,2471.2,137.3,307.5,76.9
29,male,179.9,93.2,91.7,endurance,moderate,vegan,6.6,2,1,1915.8,2969.6,3137.8,150.7,414.1,97.6
45,female,148.0,73.1,67.4,weight_loss,very_active,vegan,7.2,1,5,1270.5,2413.9,1865.7,154.9,195.0,51.8
43,male,177.1,68.6,69.9,endurance,light,non_vegetarian,6.3,10,5,1582.9,2176.5,2423.7,113.0,323.3,75.4
38,male,181.1,63.6,57.3,weight_loss,light,keto,6.7,2,1,1582.9,2176.5,1652.2,103.3,20.7,128.5
29,female,162.7,73.0,63.8,weight_loss,moderate,non_vegetarian,8.1,6,6,1440.9,2233.4,1628.6,154.9,150.5,45.2
33,male,173.7,66.3,66.3,maintenance,light,keto,8.8,7,4,1588.1,2183.7,2135.0,133.4,26.7,166.1
27,male,147.2,68.2,60.1,weight_loss,sedentary,non_vegetarian,8.8,4,1,1471.8,1766.1,1232.9,153.7,77.6,34.2
35,male,169.6,75.0,75.0,maintenance,active,keto,8.6,2,1,1639.6,2828.3,2959.2,184.9,37.0,230.2
39,female,169.3,58.0,63.2,muscle_gain,active,vegetarian,5.8,3,2,1282.2,2211.9,2603.6,129.0,359.2,72.3
27,female,161.6,68.9,68.9,maintenance,moderate,vegetarian,7.3,3,4,1403.3,2175.2,2136.2,127.1,257.3,66.5
44,male,174.7,86.7,87.8,endurance,active,keto,7.8,3,5,1743.6,3007.6,3347.7,209.2,41.8,260.4
40,male,164.7,84.2,84.2,maintenance,moderate,vegetarian,6.6,9,1,1676.8,2599.1,2665.4,137.6,342.2,82.9
38,female,155.2,56.1,60.8,muscle_gain,moderate,vegan,8.7,9,2,1180.2,1829.3,2244.3,126.7,294.2,62.3
22,female,160.9,82.9,72.2,weight_loss,light,non_vegetarian,5.9,2,6,1563.7,2150.1,1647.8,181.1,127.8,45.8
22,female,156.9,68.0,68.0,endurance,sedentary,vegetarian,7.5,2,3,1389.3,1667.1,1792.5,129.1,193.5,55.8
27,female,165.3,79.6,89.5,muscle_gain,sedentary,keto,7.5,3,4,1533.2,1839.9,2233.7,139.6,27.9,173.7
22,female,171.2,60.4,58.8,endurance,moderate,keto,7.3,3,5,1403.4,2175.2,2287.2,142.9,28.6,177.9
28,female,173.1,66.0,64.6,endurance,very_active,non_vegetarian,6.5,9,3,1440.5,2736.9,2938.1,116.8,412.1,91.4
46,male,164.5,60.0,64.3,muscle_gain,light,vegetarian,8.4,5,2,1403.4,1929.7,2169.2,134.0,272.6,60.3
33,female,164.2,82.5,82.1,endurance,very_active,vegetarian,9.0,8,2,1525.2,2897.8,3120.4,149.3,412.3,97.1
25,female,163.0,65.4,50.7,weight_loss,active,keto,5.6,8,2,1387.0,2392.5,1797.6,112.3,22.5,139.8
57,male,180.2,80.9,80.9,maintenance,very_active,non_vegetarian,6.3,10,3,1655.4,3145.2,3203.3,142.1,434.4,99.7
37,male,174.9,69.2,78.1,muscle_gain,very_active,vegetarian,8.4,6,4,1604.6,3048.7,3459.9,158.8,489.9,96.1
33,male,169.5,97.9,103.3,muscle_gain,very_active,keto,7.4,3,4,1878.2,3568.5,3953.0,247.1,49.4,307.5
37,female,172.7,64.3,68.0,muscle_gain,active,vegan,7.5,6,4,1376.3,2374.1,2750.0,139.2,376.4,76.4
38,male,170.2,78.8,87.5,muscle_gain,sedentary,keto,5.8,3,2,1666.3,1999.6,2358.4,147.4,29.5,183.4
20,female,179.2,47.1,47.1,maintenance,sedentary,vegan,8.2,7,5,1330.3,1596.3,1534.2,87.3,188.9,47.7
43,male,181.7,63.6,72.5,muscle_gain,very_active,vegan,8.6,1,2,1562.0,2967.9,3378.3,132.4,501.1,93.8
44,female,162.8,95.2,102.9,muscle_gain,sedentary,vegetarian,7.6,7,1,1588.3,1905.9,2139.3,205.1,196.1,59.4
36,male,185.3,90.5,86.6,weight_loss,active,non_vegetarian,8.4,6,1,1888.1,3257.0,2740.1,199.1,314.7,76.1
27,male,179.6,89.4,79.1,weight_loss,active,vegetarian,6.5,10,1,1886.4,3254.1,2803.8,186.3,339.4,77.9
40,female,155.9,61.3,49.0,weight_loss,active,keto,8.5,9,2,1225.8,2114.6,1569.0,98.1,19.6,122.0
26,female,170.1,65.3,66.2,endurance,light,vegetarian,6.5,1,4,1425.1,1959.5,2328.4,108.8,310.4,72.4
31,female,163.4,65.3,64.9,endurance,very_active,vegan,8.8,3,6,1358.1,2580.4,2727.2,105.6,385.4,84.8
29,female,170.9,65.4,64.8,endurance,light,non_vegetarian,5.8,8,6,1415.8,1946.7,2095.6,115.5,261.7,65.2
20,female,159.8,64.9,65.2,endurance,sedentary,non_vegetarian,5.7,5,1,1386.9,1664.3,1931.1,122.0,225.5,60.1
18,female,160.8,65.7,65.7,maintenance,sedentary,non_vegetarian,7.1,2,2,1411.1,1693.3,1600.1,109.0,179.0,49.8
21,female,158.2,54.4,54.4,maintenance,light,non_vegetarian,8.9,2,4,1267.5,1742.8,1752.8,92.7,222.9,54.5
28,male,171.6,84.0,85.4,endurance,sedentary,non_vegetarian,6.1,2,1,1777.2,2132.6,2453.2,157.1,284.5,76.3
46,male,160.6,86.1,80.5,weight_loss,active,vegetarian,8.4,6,2,1639.7,2828.4,2316.0,183.1,251.2,64.3
31,female,160.2,65.4,64.9,endurance,very_active,vegan,7.1,9,3,1339.4,2544.9,2757.4,108.4,387.9,85.8
24,female,156.7,58.6,58.6,maintenance,very_active,vegetarian,6.1,10,3,1284.7,2440.9,2458.1,106.5,335.9,76.5
35,male,182.8,71.1,77.7,muscle_gain,active,vegan,5.8,5,3,1683.5,2904.0,3281.7,163.0,452.2,91.2
39,male,185.3,77.2,85.0,muscle_gain,active,non_vegetarian,6.9,9,1,1740.0,3001.6,3329.4,173.7,450.5,92.5
31,male,166.8,75.3,77.0,endurance,active,non_vegetarian,8.4,2,4,1645.4,2838.3,3106.2,122.2,437.0,96.6
36,male,173.8,81.0,71.8,weight_loss,light,vegan,6.1,9,3,1722.0,2367.7,1821.5,185.7,155.8,50.6
37,female,162.5,60.7,62.2,endurance,light,keto,6.3,9,2,1276.2,1754.8,1933.6,120.8,24.2,150.4
29,male,172.4,87.2,93.1,muscle_gain,very_active,vegan,7.5,8,6,1809.7,3438.5,3743.6,183.3,518.6,104.0
45,male,187.7,65.5,65.1,endurance,very_active,keto,8.7,2,4,1608.4,3056.0,3262.9,203.9,40.8,253.8
23,female,160.7,88.0,82.2,weight_loss,active,keto,6.9,3,1,1608.8,2775.1,2254.1,140.9,28.2,175.3
33,female,166.8,52.0,48.0,weight_loss,active,non_vegetarian,6.1,6,3,1236.4,2132.7,1590.8,117.1,181.2,44.2
18,male,168.9,40.0,36.8,weight_loss,active,vegan,9.0,2,6,1351.7,2331.7,1861.6,84.0,265.1,51.7
50,female,164.0,47.0,47.9,endurance,very_active,non_vegetarian,8.2,3,1,1084.3,2060.1,2216.5,82.6,316.3,69.0
25,male,167.9,90.0,90.0,maintenance,very_active,keto,8.9,10,1,1829.5,3476.1,3560.6,222.5,44.5,276.9
18,female,168.1,82.3,90.8,muscle_gain,active,vegan,8.8,3,1,1622.7,2799.1,3328.9,186.0,438.1,92.5
58,female,156.7,97.9,87.0,weight_loss,very_active,non_vegetarian,8.9,10,6,1507.2,2863.7,2338.6,211.7,226.7,65.0
24,female,165.3,57.0,57.0,maintenance,light,vegan,6.7,10,5,1322.2,1818.0,1839.8,106.3,224.9,57.2
18,male,174.1,96.0,87.6,weight_loss,moderate,vegan,7.1,1,6,1963.0,3042.7,2538.4,207.7,268.3,70.5
31,female,166.3,78.0,72.2,weight_loss,moderate,non_vegetarian,7.1,8,2,1504.0,2331.2,1740.3,168.7,157.7,48.3
35,male,173.9,80.3,74.0,weight_loss,very_active,keto,8.2,10,1,1719.9,3267.9,2855.9,178.5,35.7,222.1
18,female,155.9,40.8,40.3,endurance,very_active,keto,6.0,10,5,1131.2,2149.3,2310.6,144.4,28.9,179.7
43,female,162.2,47.9,47.2,endurance,light,non_vegetarian,7.2,1,6,1116.7,1535.4,1710.1,84.9,222.9,53.2
18,female,155.1,68.7,57.5,weight_loss,active,non_vegetarian,6.8,5,1,1405.2,2423.9,1856.2,153.7,194.2,51.6
41,female,162.5,65.0,65.7,endurance,active,vegan,5.6,2,2,1299.9,2242.3,2421.9,115.1,321.0,75.3
37,female,168.5,68.0,72.9,muscle_gain,moderate,vegan,7.3,8,5,1387.2,2150.2,2542.6,139.7,337.1,70.6
27,female,166.8,59.9,68.7,muscle_gain,light,vegan,6.1,4,6,1345.9,1850.6,2200.8,130.8,281.9,61.1
27,male,172.3,68.4,68.4,maintenance,active,non_vegetarian,6.2,10,1,1630.7,2812.9,2852.4,127.2,386.3,88.7
43,female,171.2,48.9,47.2,endurance,light,vegan,6.6,9,3,1183.2,1626.9,1897.6,88.2,253.4,59.0
26,female,167.2,53.1,57.3,muscle_gain,moderate,keto,7.5,7,5,1285.3,1992.2,2352.2,147.0,29.4,182.9
33,male,164.1,86.5,90.2,muscle_gain,moderate,vegan,8.8,2,5,1730.9,2682.9,3155.4,195.3,396.2,87.7
28,female,172.5,61.7,61.7,maintenance,moderate,vegetarian,7.2,5,4,1394.5,2161.5,2216.6,116.3,282.6,69.0
18,female,179.9,81.9,69.8,weight_loss,very_active,vegan,6.5,5,2,1693.0,3216.8,2693.6,182.8,322.3,74.8
18,male,178.3,57.8,66.9,muscle_gain,moderate,vegetarian,8.4,2,1,1607.3,2491.2,2879.2,131.1,408.7,80.0
34,female,156.4,77.5,76.3,endurance,light,vegetarian,6.7,4,3,1421.1,1954.0,2206.0,143.4,253.8,68.6
39,male,176.1,58.2,50.5,weight_loss,moderate,non_vegetarian,6.5,2,3,1492.3,2313.0,1866.2,117.9,232.1,51.8
27,female,153.3,80.2,88.3,muscle_gain,sedentary,non_vegetarian,8.6,7,4,1464.2,1757.0,2239.7,169.2,250.8,62.2
29,male,193.3,79.3,88.3,muscle_gain,active,keto,5.7,10,3,1860.7,3209.8,3519.1,219.9,44.0,273.7
23,male,189.1,67.1,63.7,weight_loss,moderate,vegetarian,7.1,10,5,1742.6,2701.1,2249.6,141.3,280.5,62.5
24,male,172.3,92.4,92.8,endurance,very_active,vegetarian,8.2,1,3,1886.2,3583.8,3740.7,171.0,502.3,116.4
25,female,170.9,83.2,89.0,muscle_gain,light,vegan,8.8,9,4,1614.0,2219.2,2618.9,188.6,302.5,72.7
23,female,159.4,65.0,52.5,weight_loss,moderate,keto,7.1,8,3,1370.0,2123.5,1639.1,102.4,20.5,127.5
20,female,168.1,65.0,72.9,muscle_gain,light,keto,7.3,5,5,1439.6,1979.5,2209.6,138.1,27.6,171.9
20,female,159.5,63.1,64.3,endurance,moderate,vegan,6.5,9,2,1367.0,2118.8,2450.2,116.9,324.2,76.2
32,female,157.1,66.6,51.8,weight_loss,sedentary,keto,5.6,1,1,1327.4,1592.9,1200.0,75.0,15.0,93.3
33,male,180.6,94.9,102.4,muscle_gain,moderate,vegan,8.6,2,2,1918.3,2973.4,3321.0,206.5,416.3,92.2
46,male,183.3,68.1,64.3,weight_loss,moderate,vegan,6.7,1,5,1601.4,2482.1,2113.5,136.3,260.0,58.7
33,male,169.3,101.1,101.8,endurance,very_active,non_vegetarian,6.5,9,5,1909.7,3628.3,4067.0,170.4,561.7,126.5
29,female,159.5,61.9,60.5,endurance,very_active,keto,8.9,4,4,1310.0,2489.1,2746.7,171.7,34.3,213.6
42,female,167.0,65.2,63.8,endurance,moderate,keto,5.5,6,5,1324.9,2053.6,2354.9,147.2,29.4,183.2
26,male,184.2,74.0,74.0,maintenance,moderate,non_vegetarian,5.7,4,2,1766.2,2737.6,2773.0,139.5,359.6,86.3
28,male,175.6,72.7,76.6,muscle_gain,light,vegetarian,8.6,1,6,1689.4,2322.9,2780.7,158.6,362.9,77.2
22,female,157.8,89.5,77.6,weight_loss,sedentary,keto,8.6,9,2,1609.9,1931.9,1473.9,92.1,18.4,114.6
18,female,159.0,42.3,42.3,maintenance,active,non_vegetarian,7.4,6,1,1165.6,2010.6,1953.3,70.3,281.2,60.8
18,male,174.9,62.0,62.7,endurance,active,vegetarian,6.1,6,4,1628.3,2808.8,3014.2,102.5,440.0,93.8
18,female,163.6,59.0,59.0,maintenance,moderate,vegan,6.4,3,4,1361.6,2110.5,2205.6,104.3,292.8,68.6
44,male,182.3,73.4,63.0,weight_loss,moderate,non_vegetarian,8.2,8,4,1658.5,2570.7,2194.1,158.1,253.4,60.9
18,male,164.8,76.8,67.2,weight_loss,active,vegetarian,7.0,2,6,1713.1,2955.1,2621.1,157.8,333.7,72.8
27,female,161.7,46.7,54.5,muscle_gain,sedentary,keto,6.2,4,5,1181.7,1418.0,1818.2,113.6,22.7,141.4
39,male,182.3,69.2,64.1,weight_loss,moderate,non_vegetarian,7.5,10,2,1641.4,2544.1,2000.8,150.4,224.7,55.6
18,female,163.6,51.0,59.6,muscle_gain,sedentary,keto,7.8,10,1,1281.8,1538.1,1821.4,113.8,22.8,141.7
25,female,159.6,57.5,62.2,muscle_gain,very_active,non_vegetarian,7.8,4,5,1286.8,2444.9,2834.0,117.9,413.5,78.7
30,male,173.7,80.6,80.6,maintenance,very_active,vegan,5.9,8,6,1746.2,3317.8,3219.1,135.4,444.1,100.1
31,female,164.1,46.0,51.0,muscle_gain,light,keto,8.8,10,3,1169.0,1607.3,2015.8,126.0,25.2,156.8
21,female,163.6,78.0,78.0,maintenance,very_active,keto,7.6,2,2,1536.4,2919.2,3000.3,187.5,37.5,233.4
30,female,160.5,75.4,75.7,endurance,sedentary,non_vegetarian,6.1,6,2,1445.6,1734.7,1973.9,130.6,224.7,61.4
23,female,157.4,40.0,40.0,endurance,sedentary,non_vegetarian,6.6,10,5,1099.3,1319.1,1526.2,74.7,200.0,47.5
29,male,185.1,83.0,91.7,muscle_gain,light,vegetarian,5.8,6,4,1847.1,2539.7,3005.4,184.7,378.8,83.5
23,male,185.1,70.6,79.8,muscle_gain,light,vegetarian,7.4,10,6,1752.9,2410.2,2824.6,146.8,382.7,78.5
18,female,164.6,40.2,41.0,endurance,moderate,non_vegetarian,8.6,9,3,1179.9,1828.8,2012.5,73.0,289.3,62.6
34,male,171.8,63.3,72.8,muscle_gain,very_active,keto,8.3,1,2,1541.9,2929.6,3362.8,210.2,42.0,261.6
28,male,172.1,78.6,78.6,maintenance,moderate,non_vegetarian,7.8,10,5,1726.4,2675.9,2887.6,147.5,372.4,89.8
41,female,171.1,69.2,62.0,weight_loss,active,vegetarian,8.8,10,1,1395.9,2407.9,1917.4,156.5,202.9,53.3
18,male,170.6,71.3,79.8,muscle_gain,very_active,non_vegetarian,7.6,6,6,1693.8,3218.2,3367.5,158.2,473.3,93.5
18,male,160.2,77.5,68.8,weight_loss,moderate,non_vegetarian,8.1,4,1,1690.6,2620.4,2172.5,170.2,237.3,60.3
41,male,179.3,64.5,49.6,weight_loss,very_active,keto,5.8,10,4,1565.9,2975.1,2331.7,145.7,29.1,181.4
18,male,165.8,65.6,62.0,weight_loss,light,keto,6.0,3,1,1607.1,2209.8,1701.6,106.3,21.3,132.3
19,male,178.7,74.7,80.6,muscle_gain,sedentary,keto,8.1,3,1,1774.4,2129.3,2480.1,155.0,31.0,192.9
41,male,166.6,83.9,76.3,weight_loss,sedentary,vegetarian,8.7,1,1,1679.6,2015.5,1514.9,170.4,113.6,42.1
26,male,183.1,90.3,90.9,endurance,light,vegan,8.2,4,2,1922.3,2643.2,2762.5,169.6,327.8,85.9
28,male,178.2,74.2,66.0,weight_loss,moderate,non_vegetarian,7.4,3,4,1720.8,2667.3,2205.3,155.9,257.5,61.3
32,female,175.8,45.6,40.5,weight_loss,light,vegan,5.6,9,6,1234.3,1697.2,1200.0,92.4,132.7,33.3
20,female,167.2,44.6,51.6,muscle_gain,moderate,vegetarian,6.0,10,3,1230.1,1906.7,2280.1,93.6,334.0,63.3
23,female,157.9,46.6,54.5,muscle_gain,sedentary,non_vegetarian,8.9,7,1,1177.1,1412.5,1737.9,98.3,227.5,48.3
40,male,175.8,86.8,90.7,muscle_gain,very_active,vegan,7.2,1,1,1771.6,3366.1,3901.6,191.7,539.8,108.4
32,male,171.5,84.5,83.6,endurance,sedentary,non_vegetarian,6.8,6,5,1762.5,2115.0,2277.2,145.9,264.1,70.8
24,female,152.4,75.1,73.9,endurance,moderate,non_vegetarian,8.8,3,1,1422.4,2204.7,2376.9,120.8,307.1,73.9
31,male,167.7,84.1,82.6,endurance,sedentary,keto,7.6,8,2,1739.2,2087.1,2234.8,139.7,27.9,173.8
28,female,169.1,73.5,73.5,maintenance,sedentary,non_vegetarian,5.7,2,4,1491.0,1789.3,1788.1,130.8,191.1,55.6
18,female,183.9,85.0,80.4,weight_loss,active,non_vegetarian,7.4,2,3,1748.2,3015.6,2570.2,191.9,290.0,71.4
22,female,162.2,57.5,57.5,maintenance,light,vegetarian,8.0,5,1,1317.6,1811.7,1880.3,95.8,242.6,58.5
32,male,169.7,71.4,61.0,weight_loss,sedentary,vegetarian,6.9,8,5,1619.9,1943.9,1492.4,162.2,117.5,41.5
46,female,173.7,73.1,73.1,maintenance,active,vegan,6.8,10,6,1425.5,2458.9,2440.3,130.6,308.7,75.9
18,female,165.1,64.0,64.0,maintenance,moderate,keto,8.5,4,3,1420.5,2201.8,2211.1,138.2,27.6,172.0
30,female,153.7,70.7,62.2,weight_loss,light,vegan,5.7,1,1,1356.6,1865.3,1391.2,141.5,119.5,38.6
36,male,183.6,86.5,73.8,weight_loss,light,vegetarian,6.9,4,1,1836.9,2525.7,2000.8,192.1,183.0,55.6
29,female,163.6,65.3,65.3,endurance,moderate,vegetarian,5.6,1,5,1369.7,2123.0,2392.5,112.8,317.9,74.4
36,male,192.6,108.9,108.9,maintenance,active,vegetarian,5.6,2,3,2117.8,3653.2,3661.9,179.1,480.1,113.9
18,male,185.9,70.4,70.4,endurance,sedentary,non_vegetarian,5.9,1,4,1781.2,2137.4,2281.2,121.3,289.2,71.0
26,male,172.4,86.6,86.6,maintenance,sedentary,vegetarian,6.5,9,3,1818.4,2182.1,2080.0,159.7,214.7,64.7
19,female,165.4,71.5,71.5,maintenance,light,keto,6.1,4,1,1492.5,2052.2,2091.7,130.7,26.1,162.7
22,male,168.2,70.9,71.0,endurance,light,vegan,6.7,7,6,1655.2,2275.8,2493.7,124.7,324.1,77.6
44,female,148.7,61.4,61.4,maintenance,active,vegetarian,7.5,6,2,1161.7,2003.9,1923.8,102.0,244.2,59.9
18,male,183.7,85.6,87.3,endurance,light,keto,8.4,7,4,1919.6,2639.4,2877.7,179.9,36.0,223.8
39,male,172.2,71.9,62.6,weight_loss,moderate,vegetarian,7.9,8,1,1605.4,2488.4,2118.8,161.7,235.5,58.9
27,male,181.9,78.1,70.1,weight_loss,moderate,keto,5.9,6,6,1787.7,2770.9,2144.9,134.1,26.8,166.8
18,male,171.4,92.8,84.4,weight_loss,sedentary,vegetarian,7.1,5,1,1913.9,2296.7,1839.2,199.1,145.7,51.1
39,male,168.1,100.6,100.6,maintenance,very_active,non_vegetarian,8.8,2,6,1866.9,3547.1,3444.4,177.4,442.5,107.2
32,female,162.9,61.9,50.9,weight_loss,moderate,non_vegetarian,6.6,3,1,1316.4,2040.5,1602.3,136.9,163.5,44.5
22,female,153.6,64.2,53.4,weight_loss,very_active,vegan,7.2,7,5,1331.1,2529.1,2004.8,139.9,236.0,55.7
63,female,167.7,59.1,65.3,muscle_gain,sedentary,non_vegetarian,5.9,7,4,1163.2,1395.9,1690.6,126.0,190.9,47.0
18,female,155.8,65.4,50.9,weight_loss,active,keto,6.0,8,3,1376.7,2374.8,1955.1,122.2,24.4,152.1
41,male,177.8,73.5,72.5,endurance,active,vegan,8.2,7,2,1646.2,2839.7,3064.2,135.9,415.7,95.3
24,male,189.7,75.4,75.4,maintenance,very_active,vegetarian,7.1,1,1,1824.4,3466.4,3457.4,143.2,479.1,107.6
18,female,161.6,74.0,77.2,muscle_gain,active,non_vegetarian,7.3,9,2,1499.6,2586.8,2842.7,158.4,374.5,79.0
22,male,182.3,57.3,44.2,weight_loss,active,vegetarian,7.8,5,1,1607.9,2773.6,2345.8,126.0,313.8,65.2
24,male,172.9,62.3,71.6,muscle_gain,moderate,keto,8.6,2,4,1588.2,2461.8,2843.6,177.7,35.5,221.2
54,male,182.3,65.9,65.9,maintenance,very_active,vegetarian,8.5,9,4,1533.1,2912.8,3012.1,121.6,420.6,93.7
26,female,172.6,73.7,73.7,maintenance,very_active,non_vegetarian,5.9,6,5,1524.7,2896.9,2641.1,121.5,353.8,82.2
19,male,183.6,80.1,79.9,endurance,very_active,vegan,6.1,1,3,1858.5,3531.1,3616.5,128.4,522.6,112.5
23,male,160.8,76.8,76.7,endurance,active,vegan,8.4,4,4,1662.3,2867.5,3270.9,125.0,463.7,101.8
38,male,193.5,90.4,90.4,maintenance,very_active,keto,5.8,2,2,1928.1,3663.3,3776.2,236.0,47.2,293.7
49,female,165.6,61.8,61.8,maintenance,light,keto,7.5,9,2,1246.8,1714.3,1767.4,110.5,22.1,137.5
44,female,159.6,55.3,56.0,endurance,very_active,keto,5.7,1,5,1170.2,2223.3,2433.4,152.1,30.4,189.3
38,female,168.6,46.9,56.2,muscle_gain,sedentary,vegan,7.5,2,3,1171.8,1406.1,1856.8,95.0,253.1,51.6
23,female,161.1,53.2,48.1,weight_loss,active,non_vegetarian,8.6,9,5,1262.8,2178.4,1814.3,110.9,229.3,50.4
32,male,169.2,90.1,90.1,maintenance,active,vegan,8.8,10,6,1803.4,3110.9,3182.6,147.1,425.8,99.0
28,female,168.9,54.1,63.3,muscle_gain,moderate,vegetarian,8.0,5,5,1295.5,2008.0,2323.1,123.2,312.4,64.5
18,female,153.7,85.7,86.6,endurance,very_active,non_vegetarian,7.0,5,4,1566.7,2976.8,3333.2,161.2,438.8,103.7
30,female,174.6,62.1,65.2,muscle_gain,sedentary,keto,7.5,2,4,1401.3,1681.6,2016.7,126.0,25.2,156.9
30,male,175.0,75.0,83.8,muscle_gain,moderate,non_vegetarian,7.4,3,1,1698.6,2632.9,3085.2,159.1,419.4,85.7
31,male,181.7,92.4,92.4,maintenance,very_active,keto,7.4,9,2,1910.0,3629.0,3671.3,229.5,45.9,285.5
20,male,165.2,80.1,79.7,endurance,light,vegan,9.0,9,4,1738.2,2390.0,2576.7,131.8,331.9,80.2
30,male,175.9,114.2,112.6,endurance,sedentary,vegetarian,9.0,2,5,2095.9,2515.1,2606.7,185.3,283.9,81.1
18,male,178.7,72.7,72.7,maintenance,very_active,non_vegetarian,8.6,7,1,1758.9,3341.9,3373.6,138.1,469.0,105.0
35,male,186.3,56.9,66.2,muscle_gain,active,keto,6.7,4,1,1563.2,2696.5,2995.6,187.2,37.4,233.0
34,female,168.4,90.3,90.3,maintenance,very_active,vegetarian,8.2,1,2,1624.7,3086.9,3175.4,155.3,416.2,98.8
29,female,156.8,57.2,57.2,maintenance,moderate,keto,6.0,2,5,1246.1,1931.4,1897.1,118.6,23.7,147.6
36,male,178.1,59.5,61.0,endurance,moderate,vegetarian,6.5,10,4,1532.5,2375.4,2541.8,107.6,349.9,79.1
38,female,165.5,70.8,57.0,weight_loss,active,keto,8.8,2,5,1391.4,2400.1,1921.9,120.1,24.0,149.5
46,male,177.9,72.6,72.6,maintenance,very_active,vegetarian,8.8,1,4,1612.8,3064.2,2980.1,128.1,408.3,92.7
32,female,145.9,61.8,65.4,muscle_gain,sedentary,vegan,7.3,2,2,1208.9,1450.6,1789.5,128.6,206.9,49.7
18,female,156.5,73.7,83.3,muscle_gain,active,keto,7.4,10,6,1464.3,2525.9,2895.8,181.0,36.2,225.2
31,male,178.5,79.3,78.5,endurance,very_active,keto,7.3,10,3,1758.3,3340.7,3672.8,229.6,45.9,285.7
31,male,164.3,100.8,100.8,maintenance,moderate,vegan,8.3,1,1,1885.3,2922.2,2954.7,190.9,341.0,91.9
24,male,166.0,83.5,86.9,muscle_gain,very_active,non_vegetarian,7.2,6,2,1757.8,3339.7,3676.8,184.2,505.3,102.1
45,female,160.6,54.0,50.2,weight_loss,moderate,vegetarian,7.9,1,2,1157.1,1793.6,1328.3,109.3,139.8,36.9
39,female,164.2,72.1,76.8,muscle_gain,active,vegan,7.8,2,5,1391.3,2400.0,2746.9,165.3,349.8,76.3
32,female,171.2,71.5,71.5,maintenance,moderate,vegetarian,5.5,1,5,1463.8,2268.8,2257.3,122.5,283.9,70.2
43,female,146.4,88.6,92.9,muscle_gain,moderate,vegan,6.8,7,6,1425.5,2209.6,2428.6,185.0,270.3,67.5
23,female,162.7,62.2,61.8,endurance,active,keto,6.6,7,3,1363.4,2351.8,2628.9,164.3,32.9,204.5
19,male,178.1,69.9,61.8,weight_loss,moderate,vegan,8.1,6,5,1722.1,2669.2,2188.4,147.4,262.9,60.8
29,male,176.7,70.3,72.2,endurance,moderate,vegan,7.3,10,1,1667.7,2584.9,2742.3,116.5,377.2,85.3
32,female,169.6,56.8,61.6,muscle_gain,light,vegan,6.8,3,6,1307.2,1797.5,2091.5,120.5,271.6,58.1
36,male,175.7,89.6,87.8,endurance,moderate,vegan,6.7,10,3,1819.6,2820.4,2938.4,154.0,375.0,91.4
18,male,171.7,67.3,62.4,weight_loss,sedentary,keto,6.2,3,2,1661.1,1993.3,1489.7,93.1,18.6,115.9
23,female,168.2,60.5,70.3,muscle_gain,active,keto,7.2,8,3,1380.6,2381.5,2743.9,171.5,34.3,213.4
31,female,164.4,63.7,69.4,muscle_gain,moderate,vegetarian,6.1,2,1,1348.4,2090.0,2477.4,129.4,335.2,68.8
22,female,172.8,61.2,61.2,maintenance,very_active,keto,9.0,1,5,1420.6,2699.1,2592.9,162.1,32.4,201.7
31,male,169.2,87.3,78.5,weight_loss,active,keto,7.2,9,2,1780.6,3071.5,2742.0,171.4,34.3,213.3
22,male,178.7,53.4,45.1,weight_loss,light,vegan,5.5,5,4,1545.8,2125.5,1647.7,119.4,189.5,45.8
21,male,171.0,62.6,63.2,endurance,moderate,non_vegetarian,6.0,2,2,1594.6,2471.6,2730.3,108.1,383.5,84.9
40,male,176.2,65.9,70.5,muscle_gain,very_active,vegan,7.2,4,4,1565.1,2973.8,3482.3,146.8,506.2,96.7
22,female,147.9,69.5,69.3,endurance,very_active,vegetarian,8.4,3,3,1348.2,2561.5,2670.0,118.5,362.0,83.1
39,female,160.3,71.2,75.1,muscle_gain,moderate,non_vegetarian,8.1,9,3,1358.5,2105.7,2559.0,154.3,325.5,71.1
18,female,159.0,63.1,63.1,maintenance,moderate,vegetarian,8.8,5,3,1373.9,2129.6,2227.8,101.6,299.4,69.3
23,female,158.8,69.7,69.7,maintenance,active,vegan,8.5,2,1,1414.1,2439.4,2397.1,127.0,304.4,74.6
31,male,163.6,109.0,114.0,muscle_gain,light,keto,7.4,8,6,1962.4,2698.3,2925.1,182.8,36.6,227.5
26,male,175.7,104.8,105.9,endurance,active,keto,6.4,5,6,2021.2,3486.5,3540.0,221.2,44.2,275.3
49,male,182.1,83.8,82.6,endurance,light,vegetarian,7.4,3,1,1736.3,2387.3,2510.9,155.0,297.0,78.1
35,female,157.9,79.2,79.2,maintenance,sedentary,vegetarian,5.7,7,2,1443.1,1731.7,1681.3,145.8,156.8,52.3
28,male,171.6,64.2,64.2,maintenance,moderate,non_vegetarian,7.6,4,3,1579.0,2447.4,2501.9,103.4,347.0,77.8
35,male,185.7,53.1,53.1,maintenance,very_active,non_vegetarian,6.3,5,1,1521.3,2890.4,2982.7,90.2,446.7,92.8
55,male,172.4,104.5,92.9,weight_loss,very_active,vegetarian,7.2,5,5,1852.7,3520.2,2996.4,221.4,340.5,83.2
18,male,173.6,92.7,91.8,endurance,moderate,non_vegetarian,7.8,6,3,1926.5,2986.0,3105.9,155.4,403.7,96.6
23,female,167.2,64.0,65.3,endurance,sedentary,non_vegetarian,7.9,8,5,1409.1,1690.9,1924.1,119.3,226.9,59.9
32,male,179.8,71.9,70.0,endurance,very_active,vegetarian,8.1,6,2,1688.5,3208.1,3431.8,129.8,487.9,106.8
20,male,186.3,69.1,78.8,muscle_gain,very_active,keto,7.3,5,5,1760.6,3345.2,3820.3,238.8,47.8,297.1
27,female,164.4,58.1,59.6,endurance,very_active,non_vegetarian,7.6,5,3,1312.2,2493.2,2611.1,106.3,363.8,81.2
18,female,155.6,60.1,65.0,muscle_gain,active,vegetarian,6.0,7,2,1322.7,2281.7,2648.4,128.3,368.2,73.6
40,male,172.4,65.7,54.2,weight_loss,very_active,keto,6.1,3,2,1539.2,2924.6,2319.6,145.0,29.0,180.4
34,male,187.1,95.7,94.7,endurance,light,non_vegetarian,6.0,2,6,1961.4,2697.0,2958.7,175.9,356.8,92.0
36,female,174.9,68.0,53.7,weight_loss,active,non_vegetarian,8.9,9,5,1431.9,2470.0,2008.2,147.6,228.9,55.8
26,male,165.1,68.4,72.2,muscle_gain,light,non_vegetarian,5.6,4,2,1591.2,2187.8,2537.1,153.5,322.1,70.5
30,male,191.4,79.1,70.6,weight_loss,sedentary,keto,6.8,1,1,1842.7,2211.2,1771.7,110.7,22.1,137.8
25,female,160.8,48.1,48.3,endurance,sedentary,vegetarian,6.2,7,1,1199.6,1439.6,1603.0,88.8,199.7,49.9
35,female,163.1,75.3,61.2,weight_loss,light,vegan,7.7,2,5,1436.2,1974.8,1482.8,165.3,112.7,41.2
26,male,193.2,76.7,77.8,endurance,moderate,keto,8.2,9,6,1849.3,2866.4,3173.4,198.3,39.7,246.8
25,male,181.7,91.0,96.9,muscle_gain,moderate,vegan,6.6,2,1,1925.4,2984.4,3355.2,208.8,420.3,93.2
18,male,176.1,95.2,104.0,muscle_gain,sedentary,keto,6.9,3,1,1968.2,2361.8,2754.7,172.2,34.4,214.3
34,female,150.9,55.4,55.4,maintenance,moderate,keto,7.0,2,3,1165.9,1807.2,1829.5,114.3,22.9,142.3
34,male,185.7,76.0,61.3,weight_loss,active,keto,7.8,7,3,1755.5,3028.2,2558.9,159.9,32.0,199.0
30,male,168.1,46.4,32.4,weight_loss,sedentary,keto,6.5,2,6,1369.8,1643.8,1200.0,75.0,15.0,93.3
31,male,171.1,55.3,64.0,muscle_gain,moderate,vegetarian,5.9,10,5,1472.4,2282.2,2682.0,119.6,383.3,74.5
27,female,166.9,86.4,85.9,endurance,sedentary,vegetarian,6.2,7,5,1610.8,1933.0,1995.9,152.8,206.5,62.1
23,male,174.3,98.4,98.4,maintenance,very_active,non_vegetarian,8.0,10,5,1963.2,3730.1,3547.0,168.6,469.8,110.4
49,female,164.0,62.8,71.3,muscle_gain,active,keto,7.3,9,4,1247.2,2151.4,2486.5,155.4,31.1,193.4
25,male,184.4,63.0,64.1,endurance,very_active,keto,5.8,1,3,1662.8,3159.3,3394.2,212.1,42.4,264.0
26,female,157.7,95.0,103.9,muscle_gain,moderate,keto,7.5,7,1,1644.7,2549.3,2935.8,183.5,36.7,228.3
36,male,185.1,58.1,62.0,muscle_gain,sedentary,vegetarian,8.2,6,4,1562.9,1875.5,2342.5,131.6,307.5,65.1
18,male,169.8,71.6,73.5,endurance,sedentary,vegan,5.5,10,3,1692.3,2030.8,2269.7,126.4,282.2,70.6
32,male,174.7,77.8,70.8,weight_loss,active,vegan,8.9,8,4,1715.0,2958.3,2386.2,162.9,284.5,66.3
18,female,168.1,72.3,72.3,maintenance,sedentary,non_vegetarian,6.8,3,1,1522.8,1827.3,1914.2,126.3,218.2,59.6
22,male,181.5,74.0,81.3,muscle_gain,moderate,vegetarian,8.8,7,3,1769.9,2743.4,3203.9,161.1,439.6,89.0
40,male,177.7,73.2,78.5,muscle_gain,light,keto,7.6,8,1,1648.0,2266.0,2691.5,168.2,33.6,209.3
36,female,158.2,48.1,48.1,maintenance,moderate,non_vegetarian,7.4,5,3,1128.5,1749.1,1734.0,78.5,233.7,53.9
45,female,171.0,50.7,38.3,weight_loss,moderate,keto,5.9,10,2,1189.4,1843.6,1296.5,81.0,16.2,100.8
42,male,166.9,85.1,85.1,maintenance,active,vegetarian,5.6,1,1,1689.5,2914.4,2860.6,154.3,360.6,89.0
46,female,157.6,77.7,82.6,muscle_gain,moderate,keto,5.7,3,2,1371.2,2125.4,2489.2,155.6,31.1,193.6
32,male,160.2,47.2,47.2,maintenance,active,non_vegetarian,8.7,10,3,1318.1,2273.7,2258.6,82.6,323.9,70.3
32,female,155.1,50.9,42.1,weight_loss,sedentary,vegetarian,8.7,9,2,1157.9,1389.5,1200.0,111.8,113.3,33.3
35,male,174.9,88.9,88.9,maintenance,active,non_vegetarian,9.0,2,4,1812.3,3126.3,3016.2,144.6,398.4,93.8
26,female,174.5,64.8,61.1,weight_loss,active,vegetarian,7.5,1,1,1448.0,2497.9,2005.4,136.4,239.6,55.7
53,male,164.8,89.2,89.2,maintenance,sedentary,non_vegetarian,8.6,2,6,1661.5,1993.8,2093.4,165.3,211.6,65.1
26,male,182.9,64.3,64.3,maintenance,light,keto,5.8,1,6,1660.5,2283.2,2236.1,139.8,28.0,173.9
33,female,168.6,77.5,86.2,muscle_gain,active,vegetarian,5.7,8,1,1502.2,2591.3,3079.8,158.2,419.1,85.6
29,female,171.4,59.9,59.9,maintenance,sedentary,vegetarian,6.4,2,5,1363.9,1636.7,1681.0,113.0,189.6,52.3
32,female,166.1,69.1,69.1,maintenance,moderate,non_vegetarian,6.0,10,5,1408.1,2182.5,2077.4,127.4,246.6,64.6
18,female,163.7,43.8,45.3,endurance,very_active,non_vegetarian,6.0,5,3,1209.8,2298.5,2560.9,75.5,385.4,79.7
38,female,165.3,50.5,36.0,weight_loss,active,vegetarian,7.3,3,4,1187.5,2048.5,1612.6,113.0,189.3,44.8
50,male,177.2,85.1,85.1,maintenance,very_active,vegetarian,8.2,2,1,1713.8,3256.3,3276.0,141.6,448.1,101.9
35,female,162.2,63.6,63.6,maintenance,sedentary,non_vegetarian,7.5,10,4,1313.4,1576.0,1618.9,108.5,182.8,50.4
53,male,164.8,76.5,85.7,muscle_gain,sedentary,keto,6.2,6,4,1535.5,1842.6,2114.9,132.2,26.4,164.5
45,female,158.9,46.7,52.6,muscle_gain,moderate,non_vegetarian,8.5,9,4,1073.9,1664.5,2053.0,94.2,290.8,57.0
47,male,181.3,80.9,81.3,endurance,active,non_vegetarian,8.0,5,3,1711.9,2952.9,3191.6,134.8,439.7,99.3
44,male,169.0,76.4,76.4,maintenance,light,vegan,6.8,5,4,1605.6,2207.7,2177.8,140.6,251.3,67.8
18,male,173.4,93.5,89.9,weight_loss,moderate,vegan,8.7,1,4,1933.7,2997.2,2539.6,209.9,266.4,70.5
36,female,164.0,70.3,69.7,endurance,very_active,vegan,6.9,4,5,1387.0,2635.2,2767.1,120.2,377.8,86.1
26,male,177.5,81.9,72.4,weight_loss,very_active,vegetarian,8.2,2,1,1803.5,3426.6,2954.7,172.0,381.9,82.1
28,female,160.4,101.9,101.9,maintenance,sedentary,vegetarian,5.8,2,1,1720.2,2064.2,2120.4,190.2,191.4,66.0
34,female,161.4,58.6,57.2,endurance,sedentary,vegetarian,8.0,8,6,1263.4,1516.1,1709.3,107.9,199.7,53.2
32,female,149.8,45.2,34.6,weight_loss,light,non_vegetarian,7.7,4,3,1067.2,1467.3,1200.0,95.9,129.2,33.3
32,female,161.3,81.7,68.0,weight_loss,light,vegetarian,6.1,6,5,1504.7,2068.9,1499.1,179.7,101.5,41.6
22,female,173.6,65.6,52.3,weight_loss,sedentary,non_vegetarian,7.9,1,1,1470.0,1764.0,1297.5,146.1,97.3,36.0
50,female,158.1,62.8,49.4,weight_loss,moderate,non_vegetarian,8.7,6,6,1205.5,1868.5,1357.3,143.1,111.4,37.7
18,female,160.8,74.6,72.7,endurance,very_active,vegan,8.8,8,1,1499.9,2849.8,3099.3,125.7,432.2,96.4
36,female,160.4,56.1,63.3,muscle_gain,light,keto,5.7,6,6,1222.6,1681.1,2108.4,131.8,26.4,164.0
25,female,165.1,66.0,62.4,weight_loss,light,vegetarian,6.5,10,2,1405.2,1932.2,1495.0,151.5,128.9,41.5
39,female,153.9,49.7,46.7,weight_loss,light,vegetarian,8.8,4,4,1103.6,1517.4,1200.0,104.6,120.5,33.3
29,male,172.4,92.2,92.2,maintenance,sedentary,vegetarian,7.7,2,2,1859.4,2231.3,2243.9,162.5,241.4,69.8
30,female,168.5,59.5,64.9,muscle_gain,very_active,vegan,8.7,10,3,1336.9,2540.0,3026.0,132.4,434.9,84.1
22,male,181.3,98.1,94.3,weight_loss,moderate,keto,5.7,8,5,2008.6,3113.3,2505.3,156.6,31.3,194.9
26,male,185.1,94.2,79.9,weight_loss,active,keto,8.7,9,1,1974.1,3405.4,2890.4,180.7,36.1,224.8
22,male,183.6,94.6,93.7,endurance,active,keto,8.2,4,4,1988.5,3430.2,3503.3,219.0,43.8,272.5
18,female,164.6,71.6,78.6,muscle_gain,light,non_vegetarian,7.5,6,2,1493.1,2053.1,2381.5,149.4,297.0,66.2
36,male,170.3,48.4,39.9,weight_loss,active,keto,8.2,3,3,1373.4,2369.2,1845.4,115.3,23.1,143.5
30,female,161.1,50.1,39.5,weight_loss,light,non_vegetarian,5.8,4,4,1196.6,1645.4,1200.0,112.7,112.4,33.3
24,female,169.3,79.1,79.1,maintenance,light,keto,6.1,2,4,1567.8,2155.7,2232.5,139.5,27.9,173.6
21,female,154.9,70.0,77.4,muscle_gain,very_active,vegetarian,7.5,3,2,1401.9,2663.6,3071.0,153.9,421.9,85.3
34,male,159.9,65.9,65.9,maintenance,moderate,vegetarian,8.1,1,5,1492.9,2314.0,2312.0,106.8,309.4,71.9
34,male,182.1,80.0,79.0,endurance,sedentary,vegan,8.9,9,4,1773.6,2128.3,2351.4,143.3,279.9,73.2
30,female,167.8,67.8,77.0,muscle_gain,sedentary,non_vegetarian,6.8,8,2,1415.3,1698.3,2052.4,138.0,246.9,57.0
27,male,176.7,84.8,70.3,weight_loss,moderate,vegan,7.1,10,5,1821.9,2824.0,2342.6,193.1,246.1,65.1
33,female,172.4,67.2,67.2,maintenance,very_active,non_vegetarian,7.6,10,4,1423.3,2704.3,2651.6,109.3,368.0,82.5
38,female,153.4,51.0,55.6,muscle_gain,active,vegetarian,7.0,3,1,1118.2,1928.9,2301.9,114.9,316.8,63.9
35,male,166.0,72.6,72.7,endurance,moderate,vegan,7.1,8,1,1594.2,2470.9,2622.4,117.9,354.1,81.6
25,male,183.5,87.9,83.8,weight_loss,active,vegetarian,6.1,9,1,1906.1,3288.0,2786.4,184.9,337.6,77.4
24,male,165.2,97.9,101.6,muscle_gain,active,non_vegetarian,8.0,3,1,1896.3,3271.2,3685.5,219.2,471.8,102.4
22,female,168.0,63.2,51.5,weight_loss,very_active,keto,7.9,10,1,1410.8,2680.5,2161.7,135.1,27.0,168.1
34,female,157.8,59.9,54.4,weight_loss,sedentary,keto,6.8,9,5,1254.1,1504.9,1200.0,75.0,15.0,93.3
25,male,181.4,104.2,104.2,maintenance,very_active,keto,7.9,8,2,2055.1,3904.7,3816.4,238.5,47.7,296.8
18,male,160.0,75.9,76.7,endurance,very_active,vegetarian,8.2,4,4,1673.8,3180.3,3313.1,138.5,457.8,103.1
32,male,177.1,55.6,45.3,weight_loss,very_active,keto,6.0,10,4,1507.2,2863.6,2234.9,139.7,27.9,173.8
32,male,177.1,72.0,72.0,maintenance,moderate,vegan,7.8,9,2,1672.2,2591.8,2463.0,133.9,309.5,76.6
34,male,186.2,81.9,80.1,endurance,light,vegetarian,7.7,9,2,1817.5,2499.1,2630.5,144.6,329.0,81.8
30,male,165.1,92.8,97.6,muscle_gain,light,vegetarian,7.2,5,6,1814.8,2495.4,2852.3,193.3,341.6,79.2
18,male,173.6,84.5,88.0,muscle_gain,very_active,vegetarian,8.8,10,5,1844.8,3505.2,3816.7,193.7,522.0,106.0
27,male,166.2,85.9,81.4,weight_loss,light,vegetarian,8.9,5,6,1768.1,2431.1,1893.6,188.1,166.9,52.6
18,male,173.0,91.7,99.7,muscle_gain,light,non_vegetarian,8.5,3,6,1913.8,2631.5,2946.9,197.1,355.4,81.9
47,male,179.4,82.7,86.0,muscle_gain,moderate,non_vegetarian,6.0,2,4,1718.9,2664.3,3002.6,184.7,378.3,83.4
29,female,161.2,60.4,52.6,weight_loss,active,vegan,8.9,1,3,1305.0,2251.0,1778.9,120.9,212.7,49.4
20,male,167.4,62.3,61.7,endurance,active,keto,8.7,2,5,1574.0,2715.1,3094.0,193.4,38.7,240.6
35,male,178.4,63.2,70.8,muscle_gain,sedentary,vegetarian,5.8,2,4,1577.2,1892.6,2284.5,145.2,283.1,63.5
28,female,164.5,52.3,53.7,endurance,very_active,vegetarian,8.1,9,2,1249.9,2374.9,2587.2,86.2,379.5,80.5
25,male,169.9,88.3,75.2,weight_loss,moderate,non_vegetarian,8.4,2,5,1824.5,2828.0,2220.6,196.3,220.0,61.7
35,female,167.8,53.4,53.7,endurance,light,non_vegetarian,6.2,2,4,1247.1,1714.8,1867.7,98.3,237.9,58.1
27,female,165.0,62.2,54.8,weight_loss,very_active,vegetarian,6.8,7,4,1356.7,2577.8,2104.8,134.8,259.8,58.5
47,female,159.4,43.4,32.0,weight_loss,active,non_vegetarian,5.8,9,4,1034.7,1784.9,1316.7,98.9,147.9,36.6
46,female,165.7,50.9,50.9,maintenance,sedentary,vegan,8.2,5,3,1154.4,1385.3,1380.1,90.3,158.2,42.9
18,male,181.1,59.1,61.0,endurance,active,keto,7.9,10,2,1638.0,2825.5,2998.2,187.4,37.5,233.2
19,male,177.0,72.9,72.1,endurance,moderate,vegetarian,6.1,4,2,1745.1,2704.8,2920.2,129.9,395.6,90.9
30,male,168.1,86.8,88.3,endurance,light,keto,5.9,5,2,1773.4,2438.5,2634.6,164.7,32.9,204.9
20,female,178.7,69.7,79.1,muscle_gain,active,non_vegetarian,8.8,9,6,1553.0,2678.9,3014.9,154.8,410.6,83.7
44,female,175.9,62.3,62.3,maintenance,light,vegetarian,8.5,1,5,1340.9,1843.7,1862.9,112.4,222.8,58.0
20,female,162.0,61.6,56.8,weight_loss,very_active,keto,6.3,5,6,1367.4,2598.1,2109.7,131.9,26.4,164.1
33,male,180.5,81.3,80.1,endurance,moderate,non_vegetarian,6.3,3,6,1781.3,2761.0,2853.4,138.3,375.2,88.8
20,female,159.2,60.6,61.3,endurance,light,vegan,6.3,4,3,1340.0,1842.5,2106.9,103.6,275.8,65.5
18,male,173.1,91.3,87.4,weight_loss,light,vegetarian,8.5,9,4,1910.6,2627.0,2107.9,205.5,189.6,58.6
34,female,162.0,67.1,59.7,weight_loss,moderate,vegan,8.0,10,6,1352.5,2096.3,1585.4,143.6,153.8,44.0
36,female,152.2,59.6,59.2,endurance,moderate,keto,8.0,5,6,1206.6,1870.2,2088.6,130.5,26.1,162.4
35,female,173.5,59.3,65.4,muscle_gain,moderate,non_vegetarian,9.0,5,4,1341.1,2078.8,2536.6,128.6,346.9,70.5
23,female,172.3,73.8,72.6,endurance,sedentary,keto,6.5,2,2,1539.0,1846.8,1990.7,124.4,24.9,154.8
33,female,162.6,71.5,71.5,maintenance,moderate,vegetarian,8.7,10,3,1405.6,2178.6,2164.1,125.9,263.7,67.3
26,female,172.6,62.8,50.7,weight_loss,moderate,non_vegetarian,6.6,6,5,1415.8,2194.5,1736.5,136.8,188.9,48.2
27,female,174.7,55.9,54.6,endurance,moderate,keto,8.5,4,1,1354.3,2099.1,2256.8,141.1,28.2,175.5
45,female,159.9,83.2,83.2,maintenance,light,non_vegetarian,8.0,2,3,1445.4,1987.4,2040.6,142.3,225.0,63.5
28,male,161.5,77.7,75.9,endurance,sedentary,vegan,6.4,9,5,1651.6,1982.0,2188.6,139.9,254.0,68.1
41,male,188.7,68.4,77.1,muscle_gain,light,keto,6.6,6,3,1663.5,2287.3,2700.7,168.8,33.8,210.1
37,male,184.6,85.0,79.4,weight_loss,active,keto,8.2,4,1,1823.5,3145.5,2491.3,155.7,31.1,193.8
28,male,166.8,75.2,66.3,weight_loss,very_active,vegetarian,6.7,3,2,1658.8,3151.8,2729.8,162.4,349.5,75.8
33,male,185.2,82.8,78.7,weight_loss,moderate,keto,8.8,5,3,1825.3,2829.1,2238.4,139.9,28.0,174.1
18,male,177.2,75.0,83.2,muscle_gain,moderate,vegan,8.6,9,4,1772.5,2747.4,3006.6,154.0,409.8,83.5
18,female,157.9,61.7,61.7,maintenance,active,vegetarian,6.2,3,6,1352.3,2332.7,2379.3,100.8,327.5,74.0
31,male,188.9,63.5,62.4,endurance,moderate,non_vegetarian,7.1,10,4,1665.4,2581.4,2854.9,110.1,403.8,88.8
30,female,167.9,58.8,58.8,maintenance,active,non_vegetarian,5.5,5,1,1325.8,2286.9,2360.5,97.5,327.5,73.4
32,male,170.6,77.8,77.8,maintenance,light,keto,8.8,2,1,1689.3,2322.8,2306.2,144.1,28.8,179.4
34,female,154.7,63.6,63.6,maintenance,very_active,vegetarian,8.7,8,6,1272.6,2418.0,2446.6,102.5,337.9,76.1
30,male,186.8,88.8,93.1,muscle_gain,sedentary,vegan,8.5,4,1,1910.7,2292.9,2642.3,189.9,305.5,73.4
32,female,165.1,68.8,63.1,weight_loss,very_active,vegan,8.3,4,4,1399.1,2658.3,2040.0,149.4,233.0,56.7
26,male,164.1,95.9,94.7,endurance,light,vegetarian,7.7,6,6,1859.7,2557.1,2752.1,159.1,336.3,85.6
28,male,183.2,83.9,84.3,endurance,light,vegetarian,8.0,8,2,1849.0,2542.3,2649.5,138.9,338.1,82.4
29,female,160.7,43.1,51.9,muscle_gain,moderate,vegan,7.9,4,2,1128.7,1749.6,2056.1,97.3,288.2,57.1
28,male,175.1,57.2,65.1,muscle_gain,active,non_vegetarian,7.3,10,2,1531.7,2642.3,3095.6,117.7,462.7,86.0
28,male,176.3,83.6,83.6,maintenance,moderate,keto,7.9,4,3,1803.0,2794.6,2728.5,170.5,34.1,212.2
34,male,173.1,65.4,71.4,muscle_gain,light,keto,7.3,1,4,1571.1,2160.3,2553.5,159.6,31.9,198.6
44,female,168.1,75.1,71.6,weight_loss,sedentary,keto,6.2,10,4,1420.2,1704.3,1200.0,75.0,15.0,93.3
18,male,187.9,106.8,110.1,muscle_gain,light,keto,5.5,2,2,2157.1,2966.1,3469.5,216.8,43.4,269.8
26,female,154.9,51.2,37.5,weight_loss,moderate,non_vegetarian,7.5,3,6,1189.4,1843.5,1275.6,111.0,128.2,35.4
28,male,188.8,76.0,76.1,endurance,active,vegan,6.9,4,3,1805.5,3114.4,3344.5,127.5,474.4,104.1
43,female,160.2,88.4,88.4,maintenance,light,non_vegetarian,8.9,4,6,1509.3,2075.3,2199.4,147.0,249.0,68.4
28,male,171.4,87.8,95.2,muscle_gain,light,vegetarian,6.5,3,3,1813.7,2493.9,2814.2,195.5,332.1,78.2
18,male,186.2,95.0,100.8,muscle_gain,light,vegan,8.4,10,3,2029.4,2790.4,3155.0,200.7,390.9,87.6
18,male,166.2,79.5,79.5,maintenance,sedentary,keto,6.3,8,2,1748.5,2098.2,2066.8,129.2,25.8,160.8
26,male,184.2,88.3,82.0,weight_loss,very_active,vegetarian,7.2,2,2,1908.7,3626.6,3255.9,194.7,415.9,90.4
20,male,173.3,88.6,90.0,endurance,moderate,non_vegetarian,8.2,9,3,1874.1,2904.9,3146.6,167.0,399.4,97.9
45,male,179.4,103.9,91.6,weight_loss,sedentary,non_vegetarian,7.8,9,3,1939.8,2327.7,1857.3,213.2,135.0,51.6
40,female,160.7,64.2,71.8,muscle_gain,very_active,keto,6.9,6,6,1285.3,2442.1,2868.4,179.3,35.9,223.1
46,female,168.1,63.0,62.3,endurance,sedentary,vegan,8.3,2,3,1289.7,1547.6,1819.8,111.5,216.1,56.6
18,male,164.6,87.5,85.8,endurance,moderate,vegetarian,7.9,6,4,1819.3,2819.9,3021.2,160.1,383.7,94.0
36,female,163.5,70.9,61.0,weight_loss,very_active,vegetarian,8.9,10,3,1389.1,2639.3,2087.0,149.8,241.4,58.0
35,female,170.0,78.6,76.8,endurance,moderate,non_vegetarian,8.3,1,3,1512.7,2344.7,2698.4,144.7,340.9,84.0
32,male,178.2,56.7,55.0,endurance,light,vegetarian,7.2,3,6,1525.5,2097.5,2260.9,105.5,301.6,70.3
28,male,184.4,69.4,79.0,muscle_gain,moderate,vegetarian,8.1,7,5,1712.0,2653.6,3075.3,150.7,426.0,85.4
29,female,161.8,67.0,66.6,endurance,very_active,keto,7.5,9,4,1374.9,2612.2,2779.2,173.7,34.7,216.2
25,male,162.4,74.5,65.6,weight_loss,light,keto,7.2,2,5,1640.0,2255.1,1729.8,108.1,21.6,134.5
24,male,179.3,87.2,94.9,muscle_gain,active,keto,5.6,6,6,1878.1,3239.6,3614.6,225.9,45.2,281.1
39,female,167.0,60.5,61.9,endurance,moderate,non_vegetarian,8.8,10,6,1292.5,2003.4,2172.8,113.8,277.3,67.6
33,female,167.0,80.8,88.2,muscle_gain,sedentary,vegetarian,6.6,1,5,1525.6,1830.7,2258.6,170.9,252.7,62.7
24,female,162.3,72.1,76.1,muscle_gain,light,vegetarian,7.6,6,1,1453.8,1999.0,2424.2,147.6,307.0,67.3
39,female,162.6,49.0,51.0,endurance,active,vegan,7.1,5,4,1149.5,1982.8,2117.4,86.7,294.4,65.9
32,male,178.7,62.6,54.5,weight_loss,sedentary,non_vegetarian,6.9,5,5,1588.3,1906.0,1407.8,135.7,128.3,39.1
36,female,154.9,77.3,77.6,endurance,active,vegan,8.7,2,4,1400.0,2415.0,2585.4,137.4,328.1,80.4
42,male,171.7,63.6,64.4,endurance,moderate,keto,5.6,6,1,1504.6,2332.1,2497.3,156.1,31.2,194.2
29,male,172.9,75.0,74.3,endurance,light,vegan,6.2,10,6,1690.3,2324.2,2549.5,125.0,334.0,79.3
28,female,162.5,43.5,43.5,maintenance,very_active,keto,7.7,8,4,1149.8,2184.5,2210.2,138.1,27.6,171.9
29,male,188.9,64.8,60.2,weight_loss,very_active,vegan,6.3,4,1,1689.0,3209.1,2562.1,143.1,337.2,71.2
36,female,165.4,51.9,51.4,endurance,sedentary,non_vegetarian,7.4,8,4,1211.9,1454.3,1578.4,84.8,199.3,49.1
45,male,187.3,43.2,45.1,endurance,moderate,non_vegetarian,7.6,9,5,1382.5,2142.8,2310.6,80.2,335.7,71.9
46,female,159.7,58.1,57.8,endurance,moderate,vegan,6.5,6,3,1188.0,1841.5,2024.2,100.5,263.8,63.0
18,female,151.1,76.6,85.1,muscle_gain,moderate,vegan,6.6,2,4,1459.5,2262.2,2467.8,171.4,291.2,68.6
32,male,183.1,57.7,64.7,muscle_gain,moderate,vegan,7.5,5,4,1566.2,2427.5,2700.5,120.3,386.1,75.0
42,female,166.7,56.6,51.8,weight_loss,very_active,non_vegetarian,6.6,7,2,1237.0,2350.3,1917.0,114.0,245.6,53.2
42,female,164.9,53.2,56.9,muscle_gain,very_active,vegan,8.9,10,4,1191.5,2263.9,2581.4,108.9,375.1,71.7
32,male,174.5,91.1,77.8,weight_loss,light,vegetarian,7.2,5,5,1847.0,2539.7,1946.1,203.0,161.8,54.1
18,female,164.3,58.1,63.7,muscle_gain,moderate,keto,7.2,10,2,1356.7,2102.9,2406.7,150.4,30.1,187.2
18,male,176.2,77.3,73.8,weight_loss,light,vegetarian,7.0,5,4,1788.6,2459.3,1997.7,161.1,213.5,55.5
30,male,174.9,94.5,101.5,muscle_gain,very_active,non_vegetarian,6.0,6,1,1893.1,3597.0,3791.6,212.3,498.7,105.3
35,male,162.6,66.3,59.3,weight_loss,light,keto,6.9,6,5,1509.1,2075.0,1517.7,94.9,19.0,118.0
37,female,162.5,63.8,71.2,muscle_gain,moderate,vegan,8.9,9,4,1308.3,2027.8,2298.9,143.7,287.2,63.9
27,male,169.9,83.4,91.3,muscle_gain,sedentary,vegan,6.2,6,4,1765.5,2118.6,2395.2,180.6,268.6,66.5
43,female,151.3,54.3,58.9,muscle_gain,sedentary,vegetarian,6.8,4,3,1112.7,1335.2,1770.0,117.4,214.4,49.2
25,male,165.5,81.1,90.6,muscle_gain,active,non_vegetarian,5.6,4,2,1724.9,2975.5,3278.1,180.2,434.4,91.1
21,female,155.3,97.2,96.3,endurance,moderate,non_vegetarian,5.9,5,2,1677.0,2599.4,2778.2,161.6,338.5,86.4
18,female,173.5,71.3,72.4,endurance,very_active,keto,7.4,1,1,1546.4,2938.2,3066.1,191.6,38.3,238.5
20,female,167.7,61.0,66.7,muscle_gain,very_active,vegan,5.7,2,6,1397.6,2655.4,2831.8,132.7,398.2,78.7
47,female,160.0,81.9,81.8,endurance,moderate,vegetarian,5.6,4,3,1423.2,2206.0,2498.3,135.7,314.1,77.7
19,male,184.3,68.9,78.5,muscle_gain,light,vegan,8.4,10,3,1750.5,2406.9,2602.5,141.2,346.8,72.3
25,female,165.8,58.4,58.2,endurance,moderate,non_vegetarian,8.6,3,2,1334.6,2068.7,2247.8,99.3,305.4,69.9
41,male,176.9,66.2,73.6,muscle_gain,very_active,non_vegetarian,6.0,3,3,1567.3,2977.8,3397.9,137.0,500.1,94.4
31,female,145.3,69.1,55.6,weight_loss,light,non_vegetarian,6.3,5,4,1283.8,1765.3,1280.1,143.0,96.9,35.6
30,female,169.2,55.9,56.6,endurance,sedentary,vegetarian,7.1,1,4,1306.1,1567.3,1785.1,96.6,224.8,55.5
18,female,165.8,87.4,95.7,muscle_gain,active,vegan,8.6,1,2,1659.9,2863.4,3117.5,183.1,401.4,86.6
22,female,158.0,65.6,65.6,maintenance,light,vegetarian,8.7,4,6,1372.3,1886.9,1826.7,106.5,222.4,56.8
34,female,168.9,70.4,68.5,endurance,light,non_vegetarian,8.7,3,1,1428.9,1964.8,2049.9,118.4,250.5,63.8
39,male,183.5,89.6,89.6,maintenance,active,vegetarian,8.3,1,1,1853.1,3196.6,3232.3,168.8,412.9,100.6
32,female,170.2,87.1,92.1,muscle_gain,light,non_vegetarian,5.7,7,3,1613.7,2218.9,2495.4,197.2,270.7,69.3
40,female,162.4,62.4,55.5,weight_loss,active,keto,6.4,2,5,1278.4,2205.3,1626.7,101.7,20.3,126.5
27,male,168.0,71.5,71.5,maintenance,sedentary,keto,6.8,9,2,1635.2,1962.2,1897.6,118.6,23.7,147.6
25,female,160.2,65.2,70.6,muscle_gain,active,non_vegetarian,5.7,3,3,1366.6,2357.4,2576.2,147.5,335.4,71.6
18,male,178.9,66.8,66.8,maintenance,active,keto,8.2,5,6,1701.5,2935.0,3029.6,189.3,37.9,235.6
32,female,167.2,80.9,85.6,muscle_gain,light,keto,6.2,10,1,1533.6,2108.7,2435.8,152.2,30.4,189.5
24,male,183.0,85.1,81.1,weight_loss,light,vegetarian,7.4,9,1,1879.9,2584.9,2073.2,171.4,217.3,57.6
43,male,174.3,78.5,78.5,maintenance,very_active,keto,8.3,10,1,1664.0,3161.6,3163.6,197.7,39.5,246.1
20,male,176.6,97.6,96.8,endurance,sedentary,keto,5.6,4,5,1984.4,2381.3,2615.8,163.5,32.7,203.5
30,male,174.7,82.6,82.6,maintenance,sedentary,vegan,6.1,6,6,1773.2,2127.9,2175.7,149.4,242.2,67.7
36,male,173.3,82.5,81.2,endurance,sedentary,non_vegetarian,8.8,5,2,1733.9,2080.7,2313.5,154.4,262.0,72.0
19,male,177.3,47.7,45.8,endurance,light,non_vegetarian,6.0,2,4,1495.8,2056.8,2289.4,88.6,323.5,71.2
36,male,182.0,72.5,72.9,endurance,moderate,vegan,8.5,4,2,1687.1,2615.0,2841.1,130.1,381.3,88.4
44,male,187.3,77.6,82.7,muscle_gain,light,vegan,8.7,1,3,1731.6,2381.0,2742.4,165.5,348.6,76.2
41,female,152.5,60.1,60.1,maintenance,sedentary,vegan,8.3,1,3,1188.3,1426.0,1483.1,104.5,162.5,46.1
39,female,165.6,45.9,45.9,maintenance,sedentary,vegan,7.9,8,3,1138.2,1365.8,1363.8,76.0,169.6,42.4
24,male,178.6,66.7,65.3,endurance,active,non_vegetarian,8.1,7,2,1668.2,2877.7,2983.0,124.3,412.7,92.8
18,female,171.6,59.2,65.5,muscle_gain,active,keto,8.3,3,3,1413.2,2437.8,2801.0,175.1,35.0,217.9
29,male,167.5,60.4,46.8,weight_loss,active,vegetarian,5.8,10,2,1510.4,2605.4,2041.9,127.1,255.8,56.7
22,male,178.9,66.9,66.9,maintenance,very_active,non_vegetarian,6.5,2,3,1681.9,3195.7,3363.1,110.1,495.3,104.6
40,female,168.7,62.6,69.7,muscle_gain,sedentary,non_vegetarian,7.8,10,4,1318.8,1582.5,2020.3,131.1,247.8,56.1
27,male,175.7,80.4,81.1,endurance,light,keto,8.3,7,2,1772.2,2436.8,2692.3,168.3,33.7,209.4
36,female,159.7,57.6,63.2,muscle_gain,sedentary,keto,6.7,5,5,1233.0,1479.6,1864.7,116.5,23.3,145.0
37,male,172.9,55.8,55.8,maintenance,sedentary,non_vegetarian,5.9,9,1,1458.1,1749.8,1738.9,92.7,220.3,54.1
36,male,190.4,61.2,61.2,maintenance,very_active,non_vegetarian,6.0,2,2,1627.6,3092.4,3052.8,110.9,438.6,95.0
26,male,186.8,77.5,70.0,weight_loss,light,vegetarian,7.8,2,6,1817.9,2499.6,1945.2,161.9,202.9,54.0
35,female,160.2,49.3,56.1,muscle_gain,active,keto,9.0,5,1,1158.1,1997.8,2284.9,142.8,28.6,177.7
47,male,179.1,79.5,73.4,weight_loss,very_active,vegan,6.9,5,2,1684.3,3200.2,2679.9,171.8,330.8,74.4
32,male,178.2,82.1,72.3,weight_loss,active,non_vegetarian,8.8,8,6,1779.9,3070.4,2579.2,176.6,307.1,71.6
38,female,163.2,52.3,60.7,muscle_gain,moderate,vegan,7.7,5,4,1191.4,1846.7,2156.3,119.7,284.6,59.9
18,female,177.2,74.4,62.7,weight_loss,very_active,keto,6.3,3,1,1600.0,3039.9,2476.7,154.8,31.0,192.6
27,male,170.9,99.6,97.9,endurance,light,non_vegetarian,6.6,2,1,1934.1,2659.4,2737.6,164.8,327.9,85.2
31,female,162.2,73.9,80.6,muscle_gain,very_active,vegan,5.9,8,5,1437.2,2730.7,3071.1,165.4,410.5,85.3
18,male,174.0,64.4,59.6,weight_loss,active,keto,8.2,10,5,1646.3,2839.9,2345.5,146.6,29.3,182.4
44,female,150.8,54.4,50.1,weight_loss,light,non_vegetarian,5.7,7,4,1105.6,1520.2,1200.0,117.8,107.3,33.3
26,female,168.2,61.9,58.2,weight_loss,light,vegetarian,6.2,3,5,1379.3,1896.5,1414.0,130.3,134.8,39.3
23,female,164.6,73.3,77.6,muscle_gain,very_active,keto,5.8,6,6,1486.1,2823.7,3104.0,194.0,38.8,241.4
37,male,176.4,92.6,92.6,maintenance,light,vegan,7.4,4,5,1849.0,2542.4,2527.0,154.9,300.0,78.6
33,male,175.7,76.7,76.7,maintenance,very_active,non_vegetarian,8.4,10,2,1704.5,3238.5,3263.7,144.0,443.5,101.5
35,male,166.0,98.1,88.7,weight_loss,active,keto,7.0,8,4,1848.2,3188.2,2538.2,158.6,31.7,197.4
23,male,175.2,83.8,93.0,muscle_gain,light,non_vegetarian,8.6,4,2,1823.0,2506.6,2991.7,180.2,380.7,83.1
18,female,159.4,40.0,40.5,endurance,sedentary,vegan,8.9,7,2,1130.3,1356.4,1557.9,74.6,205.8,48.5
32,female,174.1,65.4,65.1,endurance,sedentary,non_vegetarian,8.2,1,1,1421.8,1706.2,1965.9,110.6,243.2,61.2
35,male,172.5,58.3,62.7,muscle_gain,very_active,non_vegetarian,7.6,2,6,1491.0,2832.9,3209.1,120.5,481.3,89.1
18,male,186.4,75.7,75.7,maintenance,light,keto,8.1,2,5,1837.1,2526.0,2616.5,163.5,32.7,203.5
25,female,164.9,66.5,66.5,maintenance,sedentary,keto,8.8,8,4,1409.6,1691.6,1689.3,105.6,21.1,131.4
25,female,165.7,52.9,40.8,weight_loss,sedentary,keto,8.0,10,2,1278.8,1534.5,1200.0,75.0,15.0,93.3
42,male,181.8,78.9,66.7,weight_loss,moderate,non_vegetarian,7.1,8,4,1720.6,2666.9,2275.2,172.5,254.1,63.2
27,male,186.6,80.5,79.9,endurance,very_active,vegetarian,7.5,9,6,1840.7,3497.4,3583.7,143.1,501.9,111.5
48,male,183.9,76.3,76.3,maintenance,moderate,keto,6.1,1,6,1677.6,2600.3,2657.0,166.1,33.2,206.7
25,male,182.6,44.5,45.3,endurance,active,vegan,7.4,3,5,1466.7,2530.1,2646.5,82.2,394.2,82.3
39,female,161.3,66.5,58.1,weight_loss,light,vegan,7.3,10,2,1316.7,1810.5,1257.6,139.1,96.8,34.9
48,female,171.3,61.6,61.6,maintenance,light,vegan,7.7,1,4,1285.8,1767.9,1746.4,111.0,203.4,54.3
40,female,176.9,75.4,81.5,muscle_gain,very_active,vegetarian,6.0,10,4,1498.9,2848.0,3406.3,165.0,473.7,94.6
20,female,157.3,49.7,49.7,maintenance,sedentary,keto,7.5,7,4,1219.2,1463.1,1482.5,92.7,18.5,115.3
31,male,174.8,89.3,82.6,weight_loss,very_active,keto,7.9,5,5,1835.7,3487.8,3098.3,193.6,38.7,241.0
18,female,158.8,73.8,73.8,maintenance,active,vegan,7.3,10,5,1480.0,2553.1,2517.3,119.7,333.5,78.3
22,female,170.1,48.5,42.6,weight_loss,active,keto,8.4,9,6,1277.6,2203.8,1688.4,105.5,21.1,131.3
33,female,159.0,73.4,83.4,muscle_gain,active,vegetarian,7.5,1,3,1401.6,2417.8,2720.6,153.3,356.7,75.6
44,female,162.1,72.1,72.1,maintenance,sedentary,non_vegetarian,7.3,7,1,1352.8,1623.4,1659.7,129.7,169.1,51.6
23,female,148.6,68.3,72.4,muscle_gain,sedentary,vegetarian,7.1,7,4,1336.2,1603.4,1957.7,139.5,227.5,54.4
35,female,161.4,58.8,52.6,weight_loss,sedentary,non_vegetarian,6.8,2,2,1261.2,1513.4,1200.0,132.3,92.8,33.3
18,male,181.9,70.0,76.4,muscle_gain,sedentary,vegan,7.4,4,5,1751.3,2101.5,2426.8,154.0,301.1,67.4
26,female,157.4,70.9,70.9,maintenance,sedentary,vegan,8.5,1,2,1401.1,1681.4,1751.5,122.3,192.9,54.5
34,female,163.7,52.2,52.2,maintenance,sedentary,vegetarian,5.7,6,6,1213.9,1456.7,1479.3,83.5,182.8,46.0
51,female,160.3,59.5,60.1,endurance,sedentary,vegan,8.9,6,4,1181.0,1417.2,1590.0,95.5,190.6,49.5
25,female,143.8,68.9,56.7,weight_loss,very_active,vegan,7.0,9,6,1301.2,2472.4,1922.3,141.8,218.6,53.4
18,female,168.3,51.0,51.0,endurance,active,vegetarian,8.0,1,6,1310.9,2261.2,2436.2,88.9,349.6,75.8
44,male,164.7,56.5,58.0,endurance,light,keto,8.3,1,1,1380.0,1897.5,2114.4,132.2,26.4,164.5
41,male,163.4,83.7,81.9,endurance,moderate,vegetarian,6.5,5,2,1658.4,2570.5,2818.7,140.7,366.6,87.7
18,male,182.4,90.3,91.0,endurance,active,vegan,7.5,7,3,1957.6,3376.9,3543.5,170.3,467.6,110.2
42,male,185.1,79.4,79.4,maintenance,sedentary,keto,6.0,3,1,1746.3,2095.5,2067.1,129.2,25.8,160.8
20,female,162.7,70.8,70.8,maintenance,very_active,keto,8.6,3,3,1464.5,2782.5,2755.4,172.2,34.4,214.3
18,female,171.9,66.3,70.2,muscle_gain,light,non_vegetarian,6.3,5,4,1486.1,2043.4,2366.1,132.8,310.9,65.7
38,male,188.2,40.0,40.0,maintenance,active,vegan,6.9,9,3,1379.0,2378.7,2409.7,69.8,363.9,75.0
18,female,166.5,65.5,65.5,maintenance,very_active,non_vegetarian,6.6,2,2,1444.9,2745.4,2797.7,116.6,387.1,87.0
25,male,161.0,71.7,71.7,maintenance,sedentary,keto,8.4,3,3,1603.3,1923.9,1947.4,121.7,24.3,151.5
40,female,154.8,76.3,76.3,maintenance,light,vegetarian,8.4,10,1,1369.7,1883.4,1846.8,125.9,206.4,57.5
33,male,171.9,80.6,88.2,muscle_gain,active,non_vegetarian,8.8,2,6,1720.0,2967.0,3405.8,184.1,454.5,94.6
18,female,158.2,66.2,72.7,muscle_gain,light,keto,7.0,5,5,1400.2,1925.3,2439.2,152.4,30.5,189.7
21,male,192.3,106.1,106.1,maintenance,very_active,vegan,6.6,6,2,2162.6,4109.0,4097.0,192.4,545.0,127.5
27,male,170.5,77.0,77.0,maintenance,light,vegan,8.5,2,4,1705.8,2345.5,2246.6,126.4,278.0,69.9
29,male,188.0,69.4,69.4,maintenance,active,vegan,7.1,1,3,1729.3,2983.0,2961.5,123.8,409.4,92.1
18,male,179.0,81.7,71.5,weight_loss,moderate,vegan,7.1,5,4,1850.7,2868.6,2373.2,169.7,275.3,65.9
27,male,173.7,85.0,85.0,maintenance,light,vegan,6.5,9,6,1805.6,2482.7,2480.6,155.7,290.8,77.2
33,female,164.5,77.5,70.2,weight_loss,active,vegetarian,8.3,10,4,1477.0,2547.8,2089.4,162.0,229.9,58.0
31,male,188.1,83.9,83.9,maintenance,moderate,non_vegetarian,6.3,9,5,1864.8,2890.4,3003.5,135.2,405.5,93.4
36,male,161.3,96.3,103.0,muscle_gain,light,vegetarian,8.6,2,6,1795.6,2468.9,2830.4,204.8,326.0,78.6
29,male,178.3,73.2,79.2,muscle_gain,very_active,non_vegetarian,7.2,9,2,1705.8,3241.0,3615.4,147.2,530.8,100.4
24,male,186.2,76.4,76.4,maintenance,light,keto,7.4,4,1,1812.8,2492.6,2464.0,154.0,30.8,191.6
20,female,164.9,66.2,66.9,endurance,light,vegan,5.9,5,4,1432.0,1968.9,2194.2,112.1,282.8,68.3
19,female,151.8,71.5,77.9,muscle_gain,moderate,non_vegetarian,7.3,2,5,1407.8,2182.0,2644.8,160.3,335.5,73.5
19,male,188.7,82.0,82.0,maintenance,active,keto,6.2,5,4,1909.2,3293.4,3292.7,205.8,41.2,256.1
26,female,153.3,75.9,64.0,weight_loss,active,keto,8.8,10,4,1425.7,2459.3,1913.8,119.6,23.9,148.9
22,male,183.9,51.6,51.6,maintenance,light,non_vegetarian,6.0,10,5,1561.0,2146.3,2048.2,95.2,273.5,63.7
29,female,165.1,69.8,71.7,endurance,active,vegan,7.6,10,5,1423.7,2456.0,2631.9,118.8,354.9,81.9
55,male,174.2,74.8,65.4,weight_loss,sedentary,vegetarian,7.2,10,1,1566.3,1879.6,1346.6,162.0,90.5,37.4
31,male,180.9,94.9,94.9,maintenance,light,vegetarian,7.4,7,6,1929.2,2652.7,2534.2,171.9,284.4,78.8
27,female,166.1,71.0,71.0,maintenance,light,vegan,8.1,9,5,1452.7,1997.5,1997.9,121.9,237.6,62.2
35,female,157.3,82.7,82.5,endurance,very_active,vegan,8.6,8,3,1474.3,2801.2,3090.6,146.2,410.0,96.2
18,female,155.5,51.4,60.3,muscle_gain,very_active,vegetarian,6.0,8,6,1235.1,2346.7,2751.5,103.6,412.4,76.4
18,female,160.7,69.5,60.2,weight_loss,light,vegan,7.6,8,1,1447.8,1990.8,1487.8,142.9,136.1,41.3
32,female,155.5,71.1,57.1,weight_loss,moderate,vegan,6.7,2,3,1362.5,2111.9,1582.2,147.8,148.8,44.0
26,male,177.9,79.4,79.5,endurance,active,non_vegetarian,7.3,2,2,1781.3,3072.8,3275.1,136.4,453.1,101.9
22,male,173.6,78.0,66.0,weight_loss,light,vegan,5.9,2,5,1760.3,2420.5,1841.2,175.9,169.4,51.1
25,male,179.1,60.1,59.2,endurance,very_active,vegetarian,7.5,1,6,1600.5,3041.0,3353.5,112.7,491.0,104.3
42,male,166.0,97.0,87.1,weight_loss,active,keto,6.8,3,5,1802.8,3109.8,2598.6,162.4,32.5,202.1
34,female,159.5,75.1,74.0,endurance,very_active,non_vegetarian,5.8,6,6,1416.8,2691.9,2927.1,137.9,388.9,91.1
21,male,166.7,57.6,56.4,endurance,sedentary,vegan,5.6,2,1,1517.3,1820.8,2032.2,103.8,262.0,63.2
35,male,181.2,76.3,61.8,weight_loss,sedentary,non_vegetarian,8.5,8,3,1726.0,2071.2,1516.7,164.8,119.6,42.1
23,male,185.2,71.2,71.2,maintenance,moderate,vegetarian,7.0,10,1,1759.8,2727.6,2739.4,119.1,374.0,85.2
19,female,165.4,58.5,55.0,weight_loss,very_active,vegetarian,8.6,5,2,1362.6,2588.9,2154.4,122.8,281.2,59.8
37,female,159.5,62.5,71.8,muscle_gain,active,vegetarian,8.3,9,4,1275.9,2200.9,2508.7,142.5,327.8,69.7
18,male,169.1,80.8,82.5,endurance,active,non_vegetarian,7.9,9,6,1779.9,3070.3,3302.2,131.2,463.3,102.7
31,female,160.9,75.2,79.9,muscle_gain,light,vegan,8.0,6,5,1441.5,1982.1,2336.5,164.4,273.7,64.9
37,female,150.6,40.0,40.5,endurance,sedentary,vegan,7.8,2,6,764.5,917.4,1200.0,67.5,148.6,37.3
18,female,161.5,60.4,60.7,endurance,active,non_vegetarian,6.7,2,1,1362.2,2349.8,2671.2,106.9,373.9,83.1
33,female,164.2,74.0,74.0,maintenance,light,keto,8.8,10,1,1440.4,1980.6,2002.5,125.2,25.0,155.8
25,male,184.6,62.5,66.8,muscle_gain,active,keto,5.6,3,5,1658.2,2860.4,3241.5,202.6,40.5,252.1
18,female,164.4,66.3,65.7,endurance,active,vegetarian,6.1,2,4,1439.8,2483.7,2818.7,111.0,396.3,87.7
18,female,158.8,73.9,73.9,maintenance,sedentary,keto,5.8,2,5,1480.2,1776.2,1794.1,112.1,22.4,139.5
31,female,156.3,56.9,56.9,maintenance,light,vegan,8.4,5,4,1230.0,1691.3,1754.5,100.2,215.6,54.6
29,female,165.6,62.6,59.2,weight_loss,moderate,vegetarian,7.4,3,4,1355.3,2100.8,1544.0,137.8,151.7,42.9
39,male,180.0,110.3,101.5,weight_loss,moderate,non_vegetarian,6.0,9,1,2038.0,3158.8,2577.8,227.5,255.9,71.6
38,female,153.8,65.9,65.9,maintenance,moderate,keto,5.9,10,2,1269.3,1967.3,2025.0,126.6,25.3,157.5
18,female,161.6,57.2,64.2,muscle_gain,sedentary,keto,5.7,8,4,1331.2,1597.4,1906.4,119.2,23.8,148.3
33,female,170.8,62.4,57.3,weight_loss,very_active,non_vegetarian,8.5,10,5,1365.8,2595.0,2107.9,134.8,260.3,58.6
31,female,163.0,50.9,50.9,maintenance,moderate,vegan,8.0,6,5,1212.1,1878.8,1941.2,83.1,266.3,60.4
32,female,165.8,54.3,60.5,muscle_gain,active,vegetarian,5.6,7,5,1258.2,2170.5,2485.7,123.1,343.1,69.0
28,male,163.7,54.4,42.1,weight_loss,active,vegan,5.6,5,2,1432.0,2470.1,1934.6,121.3,241.5,53.7
35,male,170.8,63.7,63.5,endurance,light,keto,8.1,9,2,1534.7,2110.2,2253.8,140.9,28.2,175.3
25,male,173.2,108.3,116.6,muscle_gain,active,vegan,8.4,2,2,2045.5,3528.5,4001.2,231.2,519.1,111.1
40,male,185.3,64.0,49.7,weight_loss,very_active,vegetarian,7.3,7,1,1603.6,3046.8,2453.4,134.7,325.2,68.2
18,male,186.7,70.3,75.7,muscle_gain,active,non_vegetarian,8.9,5,1,1785.1,3079.3,3300.6,157.2,461.6,91.7
25,male,174.1,81.8,89.9,muscle_gain,sedentary,vegetarian,7.1,1,3,1785.6,2142.8,2511.5,172.3,298.5,69.8
21,female,167.8,56.3,44.8,weight_loss,sedentary,vegetarian,7.6,5,1,1346.0,1615.3,1200.0,121.0,104.1,33.3
36,male,170.9,70.0,80.0,muscle_gain,moderate,vegan,7.4,2,1,1593.2,2469.5,2869.5,145.0,393.0,79.7
21,female,160.3,70.7,70.7,maintenance,sedentary,non_vegetarian,6.5,8,1,1442.6,1731.1,1837.8,116.2,214.5,57.2
36,female,166.3,70.4,79.5,muscle_gain,active,vegan,6.2,3,3,1402.1,2418.7,2679.5,152.9,349.6,74.4
31,male,175.8,82.5,81.2,endurance,moderate,non_vegetarian,8.4,4,2,1773.5,2749.0,2959.3,132.3,400.3,92.1
33,female,160.8,64.7,61.3,weight_loss,sedentary,vegetarian,7.3,2,6,1326.2,1591.4,1200.0,135.3,89.8,33.3
26,female,172.7,67.8,70.9,muscle_gain,sedentary,keto,7.4,8,6,1466.9,1760.2,2108.9,131.8,26.4,164.0
48,male,165.1,62.5,59.1,weight_loss,light,vegetarian,8.3,7,4,1421.6,1954.7,1529.5,131.3,155.4,42.5
30,male,174.1,61.2,55.8,weight_loss,very_active,vegan,7.5,1,3,1555.0,2954.5,2487.4,140.0,326.4,69.1
35,female,155.3,62.3,60.4,endurance,very_active,vegan,6.4,6,5,1258.0,2390.3,2564.2,101.5,360.0,79.8
32,male,167.0,95.5,85.1,weight_loss,active,non_vegetarian,8.1,1,6,1844.3,3181.4,2755.1,193.6,323.0,76.5
26,female,161.5,62.4,66.2,muscle_gain,light,vegetarian,6.8,1,6,1341.9,1845.1,2143.9,134.9,267.0,59.6
25,female,161.1,83.4,78.7,weight_loss,active,keto,5.9,5,3,1554.5,2681.5,2243.4,140.2,28.0,174.5
39,female,165.6,50.6,49.0,endurance,sedentary,keto,6.1,2,4,1184.9,1421.8,1619.8,101.2,20.2,126.0
39,male,165.9,86.9,85.9,endurance,moderate,vegan,8.9,4,3,1716.2,2660.1,3059.4,140.4,410.2,95.2
40,female,172.9,66.6,70.6,muscle_gain,light,vegan,5.6,6,2,1385.8,1905.5,2321.0,146.1,289.0,64.5
22,male,182.4,87.2,87.2,maintenance,sedentary,non_vegetarian,8.7,1,5,1906.4,2287.7,2307.6,164.5,250.8,71.8
43,female,159.2,61.8,61.8,maintenance,active,keto,8.6,7,5,1236.7,2133.4,2139.5,133.7,26.7,166.4
19,male,177.8,53.9,61.4,muscle_gain,light,keto,6.7,2,2,1560.7,2146.0,2574.4,160.9,32.2,200.2
30,male,171.8,66.3,66.9,endurance,active,vegetarian,6.6,9,1,1592.1,2746.4,2925.7,118.1,408.6,91.0
36,male,180.4,68.1,68.1,maintenance,moderate,vegan,6.7,7,1,1633.6,2532.1,2467.8,120.9,323.3,76.8
36,male,170.2,78.8,72.0,weight_loss,sedentary,vegetarian,7.5,2,2,1677.3,2012.7,1518.3,179.6,105.0,42.2
33,female,169.0,48.8,47.8,endurance,moderate,keto,7.4,9,6,1218.7,1889.1,1969.3,123.1,24.6,153.2
24,female,175.6,88.3,94.0,muscle_gain,light,keto,5.7,1,5,1699.2,2336.4,2834.0,177.1,35.4,220.4
28,female,150.5,40.0,40.0,maintenance,active,vegan,8.1,8,6,998.6,1722.6,1690.9,64.3,240.1,52.6
28,male,186.4,90.1,81.2,weight_loss,very_active,vegetarian,7.5,2,4,1931.5,3669.9,3191.5,197.0,401.3,88.7
21,female,156.3,67.0,57.1,weight_loss,sedentary,keto,8.0,9,2,1381.2,1657.5,1200.0,75.0,15.0,93.3
33,female,155.8,71.8,81.7,muscle_gain,light,vegan,6.4,7,3,1365.6,1877.7,2256.1,149.6,273.3,62.7
19,female,157.5,72.3,67.9,weight_loss,very_active,non_vegetarian,7.3,6,3,1451.1,2757.0,2241.1,157.1,263.0,62.3
45,female,166.5,58.2,62.4,muscle_gain,light,vegetarian,6.2,8,6,1236.3,1699.9,2049.3,133.8,250.5,56.9
30,male,170.2,65.2,62.2,weight_loss,moderate,vegan,6.3,1,1,1570.8,2434.8,1975.5,134.5,235.9,54.9
38,male,180.8,99.2,100.2,endurance,light,vegan,7.1,10,1,1937.3,2663.8,2817.3,188.3,318.9,87.6
46,male,168.8,63.8,59.3,weight_loss,very_active,vegetarian,8.3,1,5,1468.2,2789.5,2168.7,129.9,276.8,60.2
25,male,172.0,85.4,86.7,endurance,very_active,non_vegetarian,7.2,8,6,1808.4,3436.0,3662.6,140.2,519.2,113.9
18,female,160.3,59.5,50.0,weight_loss,active,vegetarian,6.6,2,5,1346.0,2321.8,1724.8,132.1,191.3,47.9
20,female,157.6,81.2,80.2,endurance,moderate,keto,5.7,10,5,1536.1,2380.9,2595.7,162.2,32.4,201.9
36,female,152.5,78.3,82.1,muscle_gain,light,keto,5.8,4,4,1395.5,1918.8,2357.4,147.3,29.5,183.4
18,male,170.4,84.9,78.1,weight_loss,very_active,vegetarian,7.4,6,6,1829.1,3475.4,3032.9,186.7,382.1,84.2
23,female,160.9,56.8,56.8,maintenance,very_active,non_vegetarian,8.9,5,2,1297.7,2465.6,2473.8,103.8,341.4,77.0
41,male,169.8,92.0,95.5,muscle_gain,moderate,vegetarian,8.2,5,4,1781.6,2761.4,3038.5,189.6,380.1,84.4
21,female,168.7,75.1,67.6,weight_loss,active,vegan,7.6,5,5,1539.2,2655.1,2210.2,163.1,251.3,61.4
18,female,159.7,73.9,72.5,endurance,active,keto,5.7,1,5,1486.1,2563.6,2767.0,172.9,34.6,215.2
19,male,179.7,68.0,68.0,maintenance,sedentary,non_vegetarian,7.4,2,6,1712.8,2055.4,2166.1,123.2,266.7,67.4
45,male,180.8,97.1,104.3,muscle_gain,light,keto,8.2,1,2,1880.7,2586.0,2941.7,183.9,36.8,228.8
37,female,173.3,66.9,73.4,muscle_gain,sedentary,vegan,6.4,6,2,1406.9,1688.2,2022.6,135.2,244.0,56.2
18,female,162.4,73.9,79.8,muscle_gain,moderate,non_vegetarian,8.8,6,4,1502.9,2329.5,2755.5,151.3,365.5,76.5
35,male,171.7,50.3,45.4,weight_loss,moderate,vegetarian,8.2,3,5,1406.2,2179.6,1654.6,102.0,208.1,46.0
26,female,160.8,71.4,60.2,weight_loss,very_active,vegetarian,7.7,6,3,1428.3,2713.7,2345.6,162.9,276.8,65.2
31,male,174.3,74.4,74.4,maintenance,active,vegetarian,5.7,10,2,1682.9,2903.0,2913.8,138.8,385.6,90.7
21,male,177.0,84.3,76.4,weight_loss,moderate,keto,5.7,3,5,1849.1,2866.1,2381.0,148.8,29.8,185.2
34,male,179.5,53.2,56.4,muscle_gain,active,vegetarian,8.1,3,2,1488.6,2567.9,2973.6,117.9,439.6,82.6
23,male,167.2,62.5,60.9,endurance,sedentary,vegan,8.7,9,6,1560.6,1872.7,2099.7,100.6,277.4,65.3
27,female,151.2,69.7,61.5,weight_loss,active,keto,6.6,5,3,1346.5,2322.8,1744.0,109.0,21.8,135.6
31,female,164.7,74.6,60.9,weight_loss,moderate,non_vegetarian,7.0,4,6,1459.5,2262.2,1856.3,171.1,176.9,51.6
18,female,162.6,60.7,61.2,endurance,sedentary,vegetarian,5.5,8,6,1372.3,1646.8,1870.8,103.2,233.5,58.2
32,male,173.2,71.8,71.8,maintenance,active,non_vegetarian,6.7,7,1,1645.6,2838.7,2743.7,120.5,373.3,85.4
39,female,166.2,75.0,73.7,endurance,very_active,non_vegetarian,5.9,3,4,1433.0,2722.6,2895.4,127.2,393.9,90.1
23,male,167.4,83.0,83.0,endurance,active,vegetarian,8.0,7,3,1766.3,3046.9,3145.6,153.9,412.2,97.9
48,female,153.8,67.3,77.2,muscle_gain,light,vegan,7.7,8,4,1233.4,1695.9,2142.1,153.9,247.8,59.5
35,female,164.2,52.4,52.4,maintenance,very_active,vegan,8.4,3,5,1214.2,2307.0,2211.4,91.3,306.8,68.8
37,male,188.0,71.9,75.2,muscle_gain,moderate,vegetarian,5.9,9,3,1713.9,2656.5,2903.8,164.8,379.6,80.7
18,female,156.1,62.6,62.6,maintenance,light,non_vegetarian,8.5,4,3,1351.2,1857.9,1947.0,104.6,245.8,60.6
36,male,178.4,72.4,72.4,maintenance,active,keto,7.4,2,2,1664.2,2870.8,2820.6,176.3,35.3,219.4
44,male,177.6,48.6,48.6,maintenance,active,vegan,8.1,3,3,1380.7,2381.7,2333.5,86.6,333.4,72.6
21,female,159.2,70.8,78.4,muscle_gain,sedentary,keto,6.5,5,6,1436.4,1723.7,2067.0,129.2,25.8,160.8
29,male,186.5,68.2,55.9,weight_loss,sedentary,keto,7.4,2,5,1708.2,2049.8,1636.5,102.3,20.5,127.3
23,male,176.7,74.1,75.5,endurance,light,vegetarian,6.6,6,6,1735.1,2385.8,2595.3,128.1,339.1,80.7
34,female,166.0,55.0,62.1,muscle_gain,sedentary,vegan,5.6,7,4,1256.4,1507.6,1795.0,116.9,219.6,49.9
55,female,159.6,72.4,59.6,weight_loss,moderate,vegetarian,6.1,3,3,1285.5,1992.5,1420.5,166.4,99.8,39.5
27,female,162.1,69.7,78.3,muscle_gain,moderate,vegetarian,8.5,2,6,1413.9,2191.6,2334.0,143.3,294.4,64.8
31,female,155.0,67.9,64.8,weight_loss,moderate,keto,8.8,8,2,1331.4,2063.6,1515.0,94.7,18.9,117.8
21,male,173.8,63.3,62.1,endurance,sedentary,vegetarian,7.9,2,5,1619.0,1942.8,2112.2,102.5,277.7,65.7
18,female,150.2,76.2,63.5,weight_loss,sedentary,vegetarian,5.5,5,4,1449.7,1739.6,1200.0,153.1,72.0,33.3
28,male,182.0,69.4,77.6,muscle_gain,sedentary,keto,7.6,8,6,1696.6,2035.9,2326.8,145.4,29.1,181.0
32,female,170.8,50.0,36.4,weight_loss,sedentary,keto,6.0,6,6,1246.3,1495.6,1200.0,75.0,15.0,93.3
18,male,172.9,78.5,78.5,maintenance,sedentary,vegan,7.7,9,3,1780.1,2136.2,2081.4,145.5,229.1,64.8
25,female,153.1,64.9,59.4,weight_loss,sedentary,vegetarian,6.3,9,2,1320.4,1584.5,1200.0,138.3,86.8,33.3
19,male,171.0,85.0,75.3,weight_loss,active,non_vegetarian,8.4,9,6,1829.2,3155.4,2752.0,187.2,328.9,76.4
18,male,174.6,82.0,82.4,endurance,light,keto,5.7,4,4,1826.2,2511.0,2702.7,168.9,33.8,210.2
18,male,180.0,99.3,97.4,endurance,sedentary,keto,7.9,2,5,2032.8,2439.3,2648.6,165.5,33.1,206.0
19,female,159.4,85.2,92.9,muscle_gain,light,non_vegetarian,7.6,7,3,1592.7,2189.9,2609.3,192.9,296.3,72.5
36,female,165.5,56.1,56.0,endurance,sedentary,non_vegetarian,5.6,7,5,1254.0,1504.8,1694.5,103.9,201.2,52.7
29,male,180.4,99.1,89.5,weight_loss,light,vegan,8.0,6,3,1978.7,2720.8,2295.3,218.2,212.1,63.8
18,female,164.6,72.8,62.0,weight_loss,sedentary,non_vegetarian,6.5,3,2,1506.0,1807.2,1331.4,160.2,89.4,37.0
23,female,183.4,48.7,54.4,muscle_gain,light,vegetarian,9.0,10,6,1357.0,1865.9,2143.9,98.0,303.9,59.6
32,female,177.8,54.0,54.0,maintenance,active,vegan,7.2,7,4,1330.0,2294.3,2276.0,92.9,316.8,70.8
40,female,162.9,60.0,54.0,weight_loss,active,vegetarian,8.7,6,6,1256.8,2168.0,1696.3,135.3,182.8,47.1
32,male,184.2,96.1,84.3,weight_loss,moderate,vegetarian,8.6,3,4,1957.3,3033.9,2557.2,216.4,263.1,71.0
32,male,177.7,84.8,79.2,weight_loss,active,vegetarian,8.9,9,3,1804.2,3112.2,2616.5,178.9,311.6,72.7
29,male,185.6,99.2,99.2,maintenance,light,vegetarian,8.5,10,2,2012.1,2766.6,2641.5,177.2,298.2,82.2
30,female,158.2,60.3,60.3,maintenance,very_active,vegetarian,5.5,2,6,1280.3,2432.6,2462.0,100.5,342.6,76.6
36,female,162.2,41.0,27.7,weight_loss,sedentary,vegan,5.9,2,4,1083.2,1299.9,1200.0,82.6,142.5,33.3
38,female,143.8,78.2,78.2,maintenance,very_active,keto,7.9,7,6,1330.3,2527.7,2567.2,160.4,32.1,199.7
43,male,174.4,49.1,53.7,muscle_gain,very_active,vegan,5.8,6,1,1371.5,2605.8,2994.0,106.3,455.0,83.2
42,male,183.4,68.7,68.7,maintenance,active,keto,6.4,3,4,1628.5,2809.1,2816.4,176.0,35.2,219.1
24,female,157.3,75.5,69.5,weight_loss,moderate,keto,6.7,2,2,1456.6,2257.7,1694.5,105.9,21.2,131.8
21,male,167.2,57.1,58.3,endurance,active,vegan,7.6,10,4,1516.2,2615.4,2827.7,93.7,415.2,88.0
41,male,174.5,56.9,56.9,maintenance,moderate,vegan,8.5,1,6,1460.0,2262.9,2319.9,93.7,323.8,72.2
46,female,158.5,58.3,61.4,muscle_gain,light,keto,6.5,5,4,1182.1,1625.3,2005.9,125.4,25.1,156.0
46,female,159.4,48.0,48.0,maintenance,active,keto,7.1,1,3,1085.1,1871.8,1907.3,119.2,23.8,148.3
37,male,176.0,70.2,70.0,endurance,sedentary,vegetarian,7.3,2,3,1622.2,1946.6,2210.6,113.6,284.2,68.8
35,female,157.6,64.6,64.6,maintenance,active,non_vegetarian,8.0,4,1,1295.0,2233.9,2143.3,112.7,273.1,66.7
36,female,161.2,58.8,58.8,maintenance,moderate,non_vegetarian,8.2,8,3,1254.0,1943.7,1941.8,103.4,246.1,60.4
30,male,183.2,86.3,86.3,maintenance,very_active,vegan,7.9,7,1,1862.5,3538.7,3522.1,156.3,477.6,109.6
37,male,179.2,72.0,80.4,muscle_gain,moderate,vegan,7.3,3,4,1660.3,2573.5,2912.5,152.5,393.6,80.9
28,male,180.0,72.9,72.9,maintenance,sedentary,keto,7.0,5,2,1718.9,2062.7,2038.5,127.4,25.5,158.5
49,male,183.5,67.4,66.0,endurance,active,non_vegetarian,8.5,4,3,1580.5,2726.4,2976.5,127.0,408.8,92.6
31,male,179.1,79.9,80.7,endurance,active,keto,6.8,3,2,1768.8,3051.2,3367.2,210.4,42.1,261.9
33,female,162.6,76.5,76.1,endurance,very_active,vegetarian,5.6,5,5,1455.1,2764.7,2985.4,137.8,399.5,92.9
31,female,165.2,62.9,70.8,muscle_gain,light,vegetarian,8.2,5,1,1345.3,1849.7,2200.3,140.5,272.1,61.1
24,female,157.7,52.0,43.3,weight_loss,very_active,non_vegetarian,8.1,6,5,1225.1,2327.6,1751.3,113.0,215.5,48.6
21,female,161.8,65.2,64.5,endurance,moderate,vegetarian,8.1,7,4,1397.5,2166.1,2346.9,117.7,304.8,73.0
18,male,188.6,93.2,93.2,endurance,very_active,keto,6.7,5,2,2025.8,3849.1,4103.2,256.4,51.3,319.1
49,female,156.2,86.7,80.8,weight_loss,very_active,vegetarian,6.4,3,4,1436.5,2729.4,2164.8,193.7,212.3,60.1
32,male,165.8,78.2,79.1,endurance,light,keto,6.1,3,2,1663.4,2287.1,2515.9,157.2,31.4,195.7
28,male,181.7,79.4,80.4,endurance,sedentary,vegetarian,8.4,8,4,1794.6,2153.5,2316.6,147.0,269.9,72.1
24,male,182.5,68.8,67.5,endurance,sedentary,keto,8.2,3,5,1714.0,2056.8,2318.8,144.9,29.0,180.4
42,female,151.3,77.6,64.6,weight_loss,moderate,vegan,7.4,1,3,1350.7,2093.6,1692.1,164.6,152.7,47.0
32,male,180.8,92.5,87.0,weight_loss,active,vegetarian,6.1,1,2,1900.1,3277.7,2754.8,208.8,307.8,76.5
31,female,153.8,65.7,60.5,weight_loss,sedentary,vegan,7.2,2,1,1301.9,1562.3,1200.0,139.2,85.9,33.3
35,female,170.5,54.7,46.1,weight_loss,sedentary,keto,8.6,1,2,1276.4,1531.7,1200.0,75.0,15.0,93.3
48,male,174.8,80.8,82.3,endurance,light,keto,5.6,6,6,1665.5,2290.0,2485.0,155.3,31.1,193.3
21,male,189.0,70.6,65.1,weight_loss,moderate,non_vegetarian,7.1,5,3,1787.3,2770.3,2193.5,150.0,261.4,60.9
25,female,149.0,56.2,60.3,muscle_gain,sedentary,keto,6.5,8,4,1207.0,1448.4,1746.2,109.1,21.8,135.8
36,male,170.6,90.4,75.9,weight_loss,very_active,non_vegetarian,6.9,6,3,1795.6,3411.7,3033.8,181.7,387.1,84.3
37,male,174.3,80.0,83.8,muscle_gain,moderate,vegan,8.1,4,2,1709.0,2648.9,2861.7,174.5,362.0,79.5
28,female,157.0,72.3,79.1,muscle_gain,active,non_vegetarian,8.6,2,4,1403.4,2420.9,2984.8,146.5,413.2,82.9
34,male,160.1,72.9,72.9,maintenance,sedentary,vegan,7.5,7,1,1564.9,1877.8,1884.7,138.0,201.3,58.6
30,male,170.2,81.4,81.0,endurance,active,keto,6.7,3,4,1732.8,2989.1,3070.2,191.9,38.4,238.8
20,male,181.2,63.8,63.8,maintenance,moderate,non_vegetarian,6.4,10,3,1675.1,2596.4,2638.3,113.3,361.6,82.1
18,male,190.1,67.2,66.4,endurance,sedentary,keto,5.5,8,3,1774.8,2129.8,2314.2,144.6,28.9,180.0
33,female,159.0,65.7,56.2,weight_loss,light,vegetarian,8.7,10,2,1325.2,1822.2,1345.0,144.5,107.6,37.4
39,male,182.3,75.6,84.9,muscle_gain,light,vegetarian,8.8,4,5,1705.5,2345.1,2683.2,168.8,334.4,74.5
53,male,183.6,65.1,65.1,maintenance,moderate,vegetarian,6.1,3,3,1538.4,2384.6,2391.7,115.6,314.9,74.4
26,male,174.9,60.8,63.8,muscle_gain,light,non_vegetarian,6.8,1,2,1576.1,2167.1,2486.0,124.7,341.3,69.1
48,female,167.1,40.0,40.0,maintenance,moderate,vegetarian,8.6,4,3,984.1,1525.4,1581.1,65.4,219.2,49.2
40,female,160.5,72.6,72.6,maintenance,sedentary,non_vegetarian,7.5,9,5,1368.1,1641.7,1599.4,134.8,153.0,49.8
25,female,173.5,60.7,69.0,muscle_gain,very_active,non_vegetarian,8.6,5,2,1405.7,2670.8,2851.4,125.9,408.8,79.2
29,female,162.4,78.4,82.3,muscle_gain,very_active,keto,8.3,1,3,1493.1,2836.9,3188.3,199.3,39.9,248.0
25,male,184.4,79.7,67.7,weight_loss,light,vegan,8.6,1,4,1829.2,2515.1,1969.8,161.6,207.8,54.7
41,female,164.4,64.0,65.8,endurance,moderate,non_vegetarian,6.3,8,4,1301.6,2017.4,2229.3,104.7,296.5,69.4
19,male,171.8,78.1,71.4,weight_loss,active,keto,6.8,3,1,1764.1,3043.1,2528.3,158.0,31.6,196.6
42,male,177.7,90.0,90.6,endurance,light,vegan,8.7,6,5,1805.6,2482.6,2683.4,159.3,323.7,83.5
40,male,179.2,78.2,84.3,muscle_gain,light,keto,8.0,2,4,1706.8,2346.8,2695.7,168.5,33.7,209.7
20,female,166.5,63.5,73.1,muscle_gain,active,non_vegetarian,6.5,6,2,1415.1,2441.1,2749.0,143.3,372.1,76.4
41,female,154.2,58.9,58.9,maintenance,active,vegetarian,6.0,1,5,1187.4,2048.2,2111.3,110.1,269.9,65.7
33,female,162.7,67.0,63.7,weight_loss,active,non_vegetarian,6.1,9,3,1360.8,2347.3,1857.3,145.5,202.7,51.6
18,female,160.6,83.4,87.7,muscle_gain,moderate,vegetarian,5.7,4,3,1586.5,2459.0,2753.4,184.4,331.8,76.5
26,female,159.2,63.0,56.7,weight_loss,moderate,vegetarian,6.0,10,6,1333.6,2067.1,1539.7,139.6,149.0,42.8
34,male,177.6,88.8,88.8,maintenance,light,vegetarian,7.0,10,4,1833.2,2520.6,2441.1,155.9,283.6,75.9
26,male,174.2,84.4,84.4,maintenance,active,non_vegetarian,8.1,3,2,1807.5,3117.9,3043.7,144.5,403.3,94.7
39,male,185.5,64.2,72.1,muscle_gain,moderate,vegan,5.9,3,6,1610.9,2496.9,2804.9,138.8,387.1,77.9
24,male,197.1,72.0,72.0,maintenance,very_active,keto,7.2,7,4,1836.4,3489.2,3664.8,229.1,45.8,285.0
18,female,156.1,55.8,64.1,muscle_gain,light,non_vegetarian,9.0,7,3,1282.1,1762.8,2059.2,121.5,264.6,57.2
27,male,170.3,66.5,66.5,maintenance,very_active,vegetarian,7.1,9,6,1599.9,3039.7,3145.4,109.7,456.4,97.9
42,female,169.6,70.3,71.8,endurance,moderate,vegetarian,7.3,6,6,1392.2,2157.9,2364.4,119.5,306.0,73.6
25,male,168.4,83.1,91.1,muscle_gain,moderate,keto,7.2,7,2,1763.2,2732.9,2974.4,185.9,37.2,231.3
20,male,185.2,104.6,104.6,maintenance,active,keto,5.9,10,2,2108.7,3637.6,3680.5,230.0,46.0,286.3
41,female,161.3,47.9,47.9,maintenance,light,vegan,5.8,10,4,1121.5,1542.0,1570.3,87.2,195.4,48.9
35,male,176.6,74.6,83.7,muscle_gain,light,non_vegetarian,5.9,3,3,1679.7,2309.5,2736.3,149.4,363.7,76.0
20,female,157.6,51.9,56.1,muscle_gain,moderate,keto,6.9,10,3,1242.9,1926.5,2282.3,142.6,28.5,177.5
19,male,170.5,68.1,55.6,weight_loss,sedentary,non_vegetarian,6.5,5,5,1657.0,1988.4,1476.7,141.2,135.7,41.0
18,male,176.7,95.5,87.8,weight_loss,sedentary,keto,8.4,8,1,1974.0,2368.8,1876.4,117.3,23.5,145.9
45,male,186.7,88.9,87.9,endurance,active,vegetarian,6.7,1,5,1835.6,3166.4,3373.9,164.4,442.8,105.0
30,female,168.3,59.3,57.6,endurance,light,non_vegetarian,7.8,1,6,1334.2,1834.5,1919.6,109.8,235.8,59.7
34,male,167.0,64.5,54.6,weight_loss,sedentary,vegetarian,8.2,9,5,1523.7,1828.5,1328.5,133.8,115.3,36.9
29,male,164.7,80.3,89.2,muscle_gain,light,vegan,8.8,4,4,1692.6,2327.3,2754.9,162.9,353.7,76.5
18,male,186.2,56.2,42.0,weight_loss,active,vegetarian,7.2,1,3,1640.2,2829.3,2477.3,114.8,349.7,68.8
25,female,164.0,41.3,41.3,maintenance,active,vegetarian,8.1,1,4,1152.1,1987.3,1983.6,77.5,279.6,61.7
32,female,162.4,57.2,61.7,muscle_gain,active,vegan,8.8,1,1,1266.4,2184.6,2462.6,123.4,338.4,68.4
41,female,163.2,82.5,86.9,muscle_gain,active,non_vegetarian,7.1,7,6,1479.0,2551.3,2855.4,175.5,359.9,79.3
25,male,182.5,55.3,65.2,muscle_gain,sedentary,non_vegetarian,8.3,2,1,1573.6,1888.3,2156.8,125.3,279.1,59.9
40,female,154.8,42.2,42.2,maintenance,sedentary,keto,6.5,4,6,1028.2,1233.8,1303.0,81.4,16.3,101.3
18,male,177.5,79.0,80.6,endurance,moderate,vegan,8.7,4,4,1813.9,2811.5,2757.6,133.2,363.2,85.8
27,male,179.6,83.0,83.1,endurance,active,keto,7.2,7,1,1822.0,3143.0,3433.6,214.6,42.9,267.1
26,female,168.0,55.7,60.0,muscle_gain,moderate,vegan,8.4,7,1,1316.2,2040.1,2289.0,127.7,301.5,63.6
18,female,152.8,76.1,76.1,maintenance,moderate,vegetarian,7.0,2,4,1464.9,2270.6,2167.5,133.4,256.8,67.4
32,male,173.9,76.6,79.9,muscle_gain,moderate,non_vegetarian,7.5,8,3,1697.3,2630.9,3102.8,157.1,424.6,86.2
25,female,167.3,64.5,64.5,maintenance,sedentary,keto,6.1,5,3,1404.0,1684.8,1677.1,104.8,21.0,130.4
52,female,152.9,79.5,79.5,maintenance,light,keto,7.5,8,5,1329.4,1827.9,1863.9,116.5,23.3,145.0
25,male,189.0,52.1,60.5,muscle_gain,moderate,vegan,6.3,3,4,1582.7,2453.2,2759.4,110.0,407.3,76.7
18,male,179.3,62.4,62.4,maintenance,active,non_vegetarian,7.0,5,1,1659.8,2863.1,2900.3,103.5,418.6,90.2
28,male,172.2,83.4,77.7,weight_loss,very_active,vegan,7.7,6,4,1775.4,3373.3,2850.2,188.7,345.6,79.2
19,female,182.6,58.2,66.3,muscle_gain,sedentary,keto,6.3,10,5,1466.9,1760.2,1969.8,123.1,24.6,153.2
21,male,165.9,89.6,80.9,weight_loss,very_active,non_vegetarian,7.9,1,3,1832.3,3481.4,3010.1,181.3,383.1,83.6
33,female,160.4,60.6,59.5,endurance,sedentary,vegan,8.7,5,3,1283.0,1539.6,1720.3,106.1,203.6,53.5
29,male,182.7,82.7,83.6,endurance,sedentary,keto,5.8,8,6,1828.8,2194.6,2430.5,151.9,30.4,189.0
34,female,169.2,67.5,68.9,endurance,moderate,keto,6.0,7,2,1401.0,2171.6,2397.1,149.8,30.0,186.4
41,female,158.3,53.7,40.1,weight_loss,moderate,vegan,6.8,9,6,1161.0,1799.5,1253.3,108.8,126.2,34.8
31,male,161.2,84.5,75.8,weight_loss,light,keto,7.9,10,1,1702.0,2340.3,1834.2,114.6,22.9,142.7
41,male,170.6,75.2,75.2,maintenance,moderate,vegetarian,7.8,9,4,1617.9,2507.8,2592.2,136.1,330.6,80.6
43,male,170.6,80.5,80.5,maintenance,light,vegan,8.6,1,3,1661.4,2284.5,2304.7,138.7,276.1,71.7
33,male,173.9,95.9,100.8,muscle_gain,light,keto,7.0,9,2,1886.3,2593.6,2776.7,173.5,34.7,216.0
25,male,179.6,84.4,73.7,weight_loss,active,keto,7.8,1,4,1846.4,3185.1,2794.0,174.6,34.9,217.3
41,female,161.0,79.6,74.4,weight_loss,very_active,non_vegetarian,6.9,8,5,1436.2,2728.9,2181.1,163.6,245.3,60.6
39,female,175.7,78.6,66.3,weight_loss,very_active,vegetarian,7.8,7,3,1527.8,2902.7,2410.4,167.9,284.0,67.0
26,male,163.8,82.3,82.3,maintenance,very_active,vegetarian,8.1,10,4,1722.0,3271.9,3162.4,141.2,428.0,98.4
22,male,166.5,71.6,71.6,maintenance,light,keto,9.0,1,6,1651.0,2270.1,2268.2,141.8,28.4,176.4
32,female,158.8,76.8,76.8,maintenance,sedentary,vegan,6.0,2,6,1439.8,1727.8,1717.0,136.0,173.1,53.4
22,female,164.6,87.6,75.4,weight_loss,moderate,keto,8.2,9,4,1633.3,2531.6,2052.0,128.2,25.7,159.6
26,female,152.3,61.4,55.9,weight_loss,active,keto,8.4,2,4,1274.6,2198.7,1710.6,106.9,21.4,133.0
26,male,162.7,66.1,51.8,weight_loss,active,non_vegetarian,6.1,9,5,1552.7,2678.3,2273.4,143.7,282.5,63.2
44,male,168.9,87.4,94.3,muscle_gain,active,vegetarian,6.6,4,2,1714.9,2958.1,3191.2,185.8,412.6,88.6
44,female,164.7,75.4,66.0,weight_loss,active,vegetarian,6.6,5,2,1402.4,2419.2,1820.5,169.4,171.9,50.6
36,female,162.9,74.2,74.2,maintenance,light,vegetarian,7.9,9,6,1419.6,1952.0,2005.6,123.3,237.7,62.4
30,male,171.2,88.9,82.3,weight_loss,light,vegan,7.6,1,1,1814.1,2494.4,1990.8,204.2,169.1,55.3
21,female,156.6,46.3,46.3,maintenance,very_active,keto,7.1,7,5,1175.2,2232.9,2198.8,137.4,27.5,171.0
41,male,177.4,70.6,57.8,weight_loss,very_active,vegan,5.5,5,5,1614.7,3068.0,2630.0,150.5,342.5,73.1
21,male,176.8,75.5,75.5,maintenance,light,vegan,6.4,1,6,1759.6,2419.5,2476.0,135.7,310.1,77.0
18,male,169.2,55.1,47.1,weight_loss,active,vegetarian,8.7,7,6,1523.1,2627.4,2110.8,118.5,277.4,58.6
42,female,159.5,57.9,57.9,maintenance,light,vegetarian,7.8,10,1,1204.4,1656.0,1699.3,98.6,207.2,52.9
40,male,175.3,87.6,89.2,endurance,moderate,non_vegetarian,5.8,1,2,1776.4,2753.5,2858.0,157.3,357.2,88.9
43,female,178.0,70.3,66.6,weight_loss,sedentary,keto,7.6,3,4,1439.3,1727.2,1200.0,75.0,15.0,93.3
24,female,167.3,58.9,53.5,weight_loss,active,vegetarian,7.4,9,6,1354.0,2335.6,1905.7,126.9,230.5,52.9
35,male,170.3,78.5,77.1,endurance,light,keto,6.1,7,5,1679.2,2308.9,2441.6,152.6,30.5,189.9
28,male,171.6,94.4,94.4,maintenance,moderate,vegan,5.6,1,4,1881.7,2916.7,3101.8,172.3,386.0,96.5
18,male,160.6,74.6,74.6,maintenance,very_active,non_vegetarian,7.1,5,1,1664.5,3162.6,3018.5,133.7,409.6,93.9
30,male,182.0,98.9,98.6,endurance,very_active,vegetarian,5.9,10,4,1981.6,3765.1,3989.0,175.8,542.2,124.1
28,male,160.2,78.4,84.1,muscle_gain,active,keto,5.6,1,5,1649.7,2845.8,3202.6,200.2,40.0,249.1
36,male,170.3,71.9,63.4,weight_loss,light,vegetarian,8.3,7,2,1608.7,2211.9,1636.0,157.5,149.4,45.4
18,female,155.2,45.2,45.2,maintenance,moderate,non_vegetarian,7.6,3,6,1170.8,1814.8,1833.1,76.7,253.3,57.0
24,female,159.2,52.2,52.2,maintenance,very_active,keto,8.6,2,2,1236.1,2348.5,2120.8,132.6,26.5,165.0
45,male,168.0,72.2,72.2,maintenance,light,vegan,8.6,4,4,1552.2,2134.3,2041.2,119.0,248.4,63.5
39,male,177.1,66.4,57.9,weight_loss,light,non_vegetarian,6.1,5,5,1581.5,2174.5,1654.8,137.8,172.4,46.0
46,female,162.5,61.8,62.2,endurance,sedentary,non_vegetarian,7.1,3,3,1242.7,1491.3,1643.5,110.9,185.0,51.1
18,male,174.7,82.6,84.0,endurance,moderate,non_vegetarian,6.6,6,3,1832.6,2840.5,3140.8,154.2,411.2,97.7
18,male,167.0,69.9,70.7,endurance,moderate,vegetarian,8.3,5,6,1657.4,2569.0,2768.7,128.9,369.5,86.1
28,male,175.0,83.7,92.6,muscle_gain,active,vegan,7.4,2,3,1796.0,3098.2,3354.7,190.0,439.0,93.2
39,female,166.0,60.2,59.3,endurance,light,vegan,6.9,4,2,1283.3,1764.6,2058.9,109.2,261.3,64.1
45,male,183.5,40.0,39.6,endurance,sedentary,keto,7.1,10,5,1284.0,1540.9,1823.3,114.0,22.8,141.8
37,female,177.0,78.8,78.8,maintenance,very_active,vegetarian,7.5,10,4,1549.0,2943.1,3082.5,129.1,425.8,95.9
38,male,186.8,105.9,110.2,muscle_gain,sedentary,vegan,6.1,7,5,2041.6,2449.9,2818.1,228.5,299.9,78.3
18,male,173.5,83.5,75.7,weight_loss,active,keto,8.9,10,5,1834.2,3164.0,2670.0,166.9,33.4,207.7
18,female,151.6,55.1,60.7,muscle_gain,light,vegan,8.7,10,6,1247.5,1715.2,2115.3,126.5,270.0,58.8
45,male,183.3,92.8,101.1,muscle_gain,light,vegan,8.5,7,5,1853.9,2549.1,2892.0,206.1,336.2,80.3
18,female,159.8,60.9,60.4,endurance,active,non_vegetarian,5.5,2,2,1356.8,2340.4,2502.6,111.7,338.7,77.9
30,female,166.1,74.2,83.5,muscle_gain,sedentary,vegan,5.8,4,5,1469.4,1763.3,2095.7,166.5,226.5,58.2
18,male,172.1,78.6,70.8,weight_loss,light,non_vegetarian,8.6,5,3,1777.0,2443.3,2014.6,157.9,219.8,56.0
24,male,180.1,82.1,83.5,endurance,active,non_vegetarian,8.8,5,6,1831.2,3158.9,3363.3,149.2,456.3,104.6
39,male,170.7,69.9,64.3,weight_loss,moderate,vegetarian,6.2,10,4,1576.4,2443.5,1942.8,142.3,221.9,54.0
23,female,166.6,55.4,59.3,muscle_gain,very_active,keto,7.6,9,4,1319.4,2506.8,2876.2,179.8,36.0,223.7
28,female,164.5,58.5,59.5,endurance,moderate,non_vegetarian,7.9,5,1,1312.0,2033.6,2210.9,105.3,292.6,68.8
30,female,164.4,63.9,68.5,muscle_gain,sedentary,non_vegetarian,5.6,8,4,1356.1,1627.3,2078.5,143.7,246.1,57.7
20,female,162.6,45.1,35.4,weight_loss,very_active,vegan,5.9,10,5,1206.1,2291.6,1811.6,98.6,241.1,50.3
18,male,173.8,72.8,72.8,maintenance,active,non_vegetarian,5.8,6,2,1729.0,2982.5,3007.7,135.7,405.6,93.6
24,male,171.2,98.1,97.7,endurance,very_active,keto,8.8,7,5,1936.3,3678.9,3912.0,244.5,48.9,304.3
24,female,161.2,83.7,85.1,endurance,light,vegan,6.4,5,4,1564.2,2150.8,2334.2,134.1,286.1,72.6
23,female,158.2,57.4,51.7,weight_loss,light,vegan,6.2,10,3,1286.9,1769.5,1246.8,116.0,117.8,34.6
18,female,155.1,54.0,45.0,weight_loss,sedentary,vegetarian,7.7,2,4,1259.0,1510.9,1200.0,116.0,109.1,33.3
26,female,161.5,79.2,75.2,weight_loss,light,keto,7.5,3,1,1511.1,2077.8,1639.1,102.4,20.5,127.5
27,male,171.0,65.9,65.9,maintenance,very_active,vegetarian,7.3,4,2,1597.4,3035.1,3098.2,117.1,440.5,96.4
27,female,160.3,54.2,42.4,weight_loss,light,vegan,8.5,5,3,1248.2,1716.3,1200.0,121.6,103.5,33.3
33,female,153.8,75.9,75.9,maintenance,very_active,vegetarian,7.2,1,4,1394.6,2649.7,2607.3,139.2,330.1,81.1
28,female,153.6,63.9,73.8,muscle_gain,light,vegan,8.6,8,4,1297.8,1784.4,2113.4,145.5,250.8,58.7
29,female,173.3,66.1,53.7,weight_loss,very_active,vegetarian,8.9,9,3,1438.5,2733.1,2179.8,144.7,263.9,60.6
22,male,180.8,96.2,97.7,endurance,light,non_vegetarian,5.8,6,4,1986.6,2731.5,2956.3,171.0,361.1,92.0
36,male,180.9,97.9,97.9,maintenance,sedentary,vegetarian,6.7,1,3,1934.2,2321.0,2185.2,173.0,220.3,68.0
36,female,169.9,47.9,34.2,weight_loss,sedentary,vegan,6.4,10,4,1200.1,1440.2,1200.0,102.3,122.8,33.3
21,female,157.9,58.2,67.7,muscle_gain,very_active,vegetarian,7.2,8,1,1303.1,2475.8,2846.4,117.2,416.4,79.1
38,male,184.7,66.3,66.3,maintenance,sedentary,non_vegetarian,8.3,5,3,1631.8,1958.1,1908.5,123.8,219.7,59.4
43,female,167.5,65.0,50.2,weight_loss,very_active,vegan,6.4,9,2,1321.0,2509.9,2038.4,149.4,232.9,56.6
29,male,180.2,73.3,62.1,weight_loss,very_active,vegetarian,6.9,3,6,1719.2,3266.4,2788.8,159.5,363.3,77.5
18,male,170.5,68.5,77.9,muscle_gain,very_active,vegan,6.9,5,6,1665.8,3165.1,3475.6,148.2,503.6,96.5
20,male,171.7,56.8,55.4,endurance,very_active,vegetarian,7.6,6,1,1546.3,2938.0,3189.6,96.4,477.8,99.2
29,female,151.1,54.0,54.0,maintenance,active,non_vegetarian,8.0,6,6,1178.0,2032.0,2052.5,100.4,269.0,63.9
24,female,158.1,63.1,72.6,muscle_gain,light,vegetarian,7.1,5,1,1338.3,1840.2,2212.7,137.7,277.1,61.5
18,male,180.4,66.8,66.8,endurance,active,vegetarian,7.5,1,5,1710.5,2950.6,3148.9,126.2,440.5,98.0
29,male,171.8,63.7,54.2,weight_loss,sedentary,vegetarian,7.9,5,2,1570.3,1884.4,1372.5,141.2,116.2,38.1
46,male,165.1,101.7,89.0,weight_loss,light,non_vegetarian,5.8,9,3,1823.8,2507.8,1992.1,215.0,158.6,55.3
30,female,155.4,54.7,42.1,weight_loss,moderate,non_vegetarian,7.8,2,5,1207.7,1871.9,1351.2,113.4,140.0,37.5
19,female,161.5,59.1,46.5,weight_loss,moderate,keto,7.9,3,2,1344.8,2084.4,1672.4,104.5,20.9,130.1
18,male,176.8,81.5,81.5,maintenance,light,keto,7.9,8,4,1834.8,2522.9,2441.9,152.6,30.5,189.9
36,female,160.2,40.0,40.0,maintenance,moderate,vegan,7.9,1,5,1001.2,1551.9,1582.6,69.8,215.1,49.2
18,male,167.6,87.6,95.9,muscle_gain,sedentary,keto,6.5,2,5,1838.9,2206.7,2530.1,158.1,31.6,196.8
39,female,171.5,56.3,62.2,muscle_gain,very_active,vegan,8.3,7,2,1278.3,2428.8,2844.9,126.0,407.5,79.0
22,female,178.6,55.7,63.6,muscle_gain,light,vegan,8.7,6,2,1402.3,1928.2,2348.3,121.0,319.4,65.2
38,male,178.5,68.6,76.8,muscle_gain,active,vegetarian,6.0,8,5,1616.9,2789.2,3124.9,143.4,442.5,86.8
18,female,164.6,68.2,59.0,weight_loss,light,keto,5.7,1,4,1459.5,2006.8,1512.9,94.6,18.9,117.7
18,male,165.9,67.5,61.6,weight_loss,active,keto,8.4,6,1,1627.0,2806.5,2326.7,145.4,29.1,181.0
32,male,174.6,86.9,73.9,weight_loss,active,vegan,7.6,1,2,1805.4,3114.4,2533.9,190.1,285.0,70.4
36,male,179.8,83.3,70.6,weight_loss,light,vegetarian,5.6,6,2,1781.6,2449.7,1939.0,172.5,191.0,53.9
48,male,179.9,64.4,64.4,maintenance,moderate,non_vegetarian,8.2,8,3,1534.1,2377.8,2395.6,116.3,315.0,74.5
37,female,158.9,77.1,77.1,maintenance,light,vegetarian,8.4,7,1,1417.7,1949.4,1971.7,136.6,218.4,61.3
18,male,178.4,72.3,73.8,endurance,sedentary,non_vegetarian,8.7,8,3,1753.1,2103.8,2340.9,125.7,295.7,72.8
39,female,164.4,84.0,84.0,maintenance,moderate,non_vegetarian,6.5,9,5,1511.1,2342.2,2329.7,135.5,283.8,72.5
36,female,168.6,62.8,62.8,maintenance,moderate,non_vegetarian,5.9,1,6,1341.3,2079.0,2127.6,110.2,272.8,66.2
24,male,172.6,59.6,59.7,endurance,moderate,vegan,8.4,5,3,1560.1,2418.2,2637.2,100.4,374.4,82.0
33,female,171.3,73.5,73.9,endurance,light,non_vegetarian,6.0,8,5,1479.3,2034.0,2214.9,132.7,266.0,68.9
18,female,166.0,77.3,69.7,weight_loss,moderate,keto,6.3,7,1,1560.0,2418.0,1961.4,122.6,24.5,152.6
40,female,161.5,58.4,61.6,muscle_gain,moderate,keto,5.5,8,6,1232.5,1910.4,2210.4,138.2,27.6,171.9
29,male,175.4,80.9,79.4,endurance,active,vegetarian,9.0,6,5,1765.0,3044.6,3232.0,138.0,443.6,100.6
28,female,157.6,75.3,60.8,weight_loss,sedentary,vegan,5.7,4,6,1436.8,1724.1,1226.9,166.0,64.0,34.1
28,male,170.0,59.4,58.7,endurance,active,vegetarian,7.3,10,1,1521.2,2624.0,2934.8,96.0,432.3,91.3
35,female,151.6,73.2,78.3,muscle_gain,light,vegan,7.6,5,4,1343.3,1847.0,2257.8,151.0,272.4,62.7
31,female,174.2,66.6,54.8,weight_loss,active,vegan,5.8,6,6,1438.7,2481.7,1897.5,140.5,215.3,52.7
33,female,164.7,56.8,52.3,weight_loss,moderate,keto,8.8,2,6,1271.1,1970.2,1495.5,93.5,18.7,116.3
18,female,169.9,53.5,53.8,endurance,moderate,keto,7.0,7,1,1345.7,2085.9,2218.3,138.6,27.7,172.5
28,male,179.5,80.3,85.1,muscle_gain,moderate,keto,7.8,8,4,1789.6,2773.9,3054.3,190.9,38.2,237.6
24,male,166.9,74.9,74.9,maintenance,active,vegetarian,8.9,8,4,1676.9,2892.6,2985.9,137.2,400.3,92.9
29,male,182.9,98.4,98.4,maintenance,light,vegetarian,5.9,3,2,1986.7,2731.7,2683.6,181.2,301.8,83.5
28,male,193.4,98.2,98.2,maintenance,active,keto,6.3,4,2,2055.8,3546.2,3368.3,210.5,42.1,262.0
33,female,163.0,73.9,80.9,muscle_gain,light,non_vegetarian,6.5,1,2,1431.9,1968.9,2267.1,166.9,258.1,63.0
21,male,170.6,70.0,70.0,maintenance,light,non_vegetarian,8.8,8,4,1666.1,2290.9,2347.0,129.1,293.4,73.0
18,male,171.0,53.0,53.0,maintenance,light,keto,7.2,4,5,1513.4,2080.9,2143.8,134.0,26.8,166.7
42,male,173.4,73.8,81.4,muscle_gain,very_active,vegan,6.3,3,1,1616.9,3072.2,3468.7,148.6,501.7,96.4
44,male,179.3,68.2,68.2,maintenance,sedentary,vegetarian,6.2,3,5,1587.8,1905.3,1812.8,117.8,208.5,56.4
18,female,163.5,56.1,56.1,maintenance,light,non_vegetarian,7.2,2,5,1332.3,1831.9,1842.6,105.9,225.8,57.3
24,male,167.5,61.5,48.7,weight_loss,active,vegan,6.6,5,6,1547.3,2669.1,2270.8,138.9,286.8,63.1
38,female,175.1,70.5,79.9,muscle_gain,active,vegetarian,7.0,10,5,1448.3,2498.2,2811.5,150.4,376.8,78.1
43,male,175.7,81.1,85.0,muscle_gain,very_active,non_vegetarian,8.4,5,2,1699.3,3228.6,3574.0,162.3,507.8,99.3
18,male,188.8,84.9,94.9,muscle_gain,light,keto,8.0,3,2,1944.0,2673.0,3052.9,190.8,38.2,237.4
29,female,164.1,56.8,55.7,endurance,active,keto,8.8,7,6,1288.2,2222.2,2467.0,154.2,30.8,191.9
18,male,177.5,85.9,86.8,endurance,active,vegan,8.3,1,2,1882.9,3248.0,3427.5,138.2,478.8,106.6
33,female,156.1,52.4,39.8,weight_loss,light,keto,6.7,6,2,1173.5,1613.5,1200.0,75.0,15.0,93.3
36,female,149.9,70.3,78.4,muscle_gain,moderate,vegetarian,7.2,5,6,1298.4,2012.5,2324.0,141.4,294.2,64.6
28,male,165.3,66.1,69.2,muscle_gain,active,vegan,7.0,6,5,1558.8,2688.9,3127.0,145.0,441.2,86.9
30,male,172.9,76.4,75.0,endurance,active,keto,7.5,1,4,1699.6,2931.7,3177.7,198.6,39.7,247.2
34,male,175.4,93.3,81.8,weight_loss,sedentary,non_vegetarian,7.3,6,6,1864.3,2237.1,1787.7,191.9,143.2,49.7
34,female,163.4,71.9,71.9,maintenance,active,vegetarian,7.1,6,5,1409.0,2430.6,2453.5,121.1,320.6,76.3
40,female,169.3,51.8,61.7,muscle_gain,sedentary,non_vegetarian,7.5,8,6,1214.9,1457.9,1749.0,114.5,213.4,48.6
22,female,169.8,45.1,41.7,weight_loss,moderate,keto,8.1,6,3,1241.3,1924.0,1440.9,90.1,18.0,112.1
33,male,185.3,80.5,80.5,maintenance,very_active,non_vegetarian,7.0,7,3,1803.4,3426.4,3288.3,132.3,459.6,102.3
20,male,166.5,70.5,80.3,muscle_gain,light,non_vegetarian,6.8,3,1,1650.6,2269.6,2605.2,146.4,342.0,72.4
18,male,187.8,59.4,49.0,weight_loss,sedentary,vegan,6.7,5,1,1683.0,2019.6,1581.0,128.8,167.7,43.9
41,male,183.2,68.3,60.1,weight_loss,light,keto,7.9,3,2,1627.8,2238.2,1756.1,109.8,22.0,136.6
18,male,183.3,77.0,77.0,maintenance,active,vegan,8.6,3,3,1830.2,3157.1,3118.3,127.2,434.1,97.0
18,female,145.7,51.5,49.8,endurance,very_active,keto,7.3,9,5,1174.7,2232.0,2513.2,157.1,31.4,195.5
25,male,174.6,87.2,93.9,muscle_gain,light,keto,7.4,8,1,1843.3,2534.6,3040.8,190.1,38.0,236.5
43,female,156.2,40.7,40.7,maintenance,sedentary,keto,7.3,7,6,1007.1,1208.5,1294.1,80.9,16.2,100.7
52,male,177.5,60.2,66.0,muscle_gain,moderate,vegan,8.9,10,5,1456.6,2257.7,2683.0,128.8,374.3,74.5
28,female,162.2,74.7,74.8,endurance,sedentary,vegan,7.7,10,4,1460.1,1752.2,1971.8,134.9,220.1,61.3
18,male,173.4,87.3,91.4,muscle_gain,sedentary,keto,6.9,2,1,1871.3,2245.6,2635.3,164.7,32.9,205.0
32,male,183.5,72.9,78.6,muscle_gain,active,vegetarian,5.8,6,3,1721.0,2968.8,3336.6,148.7,476.9,92.7
18,female,159.9,73.2,75.0,endurance,very_active,keto,6.7,9,4,1479.7,2811.5,2976.2,186.0,37.2,231.5
25,female,155.7,76.0,76.0,maintenance,moderate,keto,6.7,3,3,1447.6,2243.8,2280.7,142.5,28.5,177.4
38,female,150.9,62.1,60.1,endurance,moderate,vegetarian,7.1,9,4,1213.0,1880.1,2062.6,106.6,264.6,64.2
27,male,171.1,73.2,73.2,maintenance,sedentary,vegan,6.8,5,3,1670.7,2004.9,2056.0,118.7,251.3,64.0
18,male,190.2,84.8,93.8,muscle_gain,light,vegan,8.2,10,5,1951.6,2683.5,3029.6,176.2,391.8,84.2
39,female,152.8,56.0,56.0,maintenance,sedentary,non_vegetarian,8.4,4,5,1159.5,1391.4,1386.3,103.1,146.5,43.1
43,female,162.7,69.4,70.7,endurance,sedentary,non_vegetarian,8.5,2,4,1334.7,1601.7,1769.8,128.1,190.4,55.1
34,male,189.4,91.9,95.2,muscle_gain,active,non_vegetarian,8.3,5,2,1938.2,3343.5,3684.4,201.0,489.9,102.3
36,male,180.6,85.1,83.3,endurance,sedentary,non_vegetarian,8.1,9,5,1804.8,2165.8,2444.7,153.9,286.0,76.1
41,male,175.0,87.0,75.0,weight_loss,very_active,vegan,7.8,1,5,1763.5,3350.7,2817.9,179.5,348.8,78.3
20,female,161.1,63.1,52.9,weight_loss,very_active,keto,8.5,10,4,1376.8,2615.9,2010.5,125.7,25.1,156.4
38,male,153.9,116.0,116.0,maintenance,moderate,non_vegetarian,5.9,6,4,1936.7,3001.9,3137.2,204.9,359.8,97.6
27,female,163.1,67.6,53.6,weight_loss,moderate,vegan,6.7,7,6,1399.5,2169.3,1639.8,144.6,163.0,45.5
31,female,162.0,62.9,62.9,maintenance,very_active,vegetarian,7.2,4,5,1325.1,2517.8,2531.5,111.5,344.1,78.8
18,female,163.3,66.0,61.3,weight_loss,moderate,vegetarian,5.5,10,3,1429.1,2215.1,1721.7,151.5,171.4,47.8
27,female,171.0,59.8,69.6,muscle_gain,sedentary,non_vegetarian,7.4,3,3,1370.1,1644.1,2007.7,125.9,250.5,55.8
42,female,162.4,66.6,53.5,weight_loss,active,non_vegetarian,6.3,10,6,1310.0,2259.8,1754.7,136.3,192.8,48.7
42,female,161.2,79.4,79.5,endurance,active,vegan,7.6,2,6,1430.5,2467.6,2659.3,138.0,340.8,82.7
21,female,167.8,60.3,48.4,weight_loss,very_active,keto,9.0,9,6,1385.9,2633.2,2172.9,135.8,27.2,169.0
18,male,176.0,71.6,80.5,muscle_gain,sedentary,non_vegetarian,7.7,7,6,1730.9,2077.1,2349.7,150.1,290.4,65.3
24,female,159.0,63.4,58.5,weight_loss,very_active,keto,7.8,4,2,1346.9,2559.1,1974.6,123.4,24.7,153.6
33,female,172.6,67.4,55.8,weight_loss,moderate,keto,8.1,3,4,1426.2,2210.7,1752.2,109.5,21.9,136.3
40,female,171.7,86.4,84.8,endurance,moderate,non_vegetarian,6.2,1,4,1576.3,2443.2,2603.6,163.7,304.9,81.0
22,female,168.5,72.5,80.1,muscle_gain,very_active,non_vegetarian,7.9,6,1,1507.0,2863.3,3288.1,159.0,457.6,91.3
48,male,176.1,84.0,83.2,endurance,very_active,non_vegetarian,6.8,6,3,1705.2,3239.9,3338.8,138.1,462.8,103.9
51,female,160.6,60.3,62.0,endurance,very_active,vegetarian,6.3,8,6,1191.0,2263.0,2437.4,113.3,325.5,75.8
23,male,170.2,70.7,76.9,muscle_gain,active,vegetarian,7.5,3,2,1660.2,2863.9,3082.2,152.1,425.8,85.6
22,male,191.6,88.3,86.4,endurance,very_active,vegetarian,8.2,7,3,1975.4,3753.3,4063.1,162.8,568.6,126.4
41,female,175.8,42.7,43.9,endurance,sedentary,vegan,7.5,5,1,1160.4,1392.5,1533.7,80.9,195.2,47.7
21,female,159.7,60.4,59.7,endurance,active,vegan,5.8,9,5,1336.1,2304.8,2471.2,107.4,337.4,76.9
32,male,176.3,67.9,68.0,endurance,light,keto,6.7,2,3,1625.6,2235.2,2276.2,142.3,28.5,177.0
20,female,159.2,61.0,53.6,weight_loss,very_active,vegan,8.2,7,2,1344.1,2553.7,1984.1,140.1,231.9,55.1
25,female,155.1,62.5,69.4,muscle_gain,very_active,vegan,6.2,1,2,1308.2,2485.5,2744.2,133.3,381.3,76.2
21,male,165.5,75.9,74.5,endurance,active,vegetarian,7.9,3,1,1693.1,2920.6,3039.4,135.0,412.0,94.6
39,male,179.2,77.0,77.0,maintenance,sedentary,vegetarian,7.5,9,5,1700.5,2040.6,1991.8,126.8,231.6,62.0
33,female,167.8,65.7,52.9,weight_loss,very_active,non_vegetarian,8.4,1,4,1380.1,2622.2,2224.3,131.9,285.1,61.8
34,female,169.4,65.6,57.1,weight_loss,sedentary,vegetarian,7.2,3,5,1383.7,1660.5,1200.0,133.8,91.3,33.3
22,male,172.3,82.9,81.8,endurance,very_active,non_vegetarian,7.3,7,6,1801.0,3421.9,3659.1,155.2,503.5,113.8
35,female,170.7,46.9,47.8,endurance,sedentary,non_vegetarian,7.2,8,5,1199.9,1439.9,1591.9,75.7,210.9,49.5
32,female,157.9,104.5,110.0,muscle_gain,light,vegan,8.3,8,2,1711.4,2353.2,2745.0,223.0,291.8,76.2
29,male,171.9,71.3,76.6,muscle_gain,light,vegetarian,5.6,6,4,1647.0,2264.6,2617.0,149.9,340.8,72.7
31,male,172.3,74.2,74.2,maintenance,light,vegetarian,7.7,4,5,1668.9,2294.8,2387.3,130.4,299.3,74.3
43,female,164.8,47.9,47.9,maintenance,moderate,vegetarian,8.9,9,2,1132.8,1755.9,1784.2,81.1,240.1,55.5
45,male,187.0,88.3,81.6,weight_loss,moderate,vegetarian,5.7,2,2,1831.3,2838.5,2438.3,189.4,267.9,67.7
30,male,181.0,68.5,68.5,maintenance,sedentary,non_vegetarian,9.0,2,3,1671.1,2005.3,2022.9,117.8,246.4,62.9
43,female,158.9,53.7,40.2,weight_loss,sedentary,keto,7.1,8,5,1153.6,1384.3,1200.0,75.0,15.0,93.3
27,male,181.2,71.7,80.3,muscle_gain,light,vegan,6.8,9,3,1719.0,2363.6,2853.5,156.9,378.1,79.3
18,female,171.8,54.8,52.9,endurance,active,vegan,6.3,7,6,1370.8,2364.7,2426.5,100.2,336.6,75.5
32,female,161.2,50.7,50.7,maintenance,sedentary,vegetarian,8.8,10,3,1193.5,1432.1,1359.9,87.7,157.1,42.3
29,female,169.8,71.0,80.1,muscle_gain,active,non_vegetarian,8.8,6,4,1465.6,2528.2,2883.1,149.6,390.9,80.1
34,male,175.8,58.0,61.7,muscle_gain,active,non_vegetarian,7.5,4,6,1513.5,2610.7,2834.5,122.8,408.8,78.7
27,male,174.7,89.9,95.2,muscle_gain,very_active,vegetarian,8.0,5,6,1861.1,3536.1,3974.4,189.7,555.5,110.4
36,male,173.8,58.7,63.8,muscle_gain,light,non_vegetarian,9.0,6,1,1497.7,2059.3,2439.1,124.0,333.2,67.8
35,female,146.3,54.0,54.0,maintenance,very_active,non_vegetarian,8.3,1,4,1118.1,2124.4,2080.4,95.8,278.7,64.7
31,male,169.6,77.5,77.5,maintenance,moderate,keto,8.5,5,4,1684.5,2611.0,2594.5,162.2,32.4,201.8
28,male,170.3,69.1,59.6,weight_loss,moderate,vegan,8.7,8,3,1619.7,2510.6,1945.4,151.7,213.2,54.0
33,male,180.6,67.2,65.2,endurance,sedentary,keto,5.5,3,2,1640.7,1968.8,2267.7,141.7,28.3,176.4
26,male,188.2,69.0,58.3,weight_loss,active,vegetarian,8.6,2,2,1741.6,3004.3,2352.0,157.5,283.6,65.3
34,female,164.7,64.4,64.4,maintenance,active,keto,7.9,1,6,1342.8,2316.2,2271.6,142.0,28.4,176.7
29,female,159.4,60.4,65.4,muscle_gain,active,keto,8.1,3,5,1294.1,2232.3,2647.5,165.5,33.1,205.9
31,male,180.9,74.8,76.7,endurance,moderate,non_vegetarian,5.6,3,4,1728.0,2678.5,2848.9,137.0,375.9,88.6
18,female,160.4,40.0,28.5,weight_loss,very_active,keto,6.2,9,2,993.0,1886.8,1362.2,85.1,17.0,105.9
29,female,166.9,60.8,59.3,endurance,active,keto,8.1,7,4,1345.2,2320.4,2546.7,159.2,31.8,198.1
18,female,162.6,43.8,28.8,weight_loss,sedentary,non_vegetarian,8.7,5,2,1203.7,1444.5,1200.0,97.4,127.7,33.3
28,male,186.2,83.2,91.0,muscle_gain,light,non_vegetarian,6.4,10,5,1860.8,2558.6,2910.2,190.8,355.0,80.8
29,male,170.3,70.4,55.7,weight_loss,light,keto,7.4,7,4,1628.2,2238.7,1761.0,110.1,22.0,137.0
18,female,167.2,59.3,45.9,weight_loss,sedentary,keto,7.6,6,2,1387.1,1664.5,1200.0,75.0,15.0,93.3
39,female,151.3,57.0,57.0,maintenance,active,vegetarian,5.6,3,2,1159.8,2000.6,1949.2,95.9,255.0,60.6
18,male,167.7,112.2,112.2,maintenance,sedentary,keto,6.6,7,3,2085.1,2502.2,2547.9,159.2,31.8,198.2
49,female,168.8,55.1,55.1,maintenance,light,keto,8.3,2,5,1200.0,1650.0,1631.1,101.9,20.4,126.9
35,female,166.1,57.1,62.8,muscle_gain,active,non_vegetarian,7.5,6,6,1272.6,2195.3,2430.0,115.3,340.3,67.5
62,female,162.0,60.1,60.1,maintenance,moderate,non_vegetarian,7.2,8,4,1142.5,1770.9,1776.9,107.7,212.1,55.3
27,female,163.9,79.4,76.1,weight_loss,moderate,vegetarian,8.9,9,3,1522.6,2360.0,1853.0,180.9,166.5,51.5
18,male,174.7,71.5,74.9,muscle_gain,moderate,vegan,6.2,5,3,1721.9,2668.9,3147.9,158.5,431.8,87.4
41,female,163.8,48.7,47.4,endurance,active,non_vegetarian,6.3,1,3,1144.0,1973.4,2093.5,91.2,285.7,65.1
30,female,165.4,59.5,64.3,muscle_gain,light,vegetarian,6.8,2,3,1317.5,1811.6,2130.4,125.4,274.0,59.2
24,female,162.8,40.0,40.0,maintenance,very_active,non_vegetarian,5.8,5,6,1090.8,2072.5,2004.0,65.8,295.0,62.3
23,female,171.5,54.2,53.1,endurance,very_active,vegan,7.9,5,1,1337.9,2542.0,2756.9,88.9,407.3,85.8
32,female,172.1,79.2,79.2,maintenance,light,keto,7.2,7,4,1546.0,2125.8,2122.1,132.6,26.5,165.1
25,male,170.7,74.6,81.1,muscle_gain,sedentary,vegan,8.0,9,4,1693.1,2031.7,2350.7,150.5,290.2,65.3
35,male,179.4,86.3,76.3,weight_loss,moderate,non_vegetarian,8.8,5,2,1813.9,2811.5,2398.8,181.0,268.9,66.6
48,female,163.9,77.2,75.9,endurance,very_active,keto,5.9,1,4,1395.1,2650.8,2820.7,176.3,35.3,219.4
41,male,184.5,92.1,92.6,endurance,sedentary,vegetarian,7.3,7,3,1874.3,2249.1,2456.0,158.6,283.5,76.4
23,male,164.8,77.4,77.4,maintenance,active,vegetarian,7.4,1,2,1694.7,2923.3,3057.7,133.3,417.1,95.1
26,female,168.5,74.1,79.7,muscle_gain,light,vegetarian,8.0,4,1,1503.4,2067.1,2396.6,154.1,295.2,66.6
43,female,142.6,49.3,44.0,weight_loss,sedentary,non_vegetarian,7.3,6,6,1008.8,1210.5,1200.0,101.3,123.8,33.3
21,female,165.4,67.5,62.5,weight_loss,moderate,non_vegetarian,5.8,3,1,1442.3,2235.5,1756.0,150.0,179.2,48.8
35,female,156.3,49.4,47.8,endurance,active,vegetarian,6.6,10,5,1135.0,1957.9,2183.5,80.2,312.9,67.9
23,male,163.4,91.6,83.5,weight_loss,sedentary,keto,6.4,9,2,1827.5,2193.0,1763.8,110.2,22.0,137.2
45,male,177.5,86.8,90.1,muscle_gain,light,vegan,6.3,10,2,1757.0,2415.8,2879.5,199.4,340.5,80.0
23,male,184.9,81.9,87.5,muscle_gain,sedentary,vegan,5.8,10,1,1864.1,2236.9,2657.8,179.9,318.5,73.8
31,male,186.4,81.1,71.7,weight_loss,light,vegan,7.5,4,2,1826.1,2510.9,1921.4,167.3,192.9,53.4
44,male,168.4,95.5,95.5,maintenance,light,keto,8.8,2,2,1793.1,2465.4,2458.8,153.7,30.7,191.2
41,male,185.1,84.0,89.3,muscle_gain,very_active,vegan,7.9,6,2,1797.0,3414.2,3821.6,189.7,526.8,106.2
34,male,159.9,79.7,79.7,maintenance,light,keto,6.5,5,5,1630.9,2242.5,2167.4,135.5,27.1,168.6
31,female,155.0,49.8,48.9,endurance,sedentary,non_vegetarian,7.0,5,2,1150.6,1380.7,1656.8,87.3,211.0,51.5
40,male,176.0,80.6,80.6,maintenance,light,keto,8.1,8,6,1710.7,2352.2,2334.7,145.9,29.2,181.6
35,male,170.6,91.9,91.9,maintenance,very_active,vegan,7.2,4,3,1815.3,3449.1,3422.9,151.9,464.2,106.5
25,female,163.2,56.9,41.9,weight_loss,moderate,non_vegetarian,6.9,6,5,1302.8,2019.3,1534.3,130.6,157.1,42.6
24,male,179.7,95.0,95.0,maintenance,active,keto,8.9,6,2,1958.7,3378.7,3305.8,206.6,41.3,257.1
28,male,179.7,71.9,70.3,endurance,active,vegan,9.0,4,2,1707.0,2944.7,3188.5,125.2,448.7,99.2
35,female,170.6,56.7,56.7,maintenance,light,vegan,8.2,5,4,1297.4,1784.0,1733.5,105.7,206.4,53.9
26,female,156.2,70.8,70.8,maintenance,light,vegan,7.5,7,2,1393.2,1915.6,1848.8,117.7,215.1,57.5
53,female,172.1,64.2,68.6,muscle_gain,light,vegan,8.1,7,4,1291.0,1775.1,2180.4,145.9,262.9,60.6
18,male,196.2,69.7,69.7,maintenance,sedentary,vegan,6.0,8,6,1838.5,2206.2,2198.3,121.4,274.3,68.4
18,female,166.4,50.7,56.0,muscle_gain,very_active,non_vegetarian,7.8,7,5,1296.3,2462.9,2821.5,104.6,424.4,78.4
24,female,155.5,54.3,54.0,endurance,light,vegetarian,8.1,3,3,1234.1,1696.9,1909.7,88.5,255.3,59.4
18,female,157.8,72.0,77.9,muscle_gain,very_active,vegetarian,6.3,9,1,1454.6,2763.7,3356.8,151.7,477.8,93.2
34,male,168.7,72.9,73.7,endurance,very_active,non_vegetarian,6.4,8,2,1617.7,3073.7,3276.8,118.6,471.3,101.9
26,female,169.3,66.6,72.9,muscle_gain,active,vegetarian,8.4,1,1,1433.4,2472.5,2899.4,136.5,407.2,80.5
26,female,172.3,62.0,62.2,endurance,active,vegetarian,8.1,10,2,1405.8,2424.9,2548.5,101.8,356.9,79.3
51,male,161.4,67.7,73.5,muscle_gain,sedentary,vegan,8.2,8,4,1435.3,1722.4,2033.4,139.4,241.8,56.5
55,male,190.5,98.9,98.9,maintenance,moderate,non_vegetarian,9.0,3,4,1909.5,2959.7,2930.4,180.5,346.9,91.2
54,female,165.6,75.7,75.7,maintenance,active,non_vegetarian,6.2,2,4,1361.1,2348.0,2360.6,141.9,283.1,73.4
29,male,174.0,75.1,75.1,maintenance,sedentary,non_vegetarian,7.5,9,6,1698.1,2037.7,2074.9,129.1,244.3,64.6
33,male,175.7,99.1,87.7,weight_loss,light,keto,6.8,5,5,1929.8,2653.4,1961.8,122.6,24.5,152.6
35,female,168.0,77.8,69.4,weight_loss,very_active,keto,7.9,7,6,1491.8,2834.4,2329.9,145.6,29.1,181.2
32,male,183.9,98.9,106.1,muscle_gain,moderate,non_vegetarian,8.8,2,2,1983.1,3073.7,3392.9,198.8,437.5,94.2
32,female,174.8,40.0,27.7,weight_loss,sedentary,keto,6.4,10,3,1156.3,1387.6,1200.0,75.0,15.0,93.3
44,male,184.7,85.3,79.5,weight_loss,light,non_vegetarian,6.3,7,4,1792.8,2465.1,1938.6,195.5,168.1,53.8
21,male,171.3,99.7,99.7,maintenance,very_active,vegetarian,8.4,9,6,1967.2,3737.6,3667.1,167.9,492.2,114.1
31,female,157.7,74.1,60.7,weight_loss,sedentary,vegetarian,6.3,2,3,1410.9,1693.1,1200.0,159.2,65.9,33.3
29,male,162.5,55.4,40.7,weight_loss,active,vegetarian,8.0,2,1,1430.0,2466.7,1967.1,120.4,248.5,54.6
18,male,192.8,49.1,49.1,maintenance,light,vegetarian,7.5,7,4,1611.6,2216.0,2162.8,80.8,308.5,67.3
30,male,173.1,62.5,63.5,endurance,very_active,vegetarian,7.7,1,2,1562.2,2968.1,3077.1,101.4,452.5,95.7
20,female,161.0,87.4,92.2,muscle_gain,sedentary,non_vegetarian,8.8,5,5,1619.4,1943.3,2298.7,198.3,232.6,63.9
41,female,166.5,77.4,82.6,muscle_gain,sedentary,non_vegetarian,5.7,8,5,1448.6,1738.3,1912.9,156.5,202.2,53.1
26,male,186.5,70.0,68.8,endurance,very_active,vegetarian,5.7,6,4,1740.3,3306.6,3692.0,123.4,541.1,114.9
44,male,172.2,71.0,65.6,weight_loss,active,vegetarian,8.0,10,6,1571.1,2710.1,2142.9,144.9,257.0,59.5
23,female,154.4,69.1,55.2,weight_loss,light,vegan,5.5,9,5,1380.3,1897.9,1336.8,152.1,98.6,37.1
36,male,181.0,54.7,54.7,maintenance,sedentary,vegetarian,7.4,5,3,1503.8,1804.6,1888.5,89.7,250.1,58.8
35,male,182.0,67.4,69.3,endurance,sedentary,non_vegetarian,7.3,8,4,1641.3,1969.5,2210.0,117.5,280.2,68.8
41,female,162.3,88.0,87.0,endurance,light,vegetarian,5.8,8,3,1528.7,2101.9,2305.0,161.6,253.3,71.7
41,male,178.3,86.2,84.9,endurance,sedentary,vegan,5.9,5,1,1776.6,2131.9,2215.0,154.5,244.2,68.9
33,male,170.1,66.2,70.7,muscle_gain,sedentary,vegan,7.6,7,6,1564.8,1877.7,2344.3,133.4,306.2,65.1
27,male,168.0,73.0,73.2,endurance,sedentary,keto,8.3,6,2,1649.6,1979.5,2094.4,130.9,26.2,162.9
44,female,158.1,70.4,79.7,muscle_gain,active,vegan,7.7,5,4,1310.8,2261.2,2717.4,140.8,368.7,75.5
24,male,180.3,63.6,63.7,endurance,very_active,vegan,6.8,7,5,1647.4,3130.0,3574.4,119.2,524.2,111.2
39,female,161.7,54.7,60.3,muscle_gain,sedentary,vegetarian,7.7,6,4,1201.6,1441.9,1785.8,119.1,215.8,49.6
26,female,176.7,49.3,49.3,maintenance,active,non_vegetarian,8.2,5,2,1306.1,2253.1,2262.2,84.3,322.8,70.4
29,male,175.1,76.5,75.1,endurance,sedentary,keto,6.9,6,4,1718.9,2062.7,2254.8,140.9,28.2,175.4
38,female,167.3,69.0,55.5,weight_loss,moderate,keto,7.2,1,1,1384.7,2146.2,1496.4,93.5,18.7,116.4
32,female,151.4,71.8,71.8,maintenance,sedentary,non_vegetarian,8.4,9,6,1342.9,1611.4,1682.7,115.0,187.8,52.4
20,female,161.2,56.8,65.3,muscle_gain,moderate,vegetarian,8.2,2,1,1314.4,2037.3,2475.8,122.3,341.9,68.8
30,male,189.8,83.8,84.5,endurance,active,vegetarian,8.3,2,4,1879.3,3241.9,3466.9,158.9,465.1,107.9
30,male,182.5,53.7,59.6,muscle_gain,sedentary,keto,6.2,2,1,1532.6,1839.1,2194.8,137.2,27.4,170.7
29,female,168.1,61.7,65.7,muscle_gain,light,non_vegetarian,6.1,3,3,1362.0,1872.7,2153.4,126.1,277.7,59.8
30,male,167.3,51.0,51.0,maintenance,active,vegan,7.3,6,5,1411.3,2434.5,2487.6,94.9,352.9,77.4
35,female,166.3,79.6,75.5,weight_loss,sedentary,vegan,7.4,8,5,1499.5,1799.4,1273.5,176.5,62.2,35.4
18,male,175.4,73.1,81.0,muscle_gain,moderate,vegetarian,6.7,1,3,1742.8,2701.4,2974.3,166.7,391.0,82.6
29,male,171.1,52.3,52.3,maintenance,active,non_vegetarian,7.8,10,2,1452.4,2505.4,2472.2,86.3,358.7,76.9
18,male,177.9,68.8,69.4,endurance,moderate,vegetarian,6.8,8,5,1714.7,2657.8,2953.1,129.4,402.1,91.9
46,male,181.4,56.3,54.4,endurance,very_active,non_vegetarian,5.6,2,1,1471.8,2796.5,3131.8,105.7,458.1,97.4
45,female,163.1,79.9,66.0,weight_loss,very_active,vegan,6.7,5,1,1432.3,2721.4,2184.6,176.9,232.7,60.7
18,female,157.7,84.8,94.3,muscle_gain,very_active,vegetarian,7.1,7,4,1582.0,3005.8,3205.7,176.3,424.9,89.0
29,female,163.2,57.8,62.0,muscle_gain,very_active,vegetarian,7.9,10,2,1292.7,2456.1,2768.8,126.7,392.5,76.9
30,male,171.5,58.1,58.1,endurance,light,vegan,7.7,1,6,1507.8,2073.2,2287.9,108.9,302.9,71.2
40,male,183.0,66.7,67.4,endurance,very_active,vegetarian,8.4,10,6,1615.1,3068.7,3146.0,108.7,457.5,97.9
27,female,174.0,71.7,71.7,maintenance,light,keto,7.6,1,3,1508.8,2074.6,2118.4,132.4,26.5,164.8
38,female,165.9,65.4,65.4,maintenance,moderate,keto,8.2,10,5,1340.6,2078.0,2119.3,132.5,26.5,164.8
24,female,153.1,72.7,67.5,weight_loss,very_active,vegan,5.5,7,5,1402.6,2665.0,2245.4,164.9,256.1,62.4
18,female,168.8,84.2,70.5,weight_loss,moderate,vegan,8.3,7,1,1645.4,2550.4,2050.2,181.5,203.0,56.9
21,female,163.9,57.4,50.4,weight_loss,sedentary,keto,7.1,4,4,1332.1,1598.5,1200.0,75.0,15.0,93.3
34,female,151.8,46.7,46.7,maintenance,active,vegetarian,6.6,8,4,1084.3,1870.4,1871.5,75.9,261.0,58.2
29,male,178.7,104.3,109.4,muscle_gain,active,vegetarian,5.7,6,2,2019.7,3484.0,3846.0,236.7,484.5,106.8
35,male,168.2,88.8,88.8,maintenance,light,keto,8.0,10,5,1768.7,2432.0,2393.6,149.6,29.9,186.2
30,male,175.1,92.5,91.7,endurance,moderate,vegan,7.2,3,3,1874.2,2905.0,2982.9,169.5,367.4,92.8
18,male,174.3,84.6,84.6,maintenance,light,non_vegetarian,8.7,3,2,1849.9,2543.6,2555.3,154.2,305.8,79.5
42,female,166.1,57.2,53.2,weight_loss,sedentary,vegan,6.6,6,3,1239.2,1487.1,1200.0,126.6,98.5,33.3
27,male,184.2,72.5,71.8,endurance,very_active,vegetarian,7.1,10,1,1746.5,3318.4,3521.4,123.4,510.4,109.6
34,female,155.9,71.5,74.6,muscle_gain,active,keto,6.5,6,4,1358.1,2342.8,2825.0,176.6,35.3,219.7
28,male,167.0,77.1,84.7,muscle_gain,light,non_vegetarian,6.7,10,3,1679.2,2308.9,2481.5,168.6,296.8,68.9
33,female,166.2,84.1,89.4,muscle_gain,light,vegetarian,8.3,9,4,1553.6,2136.2,2471.7,181.8,281.5,68.7
34,male,169.1,73.0,59.1,weight_loss,moderate,vegetarian,7.0,3,6,1622.0,2514.2,1922.0,149.1,211.2,53.4
28,male,173.6,82.2,82.1,endurance,light,vegetarian,7.6,3,1,1771.6,2436.0,2586.7,155.0,310.5,80.5
30,female,160.7,60.0,50.5,weight_loss,active,keto,8.2,2,3,1293.4,2231.1,1735.3,108.5,21.7,135.0
30,male,182.1,76.3,83.5,muscle_gain,active,keto,7.2,1,4,1756.2,3029.4,3343.9,209.0,41.8,260.1
28,male,170.3,73.0,82.8,muscle_gain,moderate,vegetarian,6.3,3,5,1658.9,2571.3,3099.3,148.7,432.4,86.1
20,male,173.8,72.6,72.6,maintenance,very_active,vegan,6.0,7,1,1716.8,3262.0,3237.8,116.3,466.6,100.7
26,male,178.2,54.1,43.4,weight_loss,very_active,non_vegetarian,7.7,8,5,1529.5,2906.1,2481.0,111.6,353.6,68.9
36,female,154.3,40.0,37.0,weight_loss,very_active,vegetarian,6.1,10,6,991.1,1883.1,1342.5,87.8,163.9,37.3
27,female,181.1,70.5,69.1,endurance,sedentary,keto,8.4,7,6,1540.8,1849.0,1937.9,121.1,24.2,150.7
23,female,162.6,67.0,66.4,endurance,sedentary,vegan,5.5,8,5,1410.9,1693.0,1818.4,119.3,207.9,56.6
28,male,170.3,62.5,71.1,muscle_gain,sedentary,vegan,8.3,4,2,1554.6,1865.5,2232.8,131.5,287.2,62.0
37,male,182.7,86.0,77.4,weight_loss,active,keto,8.2,2,3,1822.5,3143.8,2604.3,162.8,32.6,202.6
37,female,165.2,65.6,66.5,endurance,moderate,keto,8.4,8,1,1342.3,2080.6,2238.8,139.9,28.0,174.1
25,male,176.6,112.2,112.2,maintenance,moderate,non_vegetarian,7.9,2,1,2105.3,3263.2,3292.7,202.3,390.5,102.4
23,female,157.2,58.1,58.9,endurance,active,keto,6.7,6,2,1287.3,2220.6,2578.7,161.2,32.2,200.6
26,female,169.3,59.5,57.6,endurance,sedentary,non_vegetarian,7.4,6,4,1362.3,1634.8,1849.2,105.5,227.4,57.5
37,male,171.4,69.0,67.6,endurance,sedentary,vegetarian,7.9,7,4,1581.6,1898.0,2202.4,115.5,281.0,68.5
39,female,168.5,73.4,62.8,weight_loss,active,keto,6.2,4,2,1431.8,2469.9,1997.0,124.8,25.0,155.3
50,male,176.4,86.1,92.9,muscle_gain,active,vegetarian,5.8,3,4,1718.0,2963.6,3169.3,187.3,407.0,88.0
21,female,154.6,79.3,79.3,maintenance,active,non_vegetarian,5.8,5,2,1493.1,2575.6,2378.4,148.6,279.5,74.0
25,female,142.0,54.0,57.2,muscle_gain,sedentary,vegetarian,7.1,6,2,1142.0,1370.4,1695.1,120.1,197.7,47.1
43,male,179.2,66.3,70.3,muscle_gain,sedentary,non_vegetarian,7.6,9,4,1573.2,1887.8,2309.4,141.3,291.6,64.2
30,female,163.3,49.6,57.9,muscle_gain,light,keto,7.4,5,1,1205.1,1657.0,1947.4,121.7,24.3,151.5
21,female,163.3,64.9,70.3,muscle_gain,active,keto,5.8,6,2,1404.1,2422.1,2900.5,181.3,36.3,225.6
33,male,154.3,81.7,69.4,weight_loss,sedentary,vegetarian,5.6,7,3,1621.4,1945.7,1382.8,179.8,79.5,38.4
20,male,169.5,68.7,67.4,endurance,active,vegan,8.3,4,3,1651.5,2848.9,2923.1,119.1,407.1,90.9
32,male,164.7,83.0,93.0,muscle_gain,active,non_vegetarian,6.7,4,4,1704.4,2940.1,3510.9,173.9,484.5,97.5
18,female,161.0,40.0,40.5,endurance,moderate,keto,8.9,5,5,1092.5,1693.4,1876.3,117.3,23.5,145.9
36,female,168.0,64.9,64.9,maintenance,very_active,keto,6.1,5,5,1358.6,2581.3,2650.1,165.6,33.1,206.1
55,female,175.0,57.7,57.7,maintenance,sedentary,vegetarian,7.7,6,1,1235.0,1482.0,1417.4,97.6,157.5,44.1
25,female,156.4,69.4,74.7,muscle_gain,very_active,keto,7.4,6,1,1385.5,2632.4,2876.7,179.8,36.0,223.7
29,male,182.7,76.6,64.6,weight_loss,active,non_vegetarian,8.0,3,5,1767.8,3049.5,2477.1,173.3,291.2,68.8
